Date,Close,High,Low,Open,Volume
2018-01-02,85.09150695800781,85.14668416678578,84.19290326427262,84.83926743018503,13578800
2018-01-03,85.17822265625,85.5171701165871,84.72104260475541,85.02057519212984,11901000
2018-01-04,86.3984603881836,87.18289078527742,85.73287850186624,85.85965830695291,12953700
2018-01-05,85.84378814697266,86.80254357906327,85.40007102118639,86.57275976886896,14155000
2018-01-08,85.97056579589844,86.11319001782836,85.33667902172273,85.69324259914367,12466500
2018-01-09,86.40637969970703,86.86594134858191,85.96265645758888,86.14490090357921,13292300
2018-01-10,87.35720825195312,87.71376586755707,86.67578192619087,86.73917182746962,15834500
2018-01-11,87.82469940185547,87.89601455552705,87.19874374346124,87.69000038904628,13676800
2018-01-12,89.27471160888672,89.41733587084849,87.82469928647441,88.46651148789937,18884200
2018-01-16,88.95775604248047,89.87689139357859,88.00693178875905,88.35557016954705,22703300
2018-01-17,89.52824401855469,89.77387832815698,88.19708656996026,88.65665419934,14940300
2018-01-18,89.74217987060547,90.10666265182073,88.95774362334535,89.34600214599858,14572900
2018-01-19,89.5440902709961,90.59791841542702,89.37769635345437,90.28098107450504,18785500
2018-01-22,90.59001159667969,90.63755099527789,89.13999948750329,89.26677927735598,12475700
2018-01-23,90.49490356445312,90.83561660588119,89.81347748159698,90.06703095113474,12320800
2018-01-24,91.6517562866211,91.91323504405815,90.8514816098968,91.00995028672332,15904500
2018-01-25,91.67552947998047,92.04793753443764,91.18427293596696,91.94493349509123,13510000
2018-01-26,92.16681671142578,92.16681671142578,91.08921245325385,91.67555399087276,13883900
2018-01-29,92.07171630859375,92.982926437905,91.92909206187379,91.92909206187379,11679900
2018-01-30,91.20806121826172,92.38866946822422,91.1050571579274,91.5408491472132,14279100
2018-01-31,91.6517562866211,92.43619255893228,91.24765934715566,91.63591183701544,13141400
2018-02-01,92.60260772705078,92.69768653688165,91.50123384842118,91.73101166897506,13800600
2018-02-02,90.55037689208984,92.64219472794075,90.39982742706071,92.30148165379576,16477300
2018-02-05,86.20830535888672,90.79603969010168,82.38915100350057,89.53619698815635,30097600
2018-02-06,88.83097076416016,89.12414445950712,84.4730157508429,84.66317936786106,33114800
2018-02-07,89.43317413330078,90.68509132235178,88.07032160439633,88.38726503707997,21878300
2018-02-08,85.47932434082031,89.62334700148774,85.44762938976966,89.62334700148774,27425800
2018-02-09,87.19078826904297,87.99106890952527,84.17191615278472,86.44597226432526,28188000
2018-02-12,88.5378189086914,89.32225535712622,87.2145864199975,88.08617642862009,18043300
2018-02-13,89.08455657958984,89.57581931735972,87.79301889256197,88.20504121974072,16358200
2018-02-14,91.1446533203125,91.3348169500006,89.16376454591574,89.24299888785306,15186900
2018-02-15,91.52499389648438,91.90532118607734,90.50285448226418,91.70723229289963,12130200
2018-02-16,90.86734008789062,91.96871388388847,90.72471583865095,90.76433603657053,13214300
2018-02-20,90.89110565185547,91.42990767499481,90.30476422953105,90.84356625267039,13461500
2018-02-21,91.27144622802734,93.06216558504133,90.85941791839687,91.12089672506309,14212500
2018-02-22,91.10503387451172,92.25394687877959,90.93071470526999,91.51705605574382,17070400
2018-02-23,92.95121765136719,93.0146075394043,91.3665067215943,91.3665067215943,12162500
2018-02-26,94.10807800292969,94.2110881064767,92.95916472713604,93.60889611910372,16511200
2018-02-27,92.99085235595703,94.55179383263338,92.98292710741738,94.2190059362884,17563300
2018-02-28,91.51707458496094,93.88621620840225,91.39029478341003,93.35533939109354,17735600
2018-03-01,89.87688446044922,92.42034488588423,89.25884813868649,91.50121565088119,18690000
2018-03-02,89.78972625732422,89.97988988729459,88.04654655134478,89.05283539034714,18353700
2018-03-05,91.16842651367188,91.85777800986033,88.65666090228473,88.78344069039926,13933000
2018-03-06,91.24767303466797,91.77062458279437,90.58209119273305,91.62800033417928,10674400
2018-03-07,90.90697479248047,91.20014254117183,89.62335634448726,90.13046352377471,13006500
2018-03-08,90.91487884521484,91.3031374374574,89.70257575786204,91.20805259024002,11173700
2018-03-09,93.5296630859375,93.56135803784689,91.65177799036559,92.34905484198417,15366600
2018-03-12,93.22855377197266,94.09221839066598,92.90368510573124,93.49795174819862,12339300
2018-03-13,92.11133575439453,93.87036610119326,91.77854786316054,93.6564267102619,13312300
2018-03-14,91.08126831054688,92.38073093258556,90.80394507630565,92.35696123324962,12905100
2018-03-15,91.31105041503906,91.91324231597015,90.9861877882847,91.81023827240277,8748000
2018-03-16,91.46952056884766,92.38864980247746,91.39028018294091,91.39028018294091,19888900
2018-03-19,90.74850463867188,91.47747049034353,89.7739104347444,91.20014718212005,13214900
2018-03-20,90.83563232421875,91.47743833265964,90.6850828475948,91.01787674566842,9921200
2018-03-21,90.91487884521484,92.41243042902636,90.49493134909325,90.9703434947933,13633000
2018-03-22,87.1195068359375,90.01160635127154,86.79464414229302,89.69466286209075,22550400
2018-03-23,84.78998565673828,87.8880933187654,84.59189673055361,87.37306090164643,23081500
2018-03-26,87.40474700927734,88.07825412629693,86.08943981603063,86.51731257870907,20217500
2018-03-27,85.70911407470703,88.4982095063313,85.0197684890022,88.00694679917626,18039900
2018-03-28,85.57440185546875,86.50145642472329,84.50472304131405,85.79626044860386,19189300
2018-03-29,87.13536834716797,87.77717461110285,85.40010720963144,85.97060435321579,13274600
2018-04-02,85.45553588867188,87.73752350206799,84.05306937226591,87.12740640730043,18822500
2018-04-03,86.62824249267578,86.76294149895095,84.9880665801198,85.85965656422121,14050700
2018-04-04,87.94351959228516,88.11783873847507,84.79786785019904,84.86125772975748,15302600
2018-04-05,89.09829711914062,89.8548558624439,88.70807566467461,88.89920367235288,16627000
2018-04-06,86.87640380859375,88.83548845265058,85.86501188538884,88.03911475455725,18906000
2018-04-09,87.91966247558594,89.97430819150605,87.51351016526465,87.60907720176655,15974300
2018-04-10,89.60000610351562,89.88670111971261,88.73195561673889,89.29738021094708,13951400
2018-04-11,88.09484100341797,89.04252136100415,88.01519879070926,88.92307019363665,14503300
2018-04-12,90.28486633300781,91.09716463368986,88.79564569326847,88.84342615923575,16435500
2018-04-13,87.83999633789062,91.70240645954458,86.84452949850314,91.59887401970595,39152800
2018-04-16,87.7683334350586,88.7717658689596,87.43385798237438,88.3496888344988,16580500
2018-04-17,87.7683334350586,89.13013155742865,87.59313027150542,88.69212972439409,15501400
2018-04-18,87.05955505371094,88.45320874717328,86.71711418885485,88.02316630694601,16081400
2018-04-19,88.97085571289062,89.09031296288941,87.20290542528343,87.22679566011357,17911000
2018-04-20,88.77177429199219,89.78316618322094,88.30191066553077,89.43276589871554,15584400
2018-04-23,88.34172058105469,89.15401895108528,88.10280607912607,88.85139918104412,11285800
2018-04-24,87.9276123046875,89.91058087223736,87.27458011829646,88.99475001485662,16453100
2018-04-25,87.5931396484375,88.02318216614584,86.48618071568508,87.81612330743093,13548200
2018-04-26,87.6807632446289,88.25415341214243,87.07551739271457,87.57723682721418,10299500
2018-04-27,87.12328338623047,87.72852909523793,86.90825908625784,87.24274065556537,9384000
2018-04-30,86.6295394897461,87.84003104723266,86.60564924829632,87.40202303448756,13744900
2018-05-01,86.6295394897461,86.78085245339436,85.64203769610691,86.36673468209904,10503400
2018-05-02,85.94465637207031,87.19496295625585,85.79334948634131,86.09596933364905,12162100
2018-05-03,85.40311431884766,85.82519140984724,83.76258643281936,85.68184390008801,15379100
2018-05-04,86.35079193115234,86.59766580928527,84.39967899087578,84.75804468983318,11967900
2018-05-07,87.09940338134766,87.34627731135708,86.29506415422526,86.61361488459698,9356700
2018-05-08,88.3895034790039,88.66823302167805,87.02770536264023,87.2267987611001,12543200
2018-05-09,90.3167495727539,90.49991213210659,88.42137616615976,88.74789231887033,11368100
2018-05-10,91.01753997802734,91.13699723385972,89.79112389812191,90.1415302283373,9159700
2018-05-11,90.67510986328125,91.36795716878626,90.52379691618438,91.17682310639576,10253000
2018-05-14,90.70696258544922,91.34405787844928,90.57953988133984,90.87420032770606,8710700
2018-05-15,90.01409912109375,90.71491171601558,89.64776802640635,90.71491171601558,11536200
2018-05-16,90.260986328125,90.53972196554291,89.69556176727082,89.90262061694307,7571100
2018-05-17,89.95838165283203,90.31675350011129,89.35313587749468,90.14950965920444,8617200
2018-05-18,88.5009994506836,89.83094803247361,88.27005036852663,89.79112692057294,11806300
2018-05-21,89.31330871582031,89.62389396247869,89.13014009750563,89.2336725636244,9441900
2018-05-22,89.9981918334961,91.01754917805161,89.42480180822135,89.47258228504457,11507600
2018-05-23,89.58405303955078,89.80703664673263,88.49302523643284,89.5999839119767,11453900
2018-05-24,88.58064270019531,89.31330499120205,87.69666747323222,89.30533955355996,14084800
2018-05-25,88.12672424316406,88.46119976812693,87.76038696247176,87.9674458437653,8283500
2018-05-29,84.35986328125,86.9640025141822,83.58737984761063,86.94807771412266,30643800
2018-05-30,86.28707885742188,86.4861722586046,84.93324615971873,85.72165432716476,17490800
2018-05-31,85.2199478149414,86.15966898512394,84.75008419192568,85.96853493041472,19808200
2018-06-01,86.32691192626953,86.75695446149685,85.84908891241116,86.2791253717892,13594200
2018-06-04,86.3667221069336,87.01178891140336,86.22337460325686,86.79676461796379,9415400
2018-06-05,85.88091278076172,86.25520928681486,85.26770787729093,86.19946338649933,10415200
2018-06-06,87.88777923583984,88.1903989760892,86.39059925524381,86.53394672711931,15453600
2018-06-07,88.23818969726562,88.79564873882944,87.62497867569756,88.54080945185058,13444400
2018-06-08,88.48509979248047,88.5089900360693,87.64890481176923,88.09487830354539,10383200
2018-06-11,88.2620849609375,89.12216988194855,88.21429841476031,88.49303402727463,12642900
2018-06-12,87.7524185180664,88.81955634227856,87.21884353011127,88.50897109040493,15294100
2018-06-13,87.57720947265625,88.75583904809108,87.26662424157216,87.96743085194291,14979700
2018-06-14,86.03224182128906,87.887793827569,85.83314841484311,87.82408247930263,20487300
2018-06-15,85.92871856689453,86.31097451871787,84.63062562104534,85.84908241658539,26028600
2018-06-18,86.15168762207031,86.32689076857633,84.96509277870827,85.41902544199763,9786800
2018-06-19,85.64998626708984,85.91278494713089,84.89342767369678,85.13234219284166,12707200
2018-06-20,85.64202117919922,86.51803095989249,85.56238503110868,86.15169981799707,8876900
2018-06-21,85.61812591552734,86.17558499528013,84.83767712802513,85.29160982892336,11048700
2018-06-22,84.21652221679688,86.3030235833746,84.02539422222354,86.13578582864176,19478900
2018-06-25,83.45198822021484,84.17668501894642,82.79099669027137,84.14483542247649,16907600
2018-06-26,83.50775146484375,83.78648106068445,82.11409740979076,83.38829418781216,17086800
2018-06-27,82.2176284790039,84.35191048185045,82.20966911570603,83.36440868227962,16276800
2018-06-28,83.5634994506836,83.985576574231,82.4326501619623,82.56803224388324,14491300
2018-06-29,82.98213958740234,85.13235228711447,82.942324546723,84.95714909574725,18972400
2018-07-02,83.68294525146484,83.69090461341567,82.32910639041935,82.59987659296797,11130000
2018-07-03,82.51227569580078,84.24040508602017,82.44059890670127,83.94575071930237,8311700
2018-07-05,83.04874420166016,83.57720391097324,82.89660899178426,83.37702857539611,10723400
2018-07-06,83.32098388671875,83.67329444976565,81.83167882694181,82.5683287413914,12173700
2018-07-09,85.89924621582031,86.04337271385492,83.8414438381893,83.8414438381893,13900800
2018-07-10,85.37079620361328,86.7960438974369,85.29872989193929,86.49177341749636,14575900
2018-07-11,85.1866226196289,85.72309109882076,85.04249612130768,85.12256504062681,10186500
2018-07-12,85.55493927001953,86.12343650372365,84.8503242709637,86.01133880180265,12456800
2018-07-13,85.1625747680664,86.31558637843418,84.18571838804537,85.91523580359703,21289100
2018-07-16,88.54157257080078,88.69370170045583,85.65904841749001,85.71509727765083,24662600
2018-07-17,88.4775161743164,88.8218180653223,87.87699004643643,88.62965141488367,14821900
2018-07-18,89.3022232055664,89.77464019252372,88.23728891272478,88.4134441923066,14244900
2018-07-19,87.98907470703125,88.94991392546369,87.86096566204475,88.9258938613329,16775300
2018-07-20,89.10205078125,89.47037269204819,87.90099868169929,88.0771539670521,13578100
2018-07-23,90.75948333740234,91.47210694448194,88.82178782396939,88.92587678483682,18140000
2018-07-24,91.40005493164062,91.90449455318658,90.81554029272591,90.91963537175883,14000400
2018-07-25,92.22477722167969,92.49701273509409,90.78351241870288,91.18386307410019,13329100
2018-07-26,91.96055603027344,92.55307336521092,91.74436933673779,92.41695559117488,11897800
2018-07-27,92.9053726196289,93.12156539568495,91.92851603772529,92.22477772352325,12802700
2018-07-30,93.46588134765625,94.17049641241151,92.9294067425936,93.1055620359992,13411600
2018-07-31,92.04061126708984,93.74610893234181,91.93652229810083,93.74610893234181,15843800
2018-08-01,92.60913848876953,93.43386005694303,92.30486800887572,92.68119869156482,13531600
2018-08-02,93.00146484375,93.08153375854317,91.54418860259457,91.7363552198715,11058100
2018-08-03,93.75411987304688,93.78614866070318,92.83331819061162,92.88135831766274,11016100
2018-08-06,93.77813720703125,94.1064215590515,93.0254760402118,93.51390431542025,9857400
2018-08-07,94.12244415283203,94.71496142886473,93.94628888212509,94.27457325209735,10562100
2018-08-08,94.31461334228516,94.69894657173525,93.90625394073619,93.9462914520344,8997100
2018-08-09,93.58597564697266,94.25856798674883,93.44184915336824,94.09042142902148,9694200
2018-08-10,92.66516876220703,92.84131792555183,91.8244299116958,92.48100476611354,12630600
2018-08-13,91.1918716430664,92.78526553836342,91.13582279576046,92.52904136369824,10336300
2018-08-14,91.80039978027344,92.11267277990099,90.99969852812778,91.496129394784,10597600
2018-08-15,91.03974151611328,91.5441872788625,90.45523294859524,91.13582787779563,10152100
2018-08-16,91.89649200439453,92.32887147000046,91.52016749825962,91.56019890076765,10118600
2018-08-17,91.89649200439453,92.1367048549089,91.52016749825962,91.79240302723379,8505100
2018-08-20,91.7763900756836,92.12069189731004,91.36803068052981,91.75236390396101,8618700
2018-08-21,92.33688354492188,93.1936337831767,91.98457298041332,92.3769210577494,10976700
2018-08-22,92.056640625,92.4089511946494,91.9045054046756,92.32887616782591,8314700
2018-08-23,91.86445617675781,92.2007492322488,91.6242433606267,92.0486140414414,9265400
2018-08-24,91.82445526123047,92.25683483724121,91.6402912142957,92.06466817308137,8845700
2018-08-27,93.4498291015625,93.90622850595896,92.21674861573267,92.25678611618662,13768000
2018-08-28,92.99343872070312,93.70606231410493,92.85732098013547,93.68204225504775,8302600
2018-08-29,92.68917846679688,93.17760671830288,92.36889674482913,93.16158927232833,7221700
2018-08-30,92.2327880859375,92.91338299413589,92.064641539832,92.5530637305958,8991800
2018-08-31,91.7443618774414,91.95253982944104,91.13582714276086,91.94453721434861,13065700
2018-09-04,92.20075225830078,92.27281244018575,90.98368290962837,91.5521800770068,10174200
2018-09-05,91.75238800048828,92.64116721278047,91.48015240480068,92.08067856938362,11462400
2018-09-06,91.36002349853516,91.84044309036557,90.87960390670474,91.68030526271095,9877600
2018-09-07,91.53617858886719,91.89649175479354,90.98369269950467,91.68030507701103,10955600
2018-09-10,91.04774475097656,92.05663010678397,91.00771335100559,91.96054375089454,8276900
2018-09-11,91.62428283691406,91.74438929672743,90.62340585324982,90.91165891325458,9333800
2018-09-12,90.54331970214844,91.98457861929045,90.3591556842656,91.48013891462082,10800800
2018-09-13,90.89562225341797,91.38405060694592,90.21502727011631,90.77552192785129,12470800
2018-09-14,90.87960815429688,91.6723008233098,90.6634214659722,91.12782363142277,10337900
2018-09-17,91.15182495117188,91.62424185275758,90.7194516634366,91.11179355505261,9561300
2018-09-18,91.52017211914062,91.80842511076523,90.92764868698623,91.54419218363152,7944200
2018-09-19,94.17847442626953,94.53077878932942,91.63224444477746,91.63224444477746,16052800
2018-09-20,94.98719024658203,95.47561851403128,94.546808209759,94.88310127981279,15590000
2018-09-21,94.3626708984375,95.46764288215516,94.27459324440586,95.3875678447681,24788200
2018-09-24,93.4578628540039,94.85108149706188,93.22565872868316,94.29059299378181,12492500
2018-09-25,93.19364929199219,94.45875915792722,93.13760043002634,93.71410650102801,9308300
2018-09-26,92.0966796875,93.57798228277068,91.80843278066142,93.4818959079129,14023600
2018-09-27,91.6963119506836,92.6891859801522,91.40806509729975,92.4169443563088,13283000
2018-09-28,90.35113525390625,91.47211833903141,90.0949110723519,90.99970748601754,15815100
2018-10-01,90.87960815429688,91.76838718971344,90.51128624638312,90.77551917234304,10146300
2018-10-02,91.25592041015625,91.37602681675793,90.32710404855992,90.76749216981086,13753100
2018-10-03,92.11268615722656,92.60912320484502,91.66429534574321,92.03261724215692,17142000
2018-10-04,92.94316101074219,94.18487661078474,92.08847612631006,92.36262416479337,16357400
2018-10-05,92.41908264160156,93.61241577870733,91.93529261946314,93.39471519006158,13777600
2018-10-08,92.98350524902344,93.35440645782329,91.39507636131461,92.12075531403009,14370900
2018-10-09,92.33843994140625,92.74965896870926,91.65307899699803,92.45938743786539,14069500
2018-10-10,89.87920379638672,92.68515375405073,89.87920379638672,92.48357664179603,23086400
2018-10-11,87.18614196777344,89.87921574435161,86.58141055062025,89.47606146624949,33705600
2018-10-12,86.23469543457031,89.36317649021639,85.14618014167782,88.99227530198281,32075700
2018-10-15,85.74282836914062,87.76666408274316,85.72670490860416,86.43625405345632,18903200
2018-10-16,87.58123016357422,87.71023632277263,86.05730761369173,86.40402050952797,19302800
2018-10-17,88.55684661865234,89.33896669412906,87.26675450264952,87.38769583255255,18794500
2018-10-18,87.15386199951172,88.5649015375497,86.9280966576887,87.90372897150624,17582500
2018-10-19,87.0087661743164,88.06502849844263,86.49272299778018,86.79912421056542,15234500
2018-10-22,85.75896453857422,87.35545177447241,85.55738743241014,87.20225735690637,16199100
2018-10-23,84.86397552490234,85.5977192637035,83.61419480235699,84.01734908038503,21407500
2018-10-24,83.28360748291016,84.68658258042997,82.97721246095514,84.46888198750194,23168900
2018-10-25,84.54951477050781,85.38807639798162,83.6303235186251,84.00122471222286,17464700
2018-10-26,83.388427734375,84.30761897788709,82.83207902486777,83.8560881639923,19174900
2018-10-29,84.54143524169922,85.9766632218634,83.6141793433413,84.22697545510796,18445200
2018-10-30,86.0331039428711,86.25887546257697,84.54949943753043,85.23486034818552,18019700
2018-10-31,87.90373992919922,89.08095561827004,86.91198403232819,87.14581420883432,20860000
2018-11-01,87.8714828491211,88.87130343696143,87.33931640859115,88.38751967843508,13065000
2018-11-02,87.3877182006836,89.34704821800909,86.67010408523458,88.61331063832746,19009200
2018-11-05,87.9601821899414,88.12144756420412,87.41995702736261,87.57315759500094,10276400
2018-11-06,88.37139892578125,88.4278402674064,86.88779443069448,87.62153187182145,10825000
2018-11-07,89.88728332519531,90.08886047046458,88.16984211044755,88.99228030806808,12679600
2018-11-08,90.6129379272461,91.05641001842565,89.50023452343879,89.50829933009071,11662500
2018-11-09,89.73407745361328,90.59682733860589,89.36317626630903,90.4920094438175,10432200
2018-11-12,87.84730529785156,90.25817205101924,87.56509856383482,89.83888820192685,13279700
2018-11-13,88.36333465576172,89.5969916758771,87.96824526198732,87.96824526198732,13746100
2018-11-14,86.54109954833984,89.26642027684957,85.45258421855424,88.87939561150836,18361400
2018-11-15,88.75038146972656,88.75844627765268,86.12181388560053,87.27483535319433,19100000
2018-11-16,88.68586730957031,89.30672827930916,87.52478729043334,88.2504599955269,13798600
2018-11-19,89.3631591796875,89.66148934306091,88.31495582564081,88.66166867490442,13987000
2018-11-20,87.44415283203125,89.08902288140517,87.06519301105423,88.51654459463437,18936200
2018-11-21,86.79104614257812,88.37947486625409,86.79104614257812,87.91181446150414,10619600
2018-11-23,85.99280548095703,86.5894720674082,85.51708025202271,86.06537029546713,6488400
2018-11-26,88.0972671508789,88.67781024669685,86.63784460399059,86.8555513407451,13948300
2018-11-27,88.46819305419922,88.71814678692692,87.5893133573821,87.69413742722064,9238200
2018-11-28,89.45185852050781,89.82275965732312,87.78280032901635,88.53266740934701,13977300
2018-11-29,88.74232482910156,89.33899763762787,88.40367668478981,88.91164890125744,11144300
2018-11-30,89.6534423828125,89.75826027123168,88.35528523030672,88.57298581445288,18652700
2018-12-03,90.50006103515625,91.02416277147653,90.09690679977842,90.61294372893042,16034500
2018-12-04,86.46045684814453,89.98402079879101,86.05730262758395,89.98402079879101,23555900
2018-12-06,84.81559753417969,84.95266850997746,82.95302061832291,84.67046175049794,27213900
2018-12-07,83.28360748291016,86.25888788001643,82.97721246095514,84.79140662472321,19248600
2018-12-10,81.72744750976562,83.44488276703105,80.05032399512372,82.94497532730006,23636400
2018-12-11,80.92918395996094,83.58193958450155,80.80017165099636,83.15459092479051,16860700
2018-12-12,81.45327758789062,82.96914142351694,80.67922220766765,81.9693206596846,22621500
2018-12-13,81.53390502929688,82.21926591716908,81.17106256985063,81.88061787633501,17250900
2018-12-14,80.86466979980469,82.19507988397405,80.51795694334412,80.62277482026667,19879500
2018-12-17,79.83260345458984,81.08237789394093,79.37300787207961,80.4453934635065,25113500
2018-12-18,79.45364379882812,81.34846762626718,79.11499569043053,80.16319309522966,20837200
2018-12-19,78.44576263427734,81.09851860567566,77.88940774450174,79.3488304601724,28767900
2018-12-20,77.76846313476562,79.24400937051409,77.15567301908308,77.89747546542291,31825200
2018-12-21,75.93006134033203,79.36493688247252,75.54303674923294,77.95389716781528,41313900
2018-12-24,74.29325103759766,75.9703738856207,74.29325103759766,74.89798230140596,17009300
2018-12-26,77.37334442138672,77.37334442138672,73.4627503617616,74.73671896354327,22542900
2018-12-27,78.24418640136719,78.33288083850043,75.43017114150683,76.45418034525467,20304700
2018-12-28,78.07485961914062,79.27625765535667,77.76039977175284,78.977921272502,17963300
2018-12-31,78.71182250976562,79.67132525300734,78.02645549819297,78.68762809213992,13237200
2019-01-02,80.07449340820312,80.45345937914512,77.35723775992166,77.36529641555983,15670900
2019-01-03,78.93648529052734,80.38336868642907,78.59508709181839,80.18015458696867,16286400
2019-01-04,81.8465347290039,82.04161858058421,79.88754730577243,80.56221978609227,16935200
2019-01-07,81.90342712402344,82.48055452617064,81.04992527203484,81.63518297607236,15430700
2019-01-08,81.74900817871094,82.76507917934202,80.91989697090226,82.61063440273243,13578800
2019-01-09,81.61080932617188,82.49682010252518,81.22876570642168,81.94407732957677,14230300
2019-01-10,81.60264587402344,81.8790202490291,80.69224455852456,81.30188680155288,14376100
2019-01-11,81.21248626708984,81.42382446688954,80.43213866216006,81.19622566611928,15439900
2019-01-14,82.0497055053711,82.3911036155481,80.19639439115247,80.36709344624097,21258500
2019-01-15,82.65125274658203,83.29341015357763,80.14765312979999,80.3833822691986,26504900
2019-01-16,83.31781005859375,84.09002142727557,82.74881286078656,83.11459588771913,18533000
2019-01-17,83.65918731689453,84.13064556302368,82.84633083802473,83.00077555352289,14247600
2019-01-18,85.01666259765625,85.26865234231192,83.58603955147117,84.3501204824827,16428700
2019-01-22,83.67546081542969,84.20381264684241,83.01704274897989,83.789260243882,17083700
2019-01-23,83.46409606933594,84.29320687527935,82.8869687649004,84.08186867473826,12146700
2019-01-24,83.51287078857422,83.79736930865624,82.86258934290139,83.01702785288727,11296800
2019-01-25,84.04122924804688,84.78905570593017,83.5128713065588,84.138774256224,14369400
2019-01-28,84.43953704833984,84.73216590547246,83.39095134388191,83.63481079202688,12283100
2019-01-29,84.67526245117188,85.43934956675123,84.31760979840114,84.4395333154803,9743300
2019-01-30,84.87036895751953,85.54503528887474,84.35826527996034,84.65089418096436,12526300
2019-01-31,84.1306381225586,84.37449752529385,83.50474141788801,84.05748402269934,17520600
2019-02-01,84.43953704833984,85.2280089021914,84.14690819120725,84.5370820679185,13000800
2019-02-04,84.74028015136719,84.74028015136719,83.73233994644701,84.3663669495678,9871500
2019-02-05,84.36639404296875,84.9841668450993,83.95996571028364,84.95977593579067,12763000
2019-02-06,84.32573699951172,85.0410547345649,84.10626845909525,84.30135229519915,8745000
2019-02-07,83.22025299072266,84.13065457717853,82.4561720358077,83.92744043568777,13177500
2019-02-08,82.39114379882812,83.1877397777518,81.33442775964772,82.97640153119859,12892600
2019-02-11,82.00099182128906,82.91952397509903,81.91157707708446,82.71630977492588,10978500
2019-02-12,83.3990707397461,83.65918455633717,82.82194340298473,82.87071280559475,12852300
2019-02-13,83.79736328125,84.41513588156604,83.64292478237262,83.64292478237262,10754100
2019-02-14,83.25276184082031,83.80550451286275,82.38300562762444,83.29340714675403,11518500
2019-02-15,85.79700469970703,85.9189282114978,84.2607064351149,84.45579025558297,14716900
2019-02-19,85.4962387084961,85.65068341317885,84.38262317785126,85.2767702032753,12764900
2019-02-20,85.91079711914062,86.00021182157792,85.25237920104765,85.52062330835952,10030300
2019-02-21,85.73197937011719,86.15466203779452,85.31742080260061,85.7157187665893,8400100
2019-02-22,85.34992980957031,86.23594038987177,85.17110039295096,85.91892686099303,10647300
2019-02-25,86.24407196044922,87.19511256108339,85.91080402588292,85.95957343055046,11230700
2019-02-26,85.58564758300781,85.73196197705904,84.4882927284246,84.94349030920533,15465400
2019-02-27,85.47999572753906,85.65881895490949,84.95163774237248,85.49625012944432,9968800
2019-02-28,84.8297119140625,85.52063875639077,84.68339748379036,85.35806992346768,15156900
2019-03-01,84.88658142089844,86.08961144191166,84.69962174811889,85.43119363916739,13813300
2019-03-04,84.69154357910156,86.09778223077,83.94371068403139,85.28492551136709,12466300
2019-03-05,84.62648010253906,84.98413890221669,83.9355534044727,84.64273450179616,10856600
2019-03-06,84.30946350097656,85.00039017361811,84.17127940676863,84.42326289639507,9070800
2019-03-07,83.6998291015625,84.10625732390544,83.04141736587974,83.92742791381815,12705700
2019-03-08,83.73233795166016,83.91116734860871,82.90322096609903,82.90322096609903,10582400
2019-03-11,84.82157135009766,84.98414636495562,84.2607046032451,84.52081842541514,9763200
2019-03-12,84.56961059570312,85.17925311193375,84.33388141190143,85.01667805330962,10219100
2019-03-13,84.85408782958984,85.33367637976264,84.4964289922815,84.69151901350577,13022200
2019-03-14,85.62629699707031,86.0571161326187,84.91098554085879,84.9435005436324,10926500
2019-03-15,86.60987091064453,86.81308505524801,85.5369004752023,85.68321490738094,24811700
2019-03-18,87.1301040649414,87.61781680212091,86.5692310063028,86.60987631840273,12935500
2019-03-19,86.81309509277344,88.11366452828976,86.60988092467387,87.95108947284757,12889300
2019-03-20,84.9597396850586,86.69112761257303,84.87033119549267,86.51229823023806,14920700
2019-03-21,83.61853790283203,84.12250488856088,83.13894941460391,84.12250488856088,19751000
2019-03-22,81.09056854248047,83.1714792586836,80.8954785116341,82.76505099682498,31115200
2019-03-25,80.4158935546875,81.7489777146076,79.733090871878,80.95237561826367,21032300
2019-03-26,81.22062683105469,81.61080071261581,80.32648584608131,81.13934241453047,15987100
2019-03-27,80.94425201416016,81.65143320236889,80.53782376287589,81.18810524396895,12753200
2019-03-28,81.86278533935547,81.93594565631045,81.07431346534892,81.28565791237007,12454100
2019-03-29,82.28546905517578,82.90323555127922,81.76523517179966,82.53745259433367,14523400
2019-04-01,85.05729675292969,85.08981175448018,83.008901268068,83.03328596883027,17499300
2019-04-02,85.46372985839844,85.70758928317458,84.80531809374672,85.02478661476303,10295400
2019-04-03,85.63442993164062,86.45541672251449,85.17923228201687,86.00834317263198,11499200
2019-04-04,86.4616928100586,86.60094053127827,85.55251761101671,85.63443024081286,11952100
2019-04-05,86.2569351196289,86.91219875015538,85.99483091722973,86.6582870616285,9933700
2019-04-08,86.53541564941406,86.53541564941406,85.92930091400358,86.09311368063675,8056300
2019-04-09,85.89653778076172,86.16682822290875,85.38870820174805,86.06854306178492,9092200
2019-04-10,86.281494140625,86.59274713293217,85.56890176151377,86.10948886811346,10882300
2019-04-11,87.0104751586914,87.420013294854,86.46168930695093,86.58455199761092,11183800
2019-04-12,91.08948516845703,91.61369356150739,89.18103566769656,89.63972269840835,25834100
2019-04-15,90.04926300048828,90.91748200006995,89.37762059063023,90.85195438714304,15163800
2019-04-16,90.9993896484375,91.23692256178514,89.98373663027228,90.01650043718821,11583200
2019-04-17,93.62041473388672,93.9152826739191,90.92565321190267,91.49081155608499,17791900
2019-04-18,92.9323959350586,94.1528178682117,92.82591826607752,93.80880732314404,12501900
2019-04-22,93.04706573486328,93.3173624116169,92.27713826797508,92.41637973816104,7975900
2019-04-23,93.16175079345703,93.67777294040253,92.4327732754157,92.55563598892925,9193100
2019-04-24,93.00611877441406,93.49756331733616,92.39999779738895,92.76858589137282,9245700
2019-04-25,93.05525970458984,93.49756166009688,92.14608450422367,92.56381517037858,9311800
2019-04-26,93.75967407226562,93.8497729738497,93.0470753731162,93.33375085585786,7889300
2019-04-29,95.11115264892578,95.96299284434512,93.74329032845087,93.86615303675252,14242200
2019-04-30,95.05381774902344,95.60259743164615,94.40674664974388,95.36506452818476,11389100
2019-05-01,94.3248291015625,95.83192648433325,94.28387278720314,94.78350982691774,10412900
2019-05-02,94.52960205078125,94.83265629286295,93.84976719850337,94.33301923266417,8613300
2019-05-03,95.11115264892578,95.56983342759122,94.74256452402082,95.01286123247307,8185400
2019-05-06,94.26750183105469,94.57875486890488,93.1453711391842,93.52214554110964,9387000
2019-05-07,92.72761535644531,93.39925758689289,91.97406675624666,93.39925758689289,15017700
2019-05-08,92.23617553710938,93.10439434852437,92.11331285176338,92.27713184857663,9575800
2019-05-09,92.1624526977539,92.34265046438571,90.57344909457139,91.0321297739574,12205900
2019-05-10,92.15428161621094,92.42457206163004,90.54070021162492,91.53178184231261,13189000
2019-05-13,89.6479263305664,90.46700288451972,89.26296559941721,90.16394855895422,13783700
2019-05-14,90.3604965209961,91.50720458262153,89.68885420975289,89.72981052408302,10503600
2019-05-15,90.0165023803711,90.83557882377929,88.95989301848765,89.4513376347211,10142000
2019-05-16,91.17139434814453,91.87580056955994,90.5816583256519,90.60623586747006,9672700
2019-05-17,90.7291030883789,91.53180082506563,89.95917541133504,90.09841691952768,9570100
2019-05-20,91.20413208007812,91.5809063758291,90.40144091710377,90.57344616631256,8518200
2019-05-21,91.5154037475586,91.67102400540149,91.09767305743996,91.2778708551012,7967900
2019-05-22,90.7700424194336,91.56454749245822,90.71270732390897,91.24510821038434,7918900
2019-05-23,88.98446655273438,89.92640573618503,88.05071988366016,89.80354301676842,14558000
2019-05-24,89.8608627319336,90.0656318128784,89.4349457931532,89.70523623071747,8537300
2019-05-28,88.88616180419922,89.95915606061129,88.82064044618123,89.44313396621985,11665500
2019-05-29,88.64044952392578,88.78788352674644,87.69031789484663,88.00975719278189,9966400
2019-05-30,87.6903076171875,89.42675164143957,87.26439068621202,88.99264219764062,10367800
2019-05-31,86.78933715820312,87.30535305578769,85.87196931344003,86.46170533871222,10952800
2019-06-03,87.19886016845703,87.52649193083013,86.24873493153676,86.6582730722391,11680700
2019-06-04,89.88544464111328,90.01649986794827,87.74765468356053,88.33739070620365,12858600
2019-06-05,90.20488739013672,90.40965650309367,88.98446522664935,89.98373949772846,8340500
2019-06-06,90.4014663696289,90.81100457801872,89.22199432976794,90.22126855808824,8726700
2019-06-07,89.41036987304688,90.11476972588677,89.24655086734077,89.8526655658131,10618900
2019-06-10,90.37687683105469,91.08947546872133,90.27859167348433,90.71270111690356,11380600
2019-06-11,90.65534973144531,91.38432701466618,90.40143812128338,90.77001989403814,9847700
2019-06-12,89.5004653930664,90.8355637740175,89.18921864579973,90.67174476304322,9670500
2019-06-13,89.72164154052734,90.22947122573862,89.32029580087689,89.65611392003727,8406900
2019-06-14,89.95096588134766,90.34412528493942,88.9762630102576,89.7461967907191,9077400
2019-06-17,89.45952606201172,90.40146517871094,89.32847083750602,89.85267923741468,8128600
2019-06-18,90.67996978759766,91.2533271579906,89.26297076670328,89.28754206489496,11057300
2019-06-19,90.02470397949219,91.40074654418788,89.85269240984725,90.77006036870235,13126500
2019-06-20,90.25404357910156,90.99120744655332,89.30391181803178,90.81920212754405,13638000
2019-06-21,89.63973236083984,91.4662694197132,89.35305059234666,90.25403972351215,27089500
2019-06-24,89.00083923339844,89.91000823320408,88.90254782169073,89.5086625712467,13039600
2019-06-25,88.26366424560547,89.26293833607215,88.18994412875557,89.01721294531416,18660100
2019-06-26,88.8534164428711,89.53324515012716,88.59131222766146,88.70598243124958,10324600
2019-06-27,89.14827728271484,89.72982705789052,88.82065170392963,89.14827728271484,10906600
2019-06-28,91.57272338867188,92.08873915475516,90.83555354494175,90.95022371518247,21634700
2019-07-01,93.11260223388672,93.80062338693003,92.62115766041909,92.7440203660502,12724500
2019-07-02,93.21089172363281,93.5385172664754,92.73582593783175,92.97335883073228,10174900
2019-07-03,93.0624008178711,93.92852211841172,92.60047281400786,93.4913330652731,6849400
2019-07-05,93.61507415771484,94.25847573442873,93.14489559832413,93.63157518410618,7929400
2019-07-08,93.1036376953125,93.60681191732085,92.79843169880527,93.17787341988927,6917200
2019-07-09,93.49959564208984,93.61507765795645,92.50974799371954,92.616979496082,8947300
2019-07-10,93.22737121582031,93.89552425590409,92.99640721906914,93.51608250505619,9242300
2019-07-11,94.11825561523438,94.3327249215052,93.30988147307977,93.51610026552915,11595200
2019-07-12,95.10809326171875,95.14933323714747,93.97801220758171,94.14298469589065,10783400
2019-07-15,93.95327758789062,95.33081753026313,93.64807152737968,95.3060722835483,12946600
2019-07-16,94.95964050292969,95.2730908305509,93.14491118732093,93.60684560412429,16945000
2019-07-17,94.02750396728516,94.8111390305951,93.813040988242,94.3904509984307,13120900
2019-07-18,94.58842468261719,94.91837597596059,93.66456861321264,93.97801888057525,9397200
2019-07-19,93.65631103515625,94.95961508423291,93.54082903519219,94.76989105955082,10402800
2019-07-22,94.25849151611328,94.4069693120067,93.02117864810114,93.13666697228373,9061100
2019-07-23,95.98246002197266,96.05669575468494,94.7121517069755,94.76164219545035,12752200
2019-07-24,96.37014770507812,96.41138767907636,95.28955717625651,95.33905395566993,10011000
2019-07-25,95.4462890625,96.70834685274708,95.12458830393886,96.41964185061492,10138400
2019-07-26,95.86699676513672,96.10621132836798,95.29783086319689,95.4957991491027,12800400
2019-07-29,95.56179809570312,96.65888370744402,95.51230759370841,96.06497251031215,8500400
2019-07-30,95.3473129272461,95.75150627072722,94.66267135461244,95.01736791102168,7121100
2019-07-31,95.68550109863281,95.83397885206946,94.74514409129965,95.76798734092053,13648000
2019-08-01,93.1613998413086,96.34541836862552,92.8809390226512,95.1328509121994,15664500
2019-08-02,93.15316009521484,93.5655977107443,91.89110199862247,92.71597722968139,11025500
2019-08-05,90.38157653808594,91.54465360535674,89.30923624740923,91.38792530154902,15855300
2019-08-06,91.0909423828125,91.14868337846971,89.36695043825304,90.77749216257284,10203500
2019-08-07,89.11126708984375,89.31748589040095,87.38728093796888,89.08652184070463,17320900
2019-08-08,90.62078094482422,90.80225447766756,89.68042381399758,89.95263411326258,10903300
2019-08-09,90.52180480957031,91.10746546011445,89.32573825882923,90.20010397748689,9980800
2019-08-12,88.82257080078125,89.5072187966458,88.4348784105134,89.44947777851861,9393700
2019-08-13,90.19184875488281,91.00847971058565,88.28638911150585,89.04527276330208,12124700
2019-08-14,86.44692993164062,88.18741723705317,86.15821855544611,87.68424282402117,19491800
2019-08-15,86.77685546875,87.75020831005948,86.06746240000085,86.46340520549003,13365600
2019-08-16,88.8555679321289,89.07003727130939,87.32954989250037,87.74198754068641,11830600
2019-08-19,89.65568542480469,90.53005110269282,89.43296560171737,90.43106381539864,8265400
2019-08-20,88.51734924316406,89.44946217890221,88.45960823510666,88.96278257387738,8374000
2019-08-21,88.76483917236328,89.44123672481768,88.63285609222602,89.25976313627876,8189300
2019-08-22,89.6804428100586,90.13412044496697,89.02879057376931,89.39173771633526,9343400
2019-08-23,87.45325469970703,89.72991172134526,86.70262163665704,89.08651015493169,14762300
2019-08-26,88.15440368652344,88.25338467023354,87.44501060121249,87.94818491273067,8209500
2019-08-27,87.22229766845703,88.72357020813476,86.47990876569375,88.55034717970634,14331800
2019-08-28,88.0966796875,88.43487526928965,86.64489747762806,86.677893243,10585500
2019-08-29,90.09286499023438,90.6455298309582,89.10301103315354,89.201998316851,10002200
2019-08-30,90.62078094482422,91.19819100996419,90.29908015234656,90.60427991822154,10170300
2019-09-03,89.54845428466797,89.90315089056688,88.52561074640315,89.89490666931943,9868800
2019-09-04,90.62903594970703,90.91774099658525,89.54844521239418,90.28258360015514,6929200
2019-09-05,92.69123840332031,93.80481878376293,91.72612953319096,91.76737581492176,13224700
2019-09-06,92.8891830444336,93.19438908890494,92.35301298503146,92.93042931565584,7836600
2019-09-09,95.19058990478516,95.73500421031576,93.70581217461489,93.79654894108627,13985100
2019-09-10,96.40316772460938,96.7331127728286,95.46281049192808,95.93298910826873,14333100
2019-09-11,96.66710662841797,96.6753508475312,95.1740785470103,96.41964160248605,9919200
2019-09-12,97.26103973388672,97.7229678409653,95.61953352296392,96.13920893672578,12283500
2019-09-13,99.17474365234375,99.31497091971285,97.95392564161189,98.16014443243634,16257200
2019-09-16,98.29212951660156,98.87779013948592,97.6487215895233,98.07766020757548,11993900
2019-09-17,97.80547332763672,97.83846909795602,96.70838756439365,97.68174076226424,10735400
2019-09-18,98.78705596923828,99.05101578218802,97.129055050833,97.59923366431529,10665600
2019-09-19,98.47357940673828,99.26545868509459,98.23436489140714,98.73753916619037,9382600
2019-09-20,98.07767486572266,99.26549102357252,98.05292961354024,98.77056710002682,21862800
2019-09-23,98.06114959716797,98.25912415229126,97.07130199474183,97.15378824606108,9135100
2019-09-24,96.78260803222656,98.37461740853995,96.54339347074651,97.95392929743376,11696500
2019-09-25,97.33527374267578,97.63222931857494,96.60938583119918,96.73311207674186,9389400
2019-09-26,96.53512573242188,97.37650180451189,96.46913421827811,97.23626826363211,9899200
2019-09-27,97.10429382324219,97.86317737393654,96.74134678017214,97.30226207705434,10207800
2019-09-30,97.07955932617188,97.97041971360527,96.6918669951148,97.63222417145417,9755000
2019-10-01,95.31432342529297,98.16014009561998,95.19884141099723,97.66521627816716,11250300
2019-10-02,93.41709899902344,94.7781440841587,93.15313923592365,94.70390205747277,12548700
2019-10-03,93.2840576171875,93.88272624981896,91.89547651616887,93.35057142014962,12735200
2019-10-04,95.30459594726562,95.57067028758733,93.35060557209226,93.40880913579662,9453100
2019-10-07,95.09669494628906,96.03626827424061,94.84724755614444,94.94702778094442,6771600
2019-10-08,92.97642517089844,94.00746227434585,92.84339119483019,94.00746227434585,10806300
2019-10-09,93.64991760253906,94.0906088722999,93.18428920425428,93.68317768008957,7273700
2019-10-10,94.96366119384766,95.95312787427352,93.9575676466641,94.07397474510114,10994100
2019-10-11,96.56842803955078,98.10667020814309,96.34393043722685,96.47696440875289,15076500
2019-10-14,96.82617950439453,97.1754071376165,96.16931360714285,96.32729104170583,8779000
2019-10-15,99.74470520019531,101.10002027822242,98.0069086831614,98.82175851382873,23379000
2019-10-16,99.51189422607422,100.29349034307745,99.26244676720141,99.74470847104223,11087700
2019-10-17,100.06898498535156,101.08339533337414,99.67818693222361,100.40157947803783,10818500
2019-10-18,100.24360656738281,100.62608805526459,99.66157089967426,99.77797803321597,10417400
2019-10-21,102.7297134399414,102.91263434674453,101.43259581980082,101.48248910684804,12714600
2019-10-22,103.7607650756836,104.0185227775451,102.37218997821202,102.64657454895959,12549100
2019-10-23,104.03514099121094,104.06008446279986,103.24522844319965,103.27017191478858,8828300
2019-10-24,103.96031188964844,104.48415020644153,103.16208902145722,104.1764992321934,8020500
2019-10-25,104.79180908203125,105.30733086319017,103.7275117797659,103.93538254485561,9055700
2019-10-28,105.19091033935547,105.77294586996177,105.09944670687283,105.24079728663271,9522200
2019-10-29,105.12440490722656,105.94757137117489,104.71697997872661,104.8167538872583,9797300
2019-10-30,104.5423583984375,104.9830433650854,103.86885286748745,104.80843269964255,8513700
2019-10-31,103.86883544921875,104.54234086722542,102.98746566372417,104.3427804170031,11589100
2019-11-01,106.2635269165039,106.4215043682887,104.78348188986236,104.93314907935593,11682600
2019-11-04,107.11164093017578,107.61052309340992,106.8954472407602,107.32782193216826,9159900
2019-11-05,107.34445190429688,108.34222888807642,107.12825822140579,107.58557637280305,13747600
2019-11-06,107.51074981689453,107.9597450351312,106.91208106763018,107.0035447011962,11231100
2019-11-07,108.09278106689453,109.16538846578467,108.02626090990111,108.4503126373837,13528900
2019-11-08,108.40876770019531,108.42538822679874,107.46918776268102,107.99302616146153,9293400
2019-11-11,108.02625274658203,108.17592626036237,107.55231410902459,107.76018482613719,8679000
2019-11-12,107.39432525634766,108.60828308193223,107.26959521952442,107.78512320103586,9099000
2019-11-13,106.82891845703125,107.11163228287204,105.94754862112464,106.53790705716095,8023300
2019-11-14,106.9287109375,107.12825872273612,106.08890504988881,106.19700189184022,8483400
2019-11-15,107.70198059082031,107.70198059082031,106.76240084015906,107.45253317970237,10163600
2019-11-18,108.60829162597656,108.63323509781925,107.25298313530921,107.72692178774247,8749300
2019-11-19,108.5750503540039,109.13214243479929,108.242449545558,108.91596142487712,8824500
2019-11-20,107.78512573242188,108.60828563265055,107.21140053685559,108.34221771853687,11782800
2019-11-21,108.03457641601562,108.69145506857308,107.58558119379296,108.09278631399403,7705500
2019-11-22,108.74964904785156,109.1071933124958,108.17593647189801,108.21750046930671,8167900
2019-11-25,109.33171844482422,109.81398016998362,108.81619029038465,109.13215793141936,10068500
2019-11-26,109.48136138916016,109.60609144740093,108.39212072594319,109.60609144740093,10490700
2019-11-27,109.80562591552734,110.11327051782591,109.46471489343223,109.99686342338144,6607900
2019-11-29,109.55618286132812,110.09665436137043,109.29842519108095,109.64764648826315,5712000
2019-12-02,109.3150634765625,110.37105036612306,109.21528958342769,110.0135061033519,8615600
2019-12-03,107.90985870361328,108.05953223549584,106.92039194049917,107.9015484413955,10361300
2019-12-04,110.03845977783203,110.1465566303645,108.08448229406751,108.40876016424093,10318200
2019-12-05,110.63713073730469,110.8450014962993,109.90542160566788,110.32116312365712,9587400
2019-12-06,112.2834701538086,112.89877220384116,111.95919225833502,111.99245868667461,10170600
2019-12-09,111.75961303710938,112.63267256805943,111.75961303710938,111.94254027930545,8498200
2019-12-10,111.83444213867188,112.05894605826835,110.48744399593554,110.79508858719723,7532900
2019-12-11,111.5683822631836,112.26683762195172,111.42703167641795,111.65984590019944,9011900
2019-12-12,114.76127624511719,115.13544102187473,111.59332834785543,111.82614255061225,13717400
2019-12-13,113.75521850585938,115.4348181805699,113.26464644583385,114.70310887922527,10592100
2019-12-16,114.19586181640625,115.44308620327156,114.17924129285895,115.06061116292283,11372000
2019-12-17,114.894287109375,115.30171824847528,114.1043809875787,114.52012238719998,11546800
2019-12-18,114.77789306640625,115.59275543719407,114.51182513787589,114.86935669221215,10381500
2019-12-19,114.20415496826172,114.92754086392765,113.99628429135365,114.54505323595232,9350400
2019-12-20,114.11274719238281,115.47637899255741,113.83003329103194,114.76130300664722,29992600
2019-12-23,114.0794677734375,114.6698262999329,113.81339980457514,114.41206859379547,9738400
2019-12-24,114.39543151855469,114.43700820562367,113.96305681039972,114.18756077063335,3324300
2019-12-26,115.609375,115.65927463064324,114.56171113008766,114.65317475513396,6770900
2019-12-27,115.69254302978516,116.21638137485836,115.30174500844858,115.82558335352178,7868200
2019-12-30,115.26847076416016,116.47411835089913,115.13543046409234,116.3244448414675,6963000
2019-12-31,115.9087142944336,115.97523445070874,114.98576774317746,115.16869500107849,7201600
2020-01-02,117.3139419555664,117.32226490612278,115.79232643243044,116.2330114394812,10803700
2020-01-03,115.76579284667969,116.51056288935095,114.71140317682561,115.06286640011031,10386800
2020-01-06,115.67375946044922,115.70723944992109,114.22606275322079,114.27626996855389,10259000
2020-01-07,113.7072525024414,115.36415466651778,113.65704528063249,114.87879690757089,10531300
2020-01-08,114.5942611694336,115.12982605842234,113.47292417824998,113.55659861063543,9695300
2020-01-09,115.0126724243164,115.6737553508402,114.67793638586352,115.52313371019208,9469000
2020-01-10,113.86621856689453,114.85366103544452,113.64863697500383,114.82019381993129,10190900
2020-01-13,114.81184387207031,114.81184387207031,113.60681953420168,113.96665922039541,12355200
2020-01-14,116.15074157714844,117.79090336379701,115.22186988256105,115.43107510414494,24906000
2020-01-15,114.4101791381836,115.98340685543633,113.93318499327665,115.35579104511227,16293400
2020-01-16,114.8536605834961,115.39758902333696,114.51056097368989,115.02102219814923,10783800
2020-01-17,115.64867401123047,115.72398484605499,114.91228012259626,115.09636901809728,14697700
2020-01-21,114.51057434082031,115.53987329039177,114.38505630739657,114.80346677730796,8474200
2020-01-22,114.37669372558594,114.979205896462,114.12565762845071,114.84532423428179,7549100
2020-01-23,114.2595443725586,114.42691880326073,112.73653665040436,113.56499411442523,9345700
2020-01-24,111.42269897460938,114.16747053582183,110.72814885644402,114.11726332427963,15166400
2020-01-27,110.48545837402344,111.24696842976661,108.54404059667745,109.01265824055844,12860500
2020-01-28,112.49385833740234,112.9457488980151,110.86205968824981,111.16331580569928,13062800
2020-01-29,112.32646942138672,113.4227027923998,111.87459173925022,112.81182709116236,9326000
2020-01-30,113.71559143066406,113.91643304317671,111.03776710819666,111.03776710819666,9048900
2020-01-31,110.76161193847656,112.82856052893833,110.01684186770632,112.54404449490772,12785200
2020-02-03,111.6067886352539,112.33483143121245,111.0126530038466,111.0126530038466,10021100
2020-02-04,113.21349334716797,114.30973944625529,113.03776810966153,113.43107495210253,9157100
2020-02-05,115.13819885253906,115.25535328232036,113.81602013422149,114.28465062222185,10150700
2020-02-06,115.1549301147461,115.72396222513646,114.73651964456226,115.68213139321745,8992300
2020-02-07,114.7867431640625,115.20515369368387,114.05871292856163,114.41853985497552,6379800
2020-02-10,115.26371765136719,115.35576846294981,114.43526034712359,114.60262197667186,5960700
2020-02-11,115.48129272460938,116.16749204232264,115.29719109150946,115.6988615778754,6578600
2020-02-12,115.48129272460938,116.56078614699115,115.31393108602978,115.98339040922271,7958000
2020-02-13,115.38088989257812,115.76582042311448,114.14238555107865,115.27209907057289,7447500
2020-02-14,115.02943420410156,115.64031003277091,114.59428365613593,115.34741753976246,6627600
2020-02-18,113.50638580322266,115.23861118670494,113.01266453919696,114.92897877240402,8996400
2020-02-19,115.05451965332031,115.80765341805842,114.09216787740534,114.56916195891422,7071200
2020-02-20,115.05451965332031,115.78254981049213,114.25116590457496,114.78673081411364,7422800
2020-02-21,113.64866638183594,114.57753827136713,112.90389614744613,114.26791856448209,9772800
2020-02-24,110.5942611694336,111.46454934977515,109.45618415275649,109.9917490565531,13618400
2020-02-25,105.65701293945312,110.6528285536867,105.09633806136846,109.6235423799082,20797200
2020-02-26,105.97499084472656,107.9080449453516,105.72394203853064,106.21766965486627,24825600
2020-02-27,101.56497192382812,105.1214613438502,101.50639470640527,102.85367709156866,23005500
2020-02-28,97.16326141357422,99.15489257438588,94.27623227227728,98.34317539513147,45931400
2020-03-02,101.69047546386719,101.74068906052116,95.78252180735181,97.59842167281944,27355400
2020-03-03,97.87458038330078,102.88713623147488,97.2720682603237,101.23023427772529,32547700
2020-03-04,100.29299926757812,100.57752173796653,95.98336968193797,99.02103410987561,25795900
2020-03-05,95.37248992919922,97.4310688130879,94.20930925559266,96.79508306852829,25025600
2020-03-06,90.443603515625,92.3180805255653,87.88292724536751,88.92058974796662,38159400
2020-03-09,78.19255828857422,83.03775276898071,77.82435499611019,80.81180578735756,40352000
2020-03-10,84.26787567138672,84.7532334039556,79.1465350231867,82.84528246565067,31102700
2020-03-11,80.30134582519531,83.72394718135278,79.12143148468435,81.75741263977146,38127000
2020-03-12,73.68209838867188,81.13817086534472,72.23439511620994,74.97079722903457,49725200
2020-03-13,86.9540786743164,87.02101950637783,76.98753686940938,80.32645108295092,38543300
2020-03-16,73.94149780273438,78.64443372246403,70.75321210602537,71.29714060236651,38589700
2020-03-17,78.46035766601562,81.53985994392318,73.2218551552646,76.05867851852487,35239800
2020-03-18,70.20092010498047,75.97498685151378,67.24694270506316,73.36410277553712,41525600
2020-03-19,71.38081359863281,73.73227789835724,64.35988791165774,68.25109934993085,32175100
2020-03-20,69.87456512451172,74.86201834810471,69.02101037166469,72.21766686809116,30150800
2020-03-23,66.13396453857422,70.08376079535691,65.3473507325973,69.1883625546027,32536600
2020-03-24,74.00007629394531,75.39756573741724,69.37245749759616,71.04609938470614,34363200
2020-03-25,76.7615966796875,79.62352309942536,70.74485136915244,74.67790769678484,38111700
2020-03-26,82.10887908935547,82.48544598682311,78.2762373644428,78.72812147206652,29826300
2020-03-27,76.25948333740234,79.36408798890209,75.77413208654806,77.98333866542895,30041500
2020-03-30,78.24275970458984,78.73648100611031,74.72811422885376,75.85782124716627,21656900
2020-03-31,75.3389892578125,78.80342748699304,74.76158075813667,77.02937115548133,23379300
2020-04-01,70.5942153930664,72.43521891730347,69.66534363385998,71.21346110439165,28029600
2020-04-02,73.23020935058594,73.56493903594311,69.4226711504688,69.88292526588964,24018000
2020-04-03,71.06568908691406,73.96581194717783,69.98342217238098,72.71444425422648,21199400
2020-04-06,75.63993835449219,76.93357813241334,74.15182685828546,75.24254439379081,26820800
2020-04-07,76.63763427734375,79.90132930248109,76.41779812595433,79.85905088655907,22563800
2020-04-08,79.73224639892578,80.20573379955808,76.56155801801593,77.87210534498945,22903300
2020-04-09,86.88529968261719,88.26348960964066,81.92211422940527,81.9474786988013,42055900
2020-04-13,83.02129364013672,87.18123459682108,82.26878423153742,87.18123459682108,26911900
2020-04-14,80.7468490600586,86.24270789660709,79.17418739999917,85.41409864906082,46151300
2020-04-15,76.76445007324219,77.81288881257899,76.20640604133065,77.06883655414312,30118600
2020-04-16,73.8389663696289,76.57843835273236,73.60222275329376,76.29096580454818,32449600
2020-04-17,80.47628021240234,80.91594606050852,76.90819868639801,77.78753683339087,30191900
2020-04-20,77.54234313964844,80.07889348030078,76.48544716437662,78.1849376988324,23679400
2020-04-21,75.29327392578125,77.26332317518009,74.68450079518642,74.92970144227496,23035000
2020-04-22,75.53845977783203,77.67762247286718,75.40318045863289,76.6799124969989,16662400
2020-04-23,75.58074188232422,77.17876802621197,75.4708270269368,75.87667145512178,16638800
2020-04-24,76.69681549072266,77.02656647221595,74.81976747251149,76.63762958252592,15809200
2020-04-27,80.00277709960938,80.85674415791348,77.39858461595234,77.73679252110429,22870200
2020-04-28,80.56929016113281,83.16502627017273,80.3494540046085,82.6999894872907,20238900
2020-04-29,82.74227905273438,84.08664774128981,82.24342075926565,83.77381063681877,20462600
2020-04-30,80.9666748046875,81.87982786824284,79.94360045004105,80.83138904666153,19127600
2020-05-01,78.84442901611328,79.25873037577038,77.65224742201524,79.05580818237632,18547700
2020-05-04,77.9059066772461,78.35402948723599,76.77291741808526,77.80444235297692,15725900
2020-05-05,77.78752899169922,79.65611994664536,77.7029786199077,79.18263270398893,18064100
2020-05-06,76.3248062133789,78.43014789725493,76.0373335694464,77.92283905745634,20978000
2020-05-07,77.11957550048828,78.55695772493947,76.58690231511667,77.22949034645312,16771900
2020-05-08,78.37939453125,79.54621169118371,77.88054278085198,78.46395136081884,20487800
2020-05-11,76.0711441040039,77.03503269655477,75.53001389242381,77.03503269655477,31907600
2020-05-12,73.58531188964844,76.7644562511451,73.47539704911377,76.22332611950057,27962900
2020-05-13,71.04877471923828,73.44158877934244,70.51610146466173,73.03573788244042,35451600
2020-05-14,73.99961853027344,74.49847673622732,69.67057716737304,69.94114225255431,35152500
2020-05-15,72.6298828125,73.79669348790055,72.12257410366412,73.43312106392513,26099000
2020-05-18,76.47698211669922,77.06884767083699,74.30400447897235,74.98887738517776,30504400
2020-05-19,74.97196197509766,77.1111181293257,74.90431909295457,76.13877911433498,19597300
2020-05-20,77.2210464477539,78.11729213992076,76.40935114056452,76.69682373964413,20552400
2020-05-21,76.24024963378906,77.5846247235768,75.81749122643642,76.32480002510331,14621400
2020-05-22,75.64839935302734,76.40090889067667,75.01426166731508,76.10497926083403,13557900
2020-05-26,81.01741027832031,82.43787859835393,78.30330243394509,78.54004607882061,41233900
2020-05-27,85.71002960205078,86.73310402780443,83.53705195627408,86.30188870760068,39402000
2020-05-28,84.43329620361328,87.04593964914271,84.04435930480213,87.03748912690227,24713900
2020-05-29,82.27723693847656,83.8583556612829,81.82911407098749,83.4186897679298,26526400
2020-06-01,83.3679428100586,84.1373660801775,82.33641143511161,82.64925492693693,15176800
2020-06-02,83.64696502685547,84.9067830680599,82.80144835073271,84.78841124946513,21195000
2020-06-03,88.1620101928711,88.71159725525573,85.4479027687274,85.8875749989469,25941100
2020-06-04,89.9968032836914,90.14053958036784,86.91066591263558,87.78154711703851,26784700
2020-06-05,94.04681396484375,97.88545364025968,92.6094318788311,97.17522279483532,42231000
2020-06-08,95.92387390136719,96.54956094871874,94.64714823753513,95.89005890763337,24881800
2020-06-09,93.46342468261719,94.38503486704825,92.16978505452828,93.55643204353164,17031100
2020-06-10,89.67549896240234,93.43805214051349,89.49794122984319,93.39577372528396,24913300
2020-06-11,82.19268035888672,85.88759078271211,81.62618569928583,84.57703727393445,36259200
2020-06-12,84.44176483154297,85.50711135111055,82.29415139325052,85.15199584458803,24856800
2020-06-15,85.60858154296875,85.76077483485419,81.05970318672006,81.52473358636101,22153600
2020-06-16,86.29342651367188,89.35419908337653,83.9682557456013,89.09209098831637,22193600
2020-06-17,84.11198425292969,86.69926267851392,83.88369118550817,86.69080570729635,15639800
2020-06-18,83.65542602539062,84.99133753535651,82.97055309824404,83.42713289941489,16591900
2020-06-19,82.69998168945312,85.05897392324238,81.7868286076477,84.99978801561814,40371200
2020-06-22,81.80372619628906,82.81834347577626,81.62616849491776,82.22648447120528,16216900
2020-06-23,82.80144500732422,84.52629973106102,82.73380212777845,83.68078308907906,15381400
2020-06-24,80.03660583496094,81.87982586205297,79.74066985922502,81.80373246311277,22919800
2020-06-25,82.82679748535156,83.03817661525011,79.69838894316477,79.77448233355427,25743600
2020-06-26,78.286376953125,80.63691846139652,77.7875252678899,80.41708234463854,41896300
2020-06-29,78.63306427001953,79.89288252576127,77.93974073556244,78.9712722882189,18499700
2020-06-30,79.5293197631836,80.03663507792864,78.2695013533397,78.48933755967708,19137000
2020-07-01,78.85289764404297,80.92441119929418,78.65842594399328,80.23108768950412,18755700
2020-07-02,79.10902404785156,81.07265869048744,78.48577938093723,80.88483135213954,27845600
2020-07-06,81.1068115234375,81.27756010013583,79.80910540506439,80.6201709148425,18625300
2020-07-07,78.8187255859375,80.33840968247644,78.54552402379161,80.09935912980366,25757200
2020-07-08,79.65543365478516,79.68957816117303,78.37479971508535,78.79313831156779,18762200
2020-07-09,77.93083190917969,80.35550187801958,77.50395398985803,79.84324316392149,25600800
2020-07-10,82.19107818603516,82.6777187917995,78.434557411397,78.54554333424127,28954200
2020-07-13,83.36925506591797,84.75233529141653,82.15692339474474,84.29131289201023,32079200
2020-07-14,83.84735107421875,85.33288424916958,82.50695481288577,83.98395512019279,42731700
2020-07-15,85.14508819580078,86.47694546282918,84.22303015848513,86.13544176230768,22508400
2020-07-16,85.38411712646484,86.41716083554103,84.13763447302648,84.33399465420148,16886900
2020-07-17,83.80469512939453,85.44390514563834,83.78761636113526,85.37560309988444,16137700
2020-07-20,83.0704574584961,84.0010483277327,83.03630643848176,83.18144338831189,14458100
2020-07-21,84.87186431884766,85.4182674911784,83.3607129565895,83.42047560001194,17798100
2020-07-22,84.25717163085938,85.48657569430799,83.26681166295073,85.07677651103864,14271200
2020-07-23,84.50476837158203,84.82065391023771,83.64247302219538,84.09496264194408,12870200
2020-07-24,83.90711212158203,85.20482447911952,83.6168382998619,85.03406942489654,12744200
2020-07-27,82.72895050048828,83.35218867859108,82.1057058087447,83.24974213624037,11959100
2020-07-28,83.08751678466797,83.5741573452873,82.38743726739735,82.38743726739735,11754300
2020-07-29,85.10237884521484,85.1279904771651,82.8143130288214,82.87407567458527,12743500
2020-07-30,82.83137512207031,83.44608026806014,82.00323756478636,83.27533173356922,14834800
2020-07-31,82.5069580078125,82.75454796549833,81.3202379954271,82.3703604701884,14535000
2020-08-03,82.04592895507812,83.3009509907982,81.83249001059892,82.83138270748807,12962800
2020-08-04,81.5763931274414,81.91789033629561,81.13243633410416,81.88374582632359,13366200
2020-08-05,82.99360656738281,84.06934077737394,81.7215121567608,81.84957683879502,15260900
2020-08-06,83.01921081542969,83.753441312557,82.4215843706236,83.30949116979244,10482100
2020-08-07,84.84624481201172,84.94015846640194,82.4386538370721,82.7545458121701,14743700
2020-08-10,85.92198181152344,87.11724121506279,85.401190260793,85.46949228697004,14989900
2020-08-11,88.6369400024414,90.63473225695313,88.37227774966982,88.67109102112819,31518600
2020-08-12,87.88562774658203,90.86523378716089,86.83550520344296,90.63472257769334,19240800
2020-08-13,87.39898681640625,88.24420326578016,86.77574219340362,87.08309481383777,13598600
2020-08-14,87.43312072753906,88.20149561467404,86.5878979298685,86.65619994630147,12134400
2020-08-17,85.12799835205078,87.08310010667073,84.97432203249339,86.65622216497137,14988000
2020-08-18,83.9412841796875,85.29875951816373,83.77053559629067,85.29875951816373,13246500
2020-08-19,84.13764953613281,85.87930590193284,83.95835505876671,84.45353506161223,13533000
2020-08-20,83.13021087646484,83.69368635997705,82.64357029421508,83.03629721027275,13672600
2020-08-21,83.08751678466797,84.15471156792441,82.76309191546842,83.0448263878817,12228300
2020-08-24,85.42679595947266,85.55486062125084,83.17288136127807,84.05224871790801,17898300
2020-08-25,85.8024673461914,87.06602893530133,85.20484082585325,86.45985651856337,13648900
2020-08-26,84.59866333007812,85.6060954850512,84.56451882837206,85.32436100731512,12052400
2020-08-27,87.38191223144531,87.63804159860398,84.52183136182867,84.52183136182867,22163900
2020-08-28,87.74048614501953,88.15029182045288,86.92088130779307,88.05637815553358,13756700
2020-08-31,85.53779602050781,87.2367682453255,85.39265258357456,87.18554498149014,14219400
2020-09-01,85.4951171875,86.11836187422563,84.55598697954859,84.99140432195578,11595600
2020-09-02,86.78428649902344,87.03187648584401,84.9999333228477,85.33289759493458,14475700
2020-09-03,86.5110855102539,89.63582866659269,85.9219918644223,88.21005789993986,23281200
2020-09-04,88.38081359863281,89.82366324699748,86.5452435062326,88.8333097262568,26325500
2020-09-08,85.30729675292969,88.4235074116842,84.9316485475067,87.91979450534008,22108600
2020-09-09,86.11835479736328,86.81843433270357,84.99993020636778,86.05859214850399,13434000
2020-09-10,85.2304458618164,87.44167032951165,85.06823017015195,86.57084225106257,15922800
2020-09-11,86.28910064697266,86.53669061692626,85.02553916473353,85.34997054574033,13784300
2020-09-14,87.48434448242188,88.3295607712783,86.54521454884376,86.66473982146431,19017400
2020-09-15,84.76089477539062,87.80880343979194,84.64136945628793,87.70635688835614,23683000
2020-09-16,85.11945343017578,86.34032452453235,84.31692738128156,84.88894222266065,19270600
2020-09-17,84.14617156982422,84.81210006751873,83.42048042525046,84.26569686358272,18290100
2020-09-18,83.96688079833984,84.9401618796403,83.18996641510236,83.57415391585367,20121600
2020-09-21,81.37145233154297,82.00323622887295,80.09935818348377,81.27753868501118,28378800
2020-09-22,80.48355865478516,81.67028524258053,79.97130646316212,81.07265225765364,19257000
2020-09-23,79.17729187011719,81.40559448891337,79.10899637304303,80.91895406145433,19952700
2020-09-24,79.10902404785156,80.5091831890843,78.0162110350675,78.81874365759377,18366500
2020-09-25,79.80057525634766,80.01401425873924,78.43456694376981,78.58824328603741,13293100
2020-09-28,82.09715270996094,82.75454174474203,80.55185043599018,81.15801621221769,20894100
2020-09-29,81.40560913085938,81.98616329905927,80.53478113537923,81.98616329905927,12848200
2020-09-30,82.19107818603516,82.98507143898127,81.32878941099138,81.40562431596649,16400600
2020-10-01,82.78871154785156,83.47171236694916,81.9861789089302,82.91677623694507,15778700
2020-10-02,83.57415771484375,84.171784190654,81.18363878432268,81.32024284373077,15149600
2020-10-05,85.34060668945312,85.52155831614395,84.03947081286736,84.72019735560872,13871900
2020-10-06,84.46166229248047,86.90883087245523,84.02221131020538,86.22810456330227,19220400
2020-10-07,85.93516540527344,86.46940165467255,85.02178208938,85.27166954355293,16358500
2020-10-08,87.70159912109375,87.82223353350685,86.08164660148773,86.60727078732293,15659000
2020-10-09,87.20182037353516,87.98595059364877,86.2625944078154,87.89116547750136,13689100
2020-10-12,88.27030944824219,88.75284709573593,86.90023780756187,87.11565733934764,16058000
2020-10-13,86.83993530273438,88.94243239260099,86.39186549336262,88.75286212068403,21697300
2020-10-14,86.35738372802734,87.83085254975667,86.25397998517386,87.05534091356164,15204100
2020-10-15,87.64991760253906,87.70161619675837,85.34061949887736,85.39231809309665,17171200
2020-10-16,87.46894073486328,88.17551647321199,86.7882142861729,87.3827742446416,13275000
2020-10-19,85.99547576904297,87.77914914734801,85.78866829468724,87.54649238221835,11725700
2020-10-20,86.48664093017578,87.692985117845,86.27122138608017,86.43493576921655,11257100
2020-10-21,85.62496185302734,87.02087627666906,85.59049393744472,86.47802139792869,10730500
2020-10-22,88.64945220947266,88.95965689215875,85.5732612512382,85.58187987411365,14837200
2020-10-23,89.45081329345703,90.00228682450164,88.69253883179148,89.18369515081817,15087600
2020-10-26,87.23628997802734,88.49433922919481,86.38323049023835,88.45125926816274,12410700
2020-10-27,85.59049224853516,86.96055735197584,85.44400854076149,86.60727272886976,10391700
2020-10-28,83.18640899658203,84.70296437415483,82.78141921614363,84.01361922778105,16389500
2020-10-29,83.72927856445312,84.42724245558962,82.06623918782805,82.82452029680758,14208800
2020-10-30,84.47893524169922,84.8063706054665,82.91929973463898,84.36691943743013,15194500
2020-11-02,86.38322448730469,86.9260792919769,84.3238144743319,85.64218083859429,15011600
2020-11-03,89.10614013671875,90.25216707335231,88.48573082041882,88.77007961198751,17482600
2020-11-04,86.38322448730469,87.95147827488401,85.24580972459971,87.0294830246162,18886500
2020-11-05,89.91610717773438,90.56236574380446,87.02948689743776,87.0811854790171,17837400
2020-11-06,88.7183837890625,90.56237455098376,88.22722749404764,90.50205734191466,12552800
2020-11-09,100.73017120361328,102.45352740359269,95.08617701904782,97.50749695039478,47792400
2020-11-10,100.4027328491211,101.2040937732567,98.82586686698791,101.1179272750439,20539300
2020-11-11,98.90341186523438,100.78187039757604,98.19683608191772,100.72155319317397,14443400
2020-11-12,97.68846130371094,98.19684829345279,96.55965837512221,96.96464818679212,22063000
2020-11-13,98.30026245117188,98.97237047611762,97.86080467559823,98.83449879198324,11847900
2020-11-16,101.0748519897461,102.20364828895308,99.72201752555358,101.49707245238278,19858600
2020-11-17,100.0494613647461,100.33381676284138,98.73109470422844,99.42905197765937,14553200
2020-11-18,99.30841064453125,102.20364986690582,99.26532410572479,101.10931489241679,12571200
2020-11-19,99.5755386352539,99.79957682587725,97.85218209771564,98.38642499102255,10202500
2020-11-20,98.72248077392578,99.65309489879357,98.30887230484556,98.6018463400448,12718900
2020-11-23,101.56600952148438,101.82450903123377,99.58414707632505,99.99775549563999,13209200
2020-11-24,106.26215362548828,106.41725596191836,103.15149484836711,103.46169952122726,20121600
2020-11-25,105.15056610107422,105.45215208858951,103.80635051438804,104.58186203519986,11715600
2020-11-27,104.4526138305664,105.426307656274,104.33197943000376,105.12472165486739,5983600
2020-11-30,101.57461547851562,104.02178478336631,101.47983035840028,103.40137547864128,14411800
2020-12-01,103.17733764648438,104.76282882729635,103.0825525260731,103.69434321067521,12668900
2020-12-02,105.1592025756836,105.39185278438548,102.77235041050824,103.14287227924278,10811300
2020-12-03,104.46985626220703,105.02994837021816,103.71158186270554,104.99548045559321,12904400
2020-12-04,105.4177017211914,106.2362999081856,104.8576161829269,105.53834271035394,13583700
2020-12-07,105.02133178710938,105.27121924243018,103.58233083751136,104.39231041171792,9724300
2020-12-08,105.12472534179688,105.40908068484535,104.05624636759042,104.29751517717749,9592100
2020-12-09,104.30615234375,106.24492836074103,103.78052809766135,106.13290598345719,13073900
2020-12-10,103.63402557373047,104.07348325980344,103.0222348916709,103.39275674971627,13668400
2020-12-11,103.0222396850586,103.41861085353595,101.99684713528904,102.48800342819389,9981600
2020-12-14,101.93653106689453,104.62496277431042,101.77281010940038,104.55602694230417,12112400
2020-12-15,103.6771011352539,104.17687597442784,102.21225110217907,102.78957380911359,12590200
2020-12-16,103.97869110107422,104.33198226523827,103.2807339682687,103.65987442267267,11169400
2020-12-17,103.11701965332031,104.65080566415084,103.03947177762056,104.48709129075723,11618000
2020-12-18,102.608642578125,103.29798120001946,101.91067875932497,102.66034116689426,28954800
2020-12-21,106.4603271484375,107.7097577082201,104.34059333154767,106.1328852775921,28323600
2020-12-22,104.84040069580078,106.434504289393,104.78870209977545,106.32248847331016,11788200
2020-12-23,107.77010345458984,109.01953434530861,105.42633745421368,105.7968593818332,14973200
2020-12-24,107.29617309570312,108.1837072179006,106.47758138556064,107.78732943660528,4164900
2020-12-28,108.00273895263672,109.13154182864356,107.52881990235596,108.41634736790692,8072600
2020-12-29,107.71837615966797,108.81270440366129,107.6149724257617,108.74376858105711,8389200
2020-12-30,108.01996612548828,108.44218654977229,107.62359499210788,108.13198191076467,7398000
2020-12-31,109.4934310913086,109.71746922820412,107.55465545152649,107.78730563570431,8580200
2021-01-04,108.45943450927734,110.17417224082136,107.52020187779299,109.8639675711644,16819900
2021-01-05,109.0495834350586,109.61370913954295,107.41795791307756,108.47677703995626,13731200
2021-01-06,114.17009735107422,115.22891646855689,110.98495930808527,112.72073323779794,24909100
2021-01-07,117.9193344116211,119.93283061632769,117.09484768272138,117.7631217282484,21940400
2021-01-08,118.04954528808594,118.33594849994151,116.4005583025103,118.00614845425551,12035100
2021-01-11,119.81135559082031,119.94153285754159,116.39189146115245,116.79979788735274,15937900
2021-01-12,121.69466400146484,122.9444187564402,120.4883060838147,121.0177157163291,18033500
2021-01-13,121.80745697021484,122.18931459389432,119.8547190559689,120.27997350409082,14816800
2021-01-14,122.51912689208984,123.89038457672234,121.50370466368567,121.92897239743559,18565600
2021-01-15,120.32341003417969,122.93573551629947,118.9087551962123,119.27326480468092,27881000
2021-01-19,119.80265045166016,122.11122408561613,119.6117282364958,121.38220501474157,19843800
2021-01-20,118.00614166259766,119.91548305555796,117.54616438474802,119.61173172193564,16028800
2021-01-21,117.0167465209961,118.17103328969316,116.57413065566146,117.76312694124935,13411700
2021-01-22,116.11416625976562,116.64357590057067,114.73423421406018,115.15950203793821,12933200
2021-01-25,114.66476440429688,115.57604473281044,112.8769265034548,114.6821257823894,14212800
2021-01-26,114.19615936279297,115.5760915155615,113.98786246992242,115.21158188518056,11307800
2021-01-27,110.96760559082031,112.69469884621576,110.52498306905007,112.46904061859253,17603900
2021-01-28,112.92034912109375,114.70818743032284,111.94832361149837,112.73808771661744,13761800
2021-01-29,111.67059326171875,114.31764117565936,111.25401279680729,113.85766387749885,14808100
2021-02-01,112.49508666992188,112.88564494904182,111.505699731385,112.3041511867959,11080700
2021-02-02,115.95795440673828,116.63490270756787,113.88371266591821,114.50859005789258,12253600
2021-02-03,117.28582000732422,117.8239037430671,115.8711651297155,115.99266833594312,10600800
2021-02-04,119.98495483398438,120.34079042805281,117.57223853761933,117.57223853761933,12419500
2021-02-05,119.75060272216797,121.06111573238009,119.22988038915916,120.97432205545071,10051300
2021-02-08,121.62519836425781,121.7640629084837,119.92414080462018,119.94150218336137,10136400
2021-02-09,121.13921356201172,121.48636175956204,120.23660705981308,121.00902305578919,8614800
2021-02-10,121.20864868164062,122.25878061161809,120.67055174715584,121.50372598073717,10323200
2021-02-11,120.87015533447266,121.98104530744111,119.95887488588914,121.2086294161919,9201000
2021-02-12,122.58857727050781,122.90101594406188,120.63583887150858,120.67923570672397,8324600
2021-02-16,125.53938293457031,126.12087671835744,123.58664443805215,124.58471872643028,12130600
2021-02-17,125.92993927001953,126.17294566415696,124.21151988494803,124.93186499716089,10810100
2021-02-18,126.35517883300781,126.52875291637099,124.45451149947486,124.97524699241808,10587800
2021-02-19,128.46414184570312,129.17579955388567,126.58950997955554,126.58950997955554,11969800
2021-02-22,129.67051696777344,130.34746524745083,127.3966524902507,127.4660847808401,11488400
2021-02-23,130.71197509765625,132.1873748577267,129.82672994447182,131.49306519332433,16234400
2021-02-24,133.01187133789062,133.44581325393304,130.27804256396598,130.27804256396598,15061400
2021-02-25,131.20663452148438,134.43516252936053,130.69458638267645,133.88840487387606,18127700
2021-02-26,127.72645568847656,130.93762306047478,127.15364920922478,130.44293618683417,19829200
2021-03-01,130.616455078125,131.38019672758952,128.86332685678602,129.76593303212593,14845500
2021-03-02,130.19122314453125,131.72738093161945,130.0436845113883,130.2519813573362,14221700
2021-03-03,132.70809936523438,134.50461173280527,130.894225615714,131.25004786712572,14324100
2021-03-04,130.66854858398438,133.98387018819466,128.984852334127,132.44771255655075,20093900
2021-03-05,130.97235107421875,133.21149292955664,128.42077051248822,132.9771605890481,18465100
2021-03-08,132.70809936523438,134.9212054424673,130.83346740031791,132.32622841947128,17133300
2021-03-09,131.77078247070312,133.8710594150084,130.02634101820087,131.4843792633632,16238800
2021-03-10,134.6348114013672,135.528730611252,131.4930631972801,131.84022464563913,14342200
2021-03-11,133.93182373046875,135.52003930455743,133.09864952181545,133.7495623200945,11771500
2021-03-12,135.52003479003906,136.80451220404262,134.58273204545338,136.13623804540538,12849500
2021-03-15,134.84307861328125,136.18830092085332,133.6193727299842,135.69361412608507,12101100
2021-03-16,133.2288055419922,134.17480872256093,132.08320608596281,133.732179614878,12805600
2021-03-17,134.60009765625,136.1536171007091,132.82962050095145,134.8170686099455,13952400
2021-03-18,136.82186889648438,140.32812668826665,136.35321749489435,136.7784853029494,21898500
2021-03-19,134.64346313476562,135.3377726734457,131.21532551342068,134.9645758337283,54418800
2021-03-22,131.02442932128906,133.62808093939586,130.71199059740198,132.61265839747705,19944800
2021-03-23,129.71389770507812,132.02245817708143,129.2799558748954,130.46895225188288,17076300
2021-03-24,130.7206573486328,132.9424378194787,130.061070409743,130.18257361540313,13079800
2021-03-25,132.3956756591797,132.7601852641665,129.6010887780917,130.1825693319651,15608300
2021-03-26,134.60009765625,134.91253635928575,132.39567859356046,133.9144752694289,16754400
2021-03-29,132.5084686279297,133.4197491042036,131.08513997913596,132.02245590534454,17570300
2021-03-30,134.0706787109375,135.27703660019225,133.54995640385823,134.05333057070013,13184300
2021-03-31,132.11793518066406,134.07936086615723,132.02246744161036,133.02921573656664,16736700
2021-04-01,133.40237426757812,133.47179329160838,131.5277427903416,131.8314940597391,16561500
2021-04-05,134.1095428466797,135.26190311508228,133.2190971711163,134.79047816133502,13508000
2021-04-06,133.16668701171875,134.68570351299923,132.5730566471483,133.38493582001968,13071600
2021-04-07,135.253173828125,135.5150751179113,133.2627453391139,133.6556039342198,16903500
2021-04-08,135.41900634765625,135.75947393071982,132.9658920541918,134.44125602108372,12335500
2021-04-09,136.4317169189453,137.09518861222978,135.28809510249667,136.0214080246825,12122400
2021-04-12,136.14364624023438,137.27854306006876,135.81191700675978,135.8206421662958,12273400
2021-04-13,134.5198516845703,135.48887706598995,133.0706761914829,135.09603181857162,16113600
2021-04-14,132.005615234375,134.29285848547707,131.7611643135987,132.23258919977783,19939600
2021-04-15,132.84371948242188,132.8699082809346,130.35569037773604,132.04056524603934,17694100
2021-04-16,133.83016967773438,134.88648643258168,133.29764206154567,134.32777002550256,13773400
2021-04-19,133.26271057128906,134.33650424717814,132.88732903318518,133.934920598164,11900200
2021-04-20,130.31202697753906,132.47705183786778,129.7707607718174,132.46832667938213,13716700
2021-04-21,131.42074584960938,131.48186193287023,128.14701249690944,129.02000805762944,12236700
2021-04-22,128.65333557128906,131.2112191739387,128.55730553868065,131.1501030982545,15256100
2021-04-23,131.1151580810547,131.93577574333642,128.05967472115046,128.48743386619284,14041900
2021-04-26,131.43814086914062,133.09683956104448,131.2810081442577,131.6302008578963,10799100
2021-04-27,132.04054260253906,132.3199074999052,131.04532846716225,131.38579611029508,12821200
2021-04-28,132.8960723876953,133.47225248963014,132.17148468147752,133.0706687856252,8943700
2021-04-29,135.4801483154297,135.55871469865963,133.74288280140806,134.0396980186223,12976900
2021-04-30,134.27542114257812,134.869064944958,133.57702215424706,134.52859726976385,11705100
2021-05-03,133.88253784179688,135.73328331239986,133.68175268547742,135.183305421538,11801100
2021-05-04,135.73330688476562,135.87298933118038,132.8175057503268,133.45478859592362,12977700
2021-05-05,137.5142364501953,138.17770814572114,134.99128032633928,136.18727973829124,10506700
2021-05-06,140.28158569335938,140.3950793197937,137.1999140353111,137.9943427786551,13542400
2021-05-07,140.7617645263672,140.98873850492453,137.077723358589,137.25231975139087,14257800
2021-05-10,140.74427795410156,142.93549096649807,140.65697311150302,140.988715528359,14014300
2021-05-11,138.4046630859375,141.76570017564003,137.96816545459174,140.62207851285024,15451700
2021-05-12,137.453125,140.36020132140922,137.08646852534292,139.33879828753888,14381700
2021-05-13,140.98873901367188,141.81808187311154,137.65389061946388,138.09038826346907,15395000
2021-05-14,143.179931640625,143.56405164301685,141.41649100542458,141.76568374168133,10584000
2021-05-17,143.75613403320312,143.91328011358738,142.32442227821306,142.62123748234305,9886800
2021-05-18,141.73080444335938,144.48073454595354,141.6347744192863,143.76487194452642,11098100
2021-05-19,140.6482391357422,140.7093418650505,138.49194020309412,140.5522091432452,13278900
2021-05-20,140.4038543701172,141.30303858303355,139.2602325063606,140.4038543701172,10426000
2021-05-21,142.00143432617188,142.49030961664988,140.49988117921652,140.84907400931434,10249000
2021-05-24,142.7696533203125,143.3720222416404,141.530001524919,142.6125205517149,9440300
2021-05-25,141.29428100585938,144.65530459418636,141.04110493360093,143.04027143746296,12609100
2021-05-26,141.27685546875,142.94427997757694,140.82289410427884,142.79587234937267,13058300
2021-05-27,143.4767608642578,143.82595360232747,141.9228305344044,143.12755480533906,15707500
2021-05-28,143.3807373046875,143.99183128418798,142.52519241253717,143.76484400548088,10291300
2021-06-01,144.9608917236328,145.71166831543192,144.46327794170475,144.80374562165707,9445400
2021-06-02,144.96957397460938,146.17431155672105,144.50688760599962,146.01716550125695,10498600
2021-06-03,145.0656280517578,146.00846457847973,143.74740993836437,144.40215641629476,13354400
2021-06-04,145.30133056640625,145.50211574272095,144.07040407516132,145.10054539009158,8510800
2021-06-07,144.6204376220703,145.87755327249485,144.16647623256054,145.79024839421652,7267200
2021-06-08,144.0442352294922,144.70770691140612,142.4379269548466,143.59901238883506,10370700
2021-06-09,142.24586486816406,143.36329785369966,141.66968473850764,143.2934566269972,12377400
2021-06-10,140.0284423828125,144.25374980667183,139.94987600192403,143.4855096712699,12119400
2021-06-11,139.93238830566406,140.72681709809999,138.85860798892864,140.0546070952043,13683800
2021-06-14,137.557861328125,139.9673233068665,136.76343249178586,139.81017724257373,19917900
2021-06-15,135.4713897705078,136.99040622554622,134.5547554602283,136.79834621442012,24485500
2021-06-16,136.42298889160156,137.60152463728946,133.66432035184945,135.07856857501577,25321200
2021-06-17,132.48574829101562,137.461831645331,132.04052552936466,137.14755283685685,29722400
2021-06-18,129.13348388671875,130.68741470425556,128.8192049954836,130.33822185659574,43595700
2021-06-21,131.32464599609375,131.99685595035703,130.093733033652,130.14611060811572,18664800
2021-06-22,131.13265991210938,131.79613169658128,129.7795142229805,131.47312762426466,14251200
2021-06-23,131.9270477294922,132.73020182072528,131.0278636207828,131.1238936382591,12733300
2021-06-24,133.14051818847656,133.673045893432,132.0143600299194,132.62545412064236,13733200
2021-06-25,134.4849090576172,134.8777542212763,132.40717628331672,133.2103302439318,15484900
2021-06-28,134.7293701171875,134.860314087608,132.80004458759907,134.17937879971834,14125800
2021-06-29,134.56349182128906,136.45788997890767,134.10080538891842,135.31426829433684,14528700
2021-06-30,135.78567504882812,136.2570999425496,134.1881054669119,134.22301941566704,12531000
2021-07-01,137.1300506591797,137.18242822572847,135.68087582071544,136.41418839409036,10479400
2021-07-02,136.99838256835938,137.25301758660032,136.19937576956673,136.928138887383,11424000
2021-07-06,134.6979522705078,136.7788693003997,133.7672469895876,136.7788693003997,15083400
2021-07-07,134.8560028076172,135.46184285836395,133.06483575975147,133.46872019517411,12271800
2021-07-08,132.52920532226562,133.92526301219283,131.73897412972636,133.11748095139956,17834600
2021-07-09,136.77011108398438,137.1037518470516,133.9692060554002,134.3818793391008,13694500
2021-07-12,138.72813415527344,139.74664772272735,135.1633500668008,135.52334401009992,19940400
2021-07-13,136.66470336914062,138.1924730055602,134.77695335545343,137.01592170960996,22671700
2021-07-14,136.19937133789062,138.09591046970652,134.2940567703428,136.9281344319943,14622800
2021-07-15,136.49794006347656,137.43742100074576,134.9526055907875,135.12820812697086,11539300
2021-07-16,133.38095092773438,137.21792077980876,132.59950821787535,136.93695938854137,14002700
2021-07-19,129.04347229003906,131.5458515551326,127.9371644389265,130.43075487022858,22172900
2021-07-20,131.44927978515625,132.68728627643983,128.48154758563012,128.6483746710634,15385200
2021-07-21,134.2150115966797,134.9086460179557,132.89797302157066,133.5038129097383,12356700
2021-07-22,132.52047729492188,134.72433145444649,131.67757971326438,134.23263896554369,9913300
2021-07-23,132.26583862304688,134.19749318031177,131.92340901242997,133.00337726166575,9666100
2021-07-26,133.15261840820312,133.42481768308608,131.85314386625691,131.8707081350649,8208000
2021-07-27,132.97705078125,133.89020543214295,131.52831306858738,132.05512069245782,11218700
2021-07-28,133.19654846191406,134.13604276172958,132.47657407115216,133.71458061348366,9217300
2021-07-29,134.33799743652344,135.1018758798079,133.3809521734818,134.46092055840387,9063500
2021-07-30,133.26678466796875,134.92625326533724,132.7575279823195,133.96920814464406,9805200
2021-08-02,132.7311553955078,135.61107887864088,132.64336085617933,133.4862581013055,10203200
2021-08-03,134.24134826660156,134.61890628303493,131.28240595520705,133.41600196787684,10394800
2021-08-04,132.7926788330078,134.66286540922667,132.5029285977929,132.80145427130557,10155000
2021-08-05,134.46966552734375,134.9438070311732,133.46871650523008,133.7057872571448,9151500
2021-08-06,138.28909301757812,138.57006776440474,136.19061144356513,136.26085513027178,13328800
2021-08-09,138.1398468017578,139.21103970689018,136.88426252216843,138.3066739030249,9516900
2021-08-10,139.83441162109375,140.4665913933916,137.24423768055803,137.62179581566434,8667000
2021-08-11,141.502685546875,141.80121119712564,139.6763897020713,140.48417208383964,9156500
2021-08-12,142.0558319091797,142.56508863727416,140.96708815732185,142.13486443763276,8844200
2021-08-13,140.4665985107422,142.38070219541186,140.1066180257987,142.05582345860012,8980900
2021-08-16,139.54464721679688,139.63245516418087,137.6568969265466,139.55343605010233,8755800
2021-08-17,137.8588409423828,139.48319420707827,136.33108445964783,138.35054669754678,9347200
2021-08-18,136.603271484375,138.73686799606068,136.39254044468757,137.24422664170774,8065500
2021-08-19,135.46182250976562,136.5856944881539,134.3467259664421,134.47843787807858,9517700
2021-08-20,135.8481903076172,136.00622856434282,134.47847182553832,135.52332495927172,6974100
2021-08-23,137.58670043945312,137.92913011552295,136.30478971267536,136.38380885385692,7934600
2021-08-24,138.4383544921875,139.21102164089334,137.73593102951068,137.85007869400945,7670900
2021-08-25,141.2919464111328,142.0470493289427,138.5525094988987,139.17590047431958,11335000
2021-08-26,142.02066040039062,143.84695550815204,141.49383960864068,142.4684486950516,11027500
2021-08-27,143.16213989257812,143.25872328707473,141.5904658728256,142.0207034296947,8780200
2021-08-30,140.8704833984375,143.54846518433746,140.37879101760586,143.30261899392167,7937600
2021-08-31,140.44024658203125,141.68704181052533,139.91343905600405,140.8704841162575,12340800
2021-09-01,140.23828125,141.15142218315884,139.57976190280715,140.67729414812857,8729900
2021-09-02,140.88804626464844,141.897770722537,139.98366723324366,140.5017127128124,8813300
2021-09-03,140.036376953125,141.26560804139254,139.73783791944797,140.826595024495,7959700
2021-09-07,139.79049682617188,141.69581124961712,139.57099037096927,140.4753558945951,9285600
2021-09-08,139.16712951660156,140.1153992623464,138.7632316369343,139.50955914165266,7852700
2021-09-09,139.77296447753906,141.2129266165992,138.7983550579694,138.96518214563838,7904300
2021-09-10,138.1661376953125,141.11630486095515,138.0432146216445,140.97581752030308,8311600
2021-09-13,140.36123657226562,140.52806365549912,138.78957593083945,139.1934603872446,10052800
2021-09-14,137.91152954101562,141.66069035173152,137.20031733382126,140.8792478649834,11685600
2021-09-15,138.8686065673828,139.3339593130783,137.38474036417415,137.60424688186504,11691500
2021-09-16,138.80714416503906,141.23050479701223,138.04326573849892,139.9661450581767,10880900
2021-09-17,138.44715881347656,139.61493521682064,137.85010745408525,138.183761682931,25581600
2021-09-20,134.30287170410156,135.70770535809726,132.1341462693962,135.11942950704966,15819900
2021-09-21,134.3203887939453,135.69889578889905,133.96918381818708,134.80330568382118,8999900
2021-09-22,136.89303588867188,138.06958750476377,136.1818369774165,136.26963153821558,11236200
2021-09-23,141.52023315429688,141.98559928938445,138.4383665235115,138.7281167294576,12336100
2021-09-24,143.15338134765625,143.6362984223183,141.20417556944824,141.74854750945846,10102400
2021-09-27,146.61279296875,146.98156231936915,144.53187541967947,144.87430505936973,13220900
2021-09-28,145.82252502441406,148.6497691441623,145.4537557997874,147.24492251906133,13387900
2021-09-29,145.70838928222656,146.5425111725365,144.9093825314868,145.93668458107302,7777100
2021-09-30,143.72406005859375,146.62154817473058,142.93382871913178,146.56007993158508,13161200
2021-10-01,146.74452209472656,147.77181113402247,143.64509070162572,143.99629582018935,11285000
2021-10-04,146.58644104003906,149.65075666630236,145.5152482261643,146.60400531173266,14120000
2021-10-05,148.98025512695312,150.28756057156403,147.2224493660238,147.69944811526116,12292900
2021-10-06,149.29820251464844,149.3688694728334,146.6305821261283,148.38838733032614,8692600
2021-10-07,150.2433624267578,151.49767075843866,149.75753545503565,151.2238446866532,10195400
2021-10-08,150.35821533203125,151.3475260228622,149.54556533908476,150.18155463414675,8190100
2021-10-11,147.19593811035156,151.3033565951535,147.03694752668824,150.87053990961635,12154700
2021-10-12,146.06527709960938,147.2400901455633,145.5441233849041,146.4097701372691,13032600
2021-10-13,142.21401977539062,146.1094505083892,141.86069840952314,144.92580910655235,22753500
2021-10-14,144.3958282470703,144.87281348727797,141.38371410111736,142.8765219584866,15176800
2021-10-15,147.1693878173828,147.66404298559334,144.98759461032796,146.0564136889091,14267400
2021-10-18,147.11643981933594,148.93607056868305,146.55111751392374,147.05460116360717,12672900
2021-10-19,148.90072631835938,148.97137980467716,147.14292095302093,147.8672337537135,8053900
2021-10-20,150.9058380126953,150.93233643827594,147.9202364110735,148.66221928402013,8185600
2021-10-21,149.72215270996094,151.3386235867083,148.99782668152457,150.83512669206243,8415200
2021-10-22,151.73619079589844,152.01001690505728,149.89888984738562,150.190386070204,8817900
2021-10-25,150.99420166015625,152.77850567392792,150.5878699324935,152.55767643632464,10159200
2021-10-26,151.40049743652344,152.36332301310165,150.64084443279242,151.0471761001418,8015100
2021-10-27,148.24708557128906,150.7822009087433,147.8142554128969,150.44654963248632,9847000
2021-10-28,150.48182678222656,150.6143188899296,148.36187218892272,148.6621966186113,7212900
2021-10-29,150.06668090820312,152.1424806453011,149.62502253676473,151.20615357604288,8140100
2021-11-01,149.98721313476562,152.22200382570236,149.2893852320808,151.9658343754295,7435500
2021-11-02,150.57904052734375,151.65668827733012,149.2098965684253,149.98721979224416,7173800
2021-11-03,150.63204956054688,151.1620451611354,149.41306776620206,150.27872814571987,8402700
2021-11-04,148.65338134765625,150.34051970457696,147.06342185817925,150.16385903667341,9574200
2021-11-05,148.44140625,150.2433667774321,147.8760839788109,149.1922175204525,7975600
2021-11-08,149.33355712890625,150.97652714793435,149.0509027217507,149.32472881186428,6413700
2021-11-09,148.20286560058594,148.81235624209157,147.16055842922563,147.8230459128896,7990300
2021-11-10,148.06158447265625,149.23639764646535,147.59342756228045,147.91142220690807,6999200
2021-11-11,148.05274963378906,148.9978917303008,147.42558868955126,147.9732543457206,5815300
2021-11-12,147.39024353027344,148.16756663653692,146.38326290549796,148.08805788005458,8113400
2021-11-15,147.12525939941406,148.21173540281754,146.6306040963473,147.69942346631709,6492500
2021-11-16,146.06527709960938,147.57575486679175,145.85327620014732,147.56691307201478,9706100
2021-11-17,145.27911376953125,146.24192583741888,144.32513001735416,145.93277304741497,9909600
2021-11-18,144.02479553222656,145.61476834200633,143.5919654822926,145.20843671570674,8122500
2021-11-19,142.1433563232422,143.19450560847116,140.84487938011773,142.4790210639631,12193600
2021-11-22,145.1731414794922,146.61293889665455,143.9718299267904,145.00530910782592,14549900
2021-11-23,148.6446075439453,148.8919352653815,146.07415142650143,146.1889869680075,12354400
2021-11-24,147.47857666015625,149.66919851756631,147.01924815706647,148.8035518404062,9629800
2021-11-26,143.0354766845703,143.6714658309599,140.28837449619786,143.22097913491066,13619300
2021-11-29,142.4171905517578,145.55296847447073,141.171723874138,144.25449145711735,12104400
2021-11-30,140.2972412109375,141.8872145120869,139.82024248141875,140.58873743934387,18922600
2021-12-01,139.46690368652344,144.2191528835896,139.38740840096227,142.21401976268808,12253400
2021-12-02,142.3995361328125,144.20149683972423,140.27073897835376,141.18055438856936,12969900
2021-12-03,139.82022094726562,142.9471702043261,138.84858048057094,142.655674020814,12681800
2021-12-06,141.47201538085938,143.6361387451171,140.8536963451206,142.22282653913356,11186500
2021-12-07,143.600830078125,144.3251429030506,142.35535005616563,142.99133928106633,9851600
2021-12-08,141.95787048339844,144.2191596793332,141.48087179086255,143.68033581011852,11705700
2021-12-09,141.7370147705078,142.15216125211387,140.1382000958352,141.021516865373,11189600
2021-12-10,141.17172241210938,142.83234912452016,140.56223155578454,142.49669784643396,10405400
2021-12-13,139.493408203125,141.1452065519359,138.9280859061068,140.88905057227706,12069000
2021-12-14,140.5622100830078,142.11684283625252,138.945738682668,139.07823081452167,12563600
2021-12-15,139.51107788085938,141.19821644954544,138.98992412770923,141.19821644954544,14014200
2021-12-16,141.69284057617188,142.93832040626975,140.18236303012966,141.6751704675506,19542800
2021-12-17,138.46876525878906,140.7830649171172,137.0731228096996,140.73006805472795,28082000
2021-12-20,135.97779846191406,136.64911441776533,134.12282767989575,136.4812820592161,15148000
2021-12-21,137.876953125,138.8397654609068,136.99363608765103,137.2763040092099,11291300
2021-12-22,138.415771484375,138.73376614415227,137.12613620964055,137.57662302834677,7273000
2021-12-23,138.91043090820312,140.55340111867343,138.86627583950167,139.21959725920246,8055200
2021-12-27,139.70541381835938,139.74074056633464,138.09777047936683,139.21075847662235,6188100
2021-12-28,140.12937927246094,141.46318281357185,139.63472401160774,139.74071771654914,6342300
2021-12-29,140.05870056152344,141.00385594578742,139.69653746222542,140.31486996477085,6398900
2021-12-30,139.98806762695312,141.54271409803198,139.8909022225107,140.54456162315495,6948200
2021-12-31,139.8732452392578,140.70355185528675,139.5287521658834,139.9615688477645,5805900
2022-01-03,142.83233642578125,143.66265644733926,140.89787030711867,141.20703660564632,13120900
2022-01-04,148.24708557128906,148.90957328484097,145.06713915490113,145.13780612841498,20195800
2022-01-05,145.53680419921875,149.60664688261318,145.4923709081742,149.1268025930873,17539400
2022-01-06,147.0830078125,148.72693127096042,145.61679041755423,148.31817749477293,14047500
2022-01-07,148.54031372070312,148.86909566362084,146.67422399470541,147.2162775963229,13913300
2022-01-10,148.6824951171875,150.45082347216055,147.09187280610692,150.23756537218034,12922500
2022-01-11,148.8335723876953,149.74884131628804,147.78500357410664,149.51779360595026,11854100
2022-01-12,149.677734375,150.69963225243998,148.55807512377947,149.69551040288158,12568000
2022-01-13,149.49111938476562,150.89512728081814,149.18899470766402,149.58886719902043,13623400
2022-01-14,140.30287170410156,143.09311132168236,139.42314142206536,142.85318241582962,40158400
2022-01-18,134.42027282714844,138.42790603224773,133.77157663373592,138.42790603224773,32324800
2022-01-19,132.34091186523438,135.27333269720495,132.00324869585475,134.6868593781198,22380000
2022-01-20,131.21240234375,133.83380405637175,130.94581613113093,132.39425749102205,14860800
2022-01-21,128.9197540283203,131.0790733976235,128.19998090521923,131.0701921641891,20705400
2022-01-24,128.80422973632812,129.27519273022804,124.02350925270359,126.43163874088846,28471400
2022-01-25,130.20823669433594,130.49259887111145,125.10760201128771,127.64903133989573,18915900
2022-01-26,131.44346618652344,133.79829577756578,129.70179451439978,132.15435839436907,20709100
2022-01-27,129.1241455078125,133.6294126914701,128.07559036002033,132.77633961533934,17536800
2022-01-28,130.27932739257812,130.41261368863996,126.33389031952917,128.12888927492625,14117000
2022-01-31,132.04769897460938,132.2165238014522,128.55544807691786,129.41740247756024,13985700
2022-02-01,134.31361389160156,134.59797606112332,131.78107942007946,132.127637339725,14584900
2022-02-02,133.23846435546875,134.12707621478586,131.57676451747085,133.73608482722378,12441100
2022-02-03,132.1365203857422,134.75792146098874,131.7721864357193,133.29171798678794,12474900
2022-02-04,135.56655883789062,136.40185575923277,132.1987274532421,132.49197085493464,16654400
2022-02-07,136.01980590820312,136.5085315191782,134.04708675547963,136.19752554484307,12572300
2022-02-08,138.57901000976562,140.82719681978037,137.55711184490085,137.73483149629382,20411400
2022-02-09,139.1566162109375,139.894152088303,138.46350007718803,139.14772141490207,9131100
2022-02-10,138.57901000976562,141.31593603046625,137.93032718056816,139.209930365222,16455600
2022-02-11,136.7751007080078,140.569476171477,135.93092236982002,138.27685653486537,16830000
2022-02-14,135.50436401367188,136.56180024264617,133.576078806764,135.71762208244368,17026500
2022-02-15,137.4860076904297,138.5701150837114,136.71291982571557,137.29939326146132,9500000
2022-02-16,137.73480224609375,138.71228045988227,136.6151564768666,136.6151564768666,9076500
2022-02-17,134.56246948242188,136.60627919932702,133.8871294402951,135.95759642470927,11367500
2022-02-18,135.19337463378906,136.97059791729313,134.29588175690904,135.1844933986611,11733300
2022-02-22,134.95343017578125,136.17083720520654,133.65606492112323,133.82490328310354,11333500
2022-02-23,132.12767028808594,136.224170595243,131.48786880625082,136.06421344521527,11799000
2022-02-24,128.44882202148438,128.83981333308589,124.21014047945998,127.01815666356335,25655100
2022-02-25,131.4878692626953,133.40727371486372,128.76871973502574,129.0708444471806,18367700
2022-02-28,126.00509643554688,128.90196465397193,125.1875755927852,127.56016635103707,31315300
2022-03-01,121.25105285644531,124.83215660088355,118.70074184556387,124.44116531855944,36840400
2022-03-02,123.76581573486328,124.44115563231414,121.39322452086029,121.9974738671369,19405600
2022-03-03,122.88609313964844,125.27646053142759,121.79310465983129,124.26344384203038,16640800
2022-03-04,119.42940521240234,120.33579292896687,117.65218183984197,119.90926311611109,21016000
2022-03-07,114.81751251220703,117.90987712970892,114.58646481491796,117.44779529426793,27560100
2022-03-08,114.00888061523438,117.11012668316066,113.0936048951391,115.1996170055507,19207800
2022-03-09,118.5763168334961,120.17582019276959,117.68770536269247,118.09645904614655,17536200
2022-03-10,117.17232513427734,118.58521431221813,115.80386924779079,117.17232513427734,15604200
2022-03-11,114.53314971923828,119.14504613850798,114.11550117835901,117.73215693466729,20061800
2022-03-14,115.6705551147461,118.11423669299043,114.8352581512664,115.03964855493325,15786900
2022-03-15,117.72325134277344,118.67407218539087,116.52363391637319,117.11900201258116,15096600
2022-03-16,122.98379516601562,123.06378048579028,119.45600731581553,119.84699844668889,20354900
2022-03-17,124.53890228271484,124.5744543375382,120.78007925374358,121.615376273323,17050500
2022-03-18,124.49451446533203,125.16097329317827,123.03719170414053,124.5744862704801,23656500
2022-03-21,124.09458923339844,125.08094853028821,123.27706828917717,124.71662812410041,12676100
2022-03-22,126.7337875366211,127.89786661352682,125.93404248567234,126.42278159864661,13548600
2022-03-23,124.21012115478516,125.81850588798129,123.69472482959954,125.27645230107368,12093200
2022-03-24,125.01876831054688,125.03654433912472,123.61476035391092,124.67221032853234,10017600
2022-03-25,126.11177825927734,127.23142418588483,125.11653743562624,125.37422887777187,8383500
2022-03-28,125.17870330810547,125.26756988576501,122.53952594942217,124.40561560718436,10818100
2022-03-29,125.45416259765625,127.60461431745989,124.61887919373524,127.38246144682304,11316500
2022-03-30,124.88549041748047,126.28949862125239,124.32567423053993,126.09400294989558,8771000
2022-03-31,121.13556671142578,124.71667116966881,121.08223861391237,124.2545892385323,17353900
2022-04-01,120.23802185058594,122.10411145458238,118.89622334505731,122.09521666159108,15721300
2022-04-04,120.77120208740234,121.68647092245808,118.0875913415667,119.18057977931682,17416400
2022-04-05,119.36573028564453,121.20983647824619,119.07031322668779,120.01923483711299,12110300
2022-04-06,117.70962524414062,118.66748028843509,117.23517125460049,117.79018980999275,12914700
2022-04-07,117.3515396118164,118.094555825684,115.23887111806094,117.22621239861235,12994200
2022-04-08,119.50003051757812,119.86705145317273,117.70963384966133,117.87076299314542,13126900
2022-04-11,119.0613784790039,120.76224985056122,118.67644975182803,119.0613784790039,10466400
2022-04-12,117.75438690185547,120.4757975803933,117.00242355369753,118.29151138462144,12989900
2022-04-13,113.958740234375,115.70437409419671,112.803933669485,113.63646831720474,30838000
2022-04-14,112.90241241455078,114.85394498796308,111.9176888175557,113.24258531089934,18835200
2022-04-18,114.99718475341797,115.69543836576626,112.38320041025439,112.49957373570533,11834400
2022-04-19,117.37838745117188,117.5574380247392,114.79126511495896,114.98820981817026,15015400
2022-04-20,117.79020690917969,119.51793326158821,117.57535437607643,118.63169558927974,13430200
2022-04-21,116.87708282470703,118.89127891288919,116.33997206364333,118.3631152169687,12174200
2022-04-22,113.52010345458984,116.84129542749265,113.41268402095349,116.62644290057682,14318800
2022-04-25,113.4842758178711,113.79760066003499,110.20785387050455,112.80393008530257,17149000
2022-04-26,110.12728118896484,113.16200941531902,109.99300692083354,111.5775047531661,17209500
2022-04-27,108.69499206542969,110.61071616513037,108.51595511080836,109.50962591754737,17215200
2022-04-28,110.41374969482422,110.69126579865858,108.44431626215946,109.93929571157993,13015600
2022-04-29,106.85086059570312,110.65545304886665,106.43907023211564,110.15414422881588,14874800
2022-05-02,107.82664489746094,108.05939839456522,105.83035628369258,107.31638208100041,18545000
2022-05-03,110.13626098632812,111.15678664306498,108.12206453279667,108.7934633506405,15720900
2022-05-04,113.77970123291016,114.04826345169661,109.87663614418702,109.93035268583687,17128500
2022-05-05,110.9329833984375,112.88451617148476,109.35743914171478,112.12359890218478,15055400
2022-05-06,110.7539291381836,111.26419187004964,108.48012475220237,110.82554663769969,14417900
2022-05-09,109.08888244628906,110.40482524587874,107.87141202148652,109.31268205629215,14312300
2022-05-10,106.43011474609375,110.80763345095065,105.23949948645577,110.20785228881255,16382400
2022-05-11,105.75872802734375,110.0109200091045,105.57969109688227,106.79716134751945,14630300
2022-05-12,105.66919708251953,105.91985148749163,103.27901951105244,104.73819012846585,16318800
2022-05-13,106.60916900634766,107.64760237829037,105.59759732215225,106.89563903708064,10443200
2022-05-16,105.86615753173828,106.94039280710949,104.94410433491076,106.11681197400347,10269000
2022-05-17,109.37532043457031,110.08252785856429,108.14889639602573,108.35479499483735,11160200
2022-05-18,107.50437927246094,109.18735674035337,107.00307032278516,108.58757541415953,12664900
2022-05-19,105.91089630126953,107.11046543448789,105.30216125526773,105.80347688891759,12765800
2022-05-20,105.04256439208984,107.12837805333687,102.9657046261201,106.94038723143947,13150100
2022-05-23,111.54170227050781,113.30524394244324,107.82662811087305,107.8355820058582,24376700
2022-05-24,113.11724853515625,114.1288200731549,110.20785429676194,111.32685208075975,19324900
2022-05-25,113.90502166748047,114.46004703268784,112.05196159164588,113.04563218026361,12780400
2022-05-26,115.87447357177734,116.54587231667595,114.77338345484351,114.9166048057603,15990900
2022-05-27,117.5126724243164,117.5126724243164,115.6058958728613,116.51900186844213,11177800
2022-05-31,118.37206268310547,119.19564344723958,116.11617289164131,116.53690350906116,17015000
2022-06-01,116.29521179199219,118.94499105045587,115.18516100771367,118.94499105045587,10768000
2022-06-02,118.16615295410156,118.17510001791577,115.18514154723908,116.28623142052145,8374800
2022-06-03,116.51901245117188,117.9602822413214,116.36683038136005,117.45897338555493,8596000
2022-06-06,116.13408660888672,118.515317672242,115.89239287166446,117.35155700025572,11323500
2022-06-07,116.43844604492188,116.66224561340096,115.14039762002993,115.32839526779468,6722200
2022-06-08,114.58537292480469,115.88340762054031,113.60065624219624,115.48057115077972,8422100
2022-06-09,112.17729949951172,114.67491046629475,112.14149074706746,114.0214126863742,13560100
2022-06-10,107.02095794677734,110.46746998589195,106.81505933563845,109.74235472911663,12945200
2022-06-13,103.83405303955078,105.58864095784381,103.00151831420457,104.61287805030086,16805600
2022-06-14,102.1063232421875,105.02467182203183,101.35435989452169,103.44017372240945,13357900
2022-06-15,103.31484985351562,104.69344936901386,101.30960053496565,103.50284069653812,14083500
2022-06-16,101.54234313964844,102.28535936559167,100.14583598135204,101.92727868069437,16724900
2022-06-17,101.18425750732422,102.61657334705905,100.40543939781064,101.64081052899056,30919900
2022-06-21,103.69082641601562,104.76506170301334,102.98361890064393,103.7266351695584,11680500
2022-06-22,103.10893249511719,104.02203168539783,102.40172507321785,102.84037029395321,9842700
2022-06-23,101.98098754882812,103.10893930648048,99.79670836569515,102.95675723635067,11851500
2022-06-24,105.02467346191406,105.47227265103402,101.0052346559669,101.36331537322718,14841100
2022-06-27,104.18317413330078,106.08099695958329,103.52072931358235,105.68710752794594,11280500
2022-06-28,103.6818618774414,106.78820092274854,103.4849171680828,105.3379772873249,11590900
2022-06-29,103.21635437011719,104.57705261816237,102.70609167337273,103.8429903731998,9338400
2022-06-30,100.80826568603516,102.12420807847144,99.30433249893942,101.30957447179375,15172600
2022-07-01,102.09736633300781,102.42858532476683,99.51024385609563,100.84408737790281,10573600
2022-07-05,101.70903778076172,101.7903150024578,98.71068965291778,100.0382658389379,12514200
2022-07-06,101.04975128173828,102.04317851229122,100.05632405118534,100.90525615795517,10656200
2022-07-07,103.60558319091797,103.76814452628966,102.41346902827082,102.50377935009158,10347400
2022-07-08,103.28047180175781,104.44549368414056,102.6031339787611,104.00296823571563,8807800
2022-07-11,101.92577362060547,103.16304625087798,101.34777935732482,102.54892648486292,7939500
2022-07-12,102.0251235961914,104.021011241623,101.38391138442036,101.67290853465852,11250900
2022-07-13,101.06783294677734,101.58260939259131,99.68605806463178,100.9233309106433,12979900
2022-07-14,97.53662872314453,97.7443486493511,95.7845796689831,97.5275956245524,26204800
2022-07-15,102.00704956054688,102.84694854048983,97.23859350289715,98.58424262457284,18863900
2022-07-18,100.95943450927734,104.61705365462404,100.50787607971097,103.65071889096141,13977900
2022-07-19,103.46107482910156,103.80426367733787,101.7541843573262,102.16961732445421,11862300
2022-07-20,103.44300842285156,103.62362904303838,102.48570673343843,103.04563479015856,11667500
2022-07-21,104.14743041992188,104.33708412349664,102.38635539370308,103.35269010633702,11595900
2022-07-22,103.6417007446289,104.9873430401355,102.65729970868503,104.07519301219831,7645500
2022-07-25,104.05712890625,105.17699191776468,103.65072217263219,104.61705696688982,9394000
2022-07-26,102.4315185546875,104.38225439285937,102.07930351005679,103.47913748042467,10675100
2022-07-27,104.0751953125,104.52675378716924,102.3231531161435,102.96436532334556,9337400
2022-07-28,103.68685150146484,104.74350353567817,102.53086294495192,104.0842251516044,10384800
2022-07-29,104.18356323242188,105.21311591851733,103.66878688937415,104.39127625510282,12944500
2022-08-01,103.14498138427734,103.95778798069401,102.11542865889463,103.40688611480245,14740400
2022-08-02,101.53743743896484,103.3165789061789,101.39293542182229,102.88307974498666,14942900
2022-08-03,102.60311889648438,103.04564427985972,100.88719528574643,102.45861687483942,14394500
2022-08-04,101.4742202758789,102.34121171440908,100.26403998922699,101.91674564872301,18033900
2022-08-05,104.54480743408203,104.93314795128671,101.19424478109966,101.62773700620949,14174600
2022-08-08,103.27141571044922,105.39373903863714,103.11788749173971,104.9873391914096,10332500
2022-08-09,104.20162200927734,104.75252385135032,103.2894789312912,103.63266086150269,10233800
2022-08-10,106.91999816894531,107.80505567100711,106.11622476238938,106.53165766654591,12847300
2022-08-11,108.50047302246094,109.45777481282522,107.75088427819212,108.28372687733304,11684900
2022-08-12,110.29766845703125,110.40604496938778,107.86828859459865,108.9791185627527,9906700
2022-08-15,110.59569549560547,110.83050782046035,108.91589749901897,109.40358145514749,8456200
2022-08-16,111.65235137939453,112.20325329641884,110.06287043246668,110.44217791592202,9555000
2022-08-17,110.71308135986328,111.22786453261098,109.90028178027754,110.45118356036467,8149300
2022-08-18,109.85513305664062,110.6047216956186,108.87073899768754,110.39700178846473,9531800
2022-08-19,107.13675689697266,109.26811336263808,106.6671391339676,108.93396451461521,13464500
2022-08-22,105.36664581298828,105.80917804968098,104.31000070624378,105.43889681778322,8967600
2022-08-23,104.32805633544922,105.92657703158338,104.20162052663164,105.38470829518876,7607000
2022-08-24,104.5809555053711,105.13185744844715,103.36174199480976,104.12036388783095,9771300
2022-08-25,107.06450653076172,107.23609404883676,104.47255866155261,104.90605778614368,10758900
2022-08-26,103.56041717529297,108.36499898889618,103.497199265518,107.8863481162807,11276200
2022-08-29,103.30754089355469,103.73200693592625,102.46764190701217,102.95532585631767,8117300
2022-08-30,103.32560729980469,104.38225241366172,102.37733180363446,103.85844296072511,10745400
2022-08-31,102.71150207519531,103.885550071156,102.35928009714742,103.38883984256205,10738300
2022-09-01,103.4159164428711,103.52428605933352,101.06781391963983,102.31411274060292,9979800
2022-09-02,102.69341278076172,106.07106775847333,102.22379506604027,104.64414841937668,10666600
2022-09-06,102.72052001953125,103.63267006879268,101.21231636586853,103.25336260324316,9751900
2022-09-07,104.67125701904297,104.86091075377303,101.83547031648506,102.16961918186084,10647900
2022-09-08,107.10966491699219,107.28125933599948,103.52428965611183,104.11131702987369,11435000
2022-09-09,107.62443542480469,108.41918267779614,107.17287699114496,107.59734302122268,9299700
2022-09-12,108.8978500366211,109.7738746332658,108.1843867763665,108.93397554362289,8614600
2022-09-13,105.11378479003906,107.39866964785035,104.5628828808155,106.63102159261226,12904600
2022-09-14,104.86994171142578,106.42329706277043,103.75007174316752,105.39374430083673,9345700
2022-09-15,106.45037841796875,107.81407980862134,104.5448014416368,104.86992403695069,10821400
2022-09-16,105.7369384765625,106.02593563675192,104.19260925584067,106.01690253761718,14844100
2022-09-19,106.7123031616211,107.22707955253973,104.3190418426979,104.7615672232543,8201300
2022-09-20,104.6080322265625,106.28783021251847,103.53332091021564,106.03495858284512,9619000
2022-09-21,101.59162139892578,105.30343252778589,101.52840348951455,105.24924771692922,12606300
2022-09-22,100.43563079833984,102.5940796633979,100.30919498207801,102.39539284063352,11684500
2022-09-23,98.56617736816406,99.64991488605993,96.77800977461236,99.38801704991926,18138600
2022-09-26,96.44386291503906,98.99065251759009,95.78458448934346,97.53663363167679,15753600
2022-09-27,95.59491729736328,97.69014811600945,94.51117983229051,97.31084069225746,12793600
2022-09-28,97.52758026123047,98.19589164706228,95.40525718194178,95.68522118207703,12762600
2022-09-29,95.8748779296875,96.88636428460482,94.28539051308795,96.58833410207353,12713900
2022-09-30,94.3757095336914,97.19343654762199,94.28539922797404,95.78456959553937,15973400
2022-10-03,97.29280853271484,97.86176982708935,94.33961174752952,95.38723089426736,12248100
2022-10-04,101.84449768066406,102.04318451651244,99.21643088074552,99.89376860828187,16013600
2022-10-05,100.58705139160156,101.09731956369038,99.16558608256419,100.00388578010508,10943500
2022-10-06,98.53685760498047,100.4048145121466,98.3546209587663,99.73963754488827,11521400
2022-10-07,96.56865692138672,98.14502376981496,95.92170096185158,97.97189412273814,11681100
2022-10-10,95.66657257080078,97.78054936559151,95.23830886184155,97.25206038080496,8931700
2022-10-11,92.9056396484375,95.25652943424154,92.80540742836888,95.10162762209222,12739700
2022-10-12,94.40913391113281,95.42967718552727,92.28604295866302,92.75986935287135,13181000
2022-10-13,99.6576156616211,100.14054894608557,92.72340612549836,92.92387057230579,22398700
2022-10-14,101.31600189208984,105.00634576173177,100.88773816764991,102.0176205595319,33387100
2022-10-17,105.5712890625,106.61916704343652,104.16804479395884,105.1612531773813,22276300
2022-10-18,108.28665161132812,109.47121053002003,106.57360369913953,109.03383984906542,21539700
2022-10-19,106.16356658935547,108.27754339454656,105.39815747871167,107.51213428390275,17072000
2022-10-20,105.81730651855469,108.16819647835885,105.37993584577528,106.75584528065188,12207400
2022-10-21,111.37562561035156,111.52141353270606,105.99956128081135,106.11801440221701,20593300
2022-10-24,111.51229858398438,112.16836160821882,110.55554580021095,111.22982970761538,12624200
2022-10-25,111.80387878417969,112.32326084100262,110.1546142962104,111.0293626576026,11289100
2022-10-26,113.08866119384766,114.08186259544338,111.9678858154294,112.07723195904236,11667000
2022-10-27,113.53514099121094,114.99305475180212,113.17977472931312,114.08185778244749,10727600
2022-10-28,114.88373565673828,115.06597230172817,113.03400659774964,114.16388909082818,11859500
2022-10-31,114.70148468017578,116.11384291956712,114.43723669562402,114.5374689294844,13295200
2022-11-01,116.7698974609375,116.8883575277222,115.1115260447702,115.6035732904835,13386900
2022-11-02,115.69469451904297,118.78365206834137,115.39399781377767,116.31430881237056,16546100
2022-11-03,115.90425872802734,116.79722791892495,114.72882068415542,115.09329393242619,12474400
2022-11-04,119.07522583007812,119.21191373214344,117.05238113639679,117.99091300143729,14953200
2022-11-07,119.7039566040039,120.5422562537295,118.89299175452643,119.36681813176754,12011200
2022-11-08,119.77686309814453,120.3326939181683,118.58319705115049,119.58551948193603,9884100
2022-11-09,118.21871185302734,119.7586232089557,117.74488548763813,119.65840487972875,9494000
2022-11-10,123.08448028564453,123.23938209191127,120.76092538412053,120.85205063663577,16351600
2022-11-11,123.28498077392578,124.07771786835762,121.89995717244851,123.18474852834981,10704700
2022-11-14,122.01841735839844,123.67678899125211,122.01841735839844,122.82938229010631,11085600
2022-11-15,121.13455200195312,123.6585720141834,119.91355115124094,122.72002615313413,14038300
2022-11-16,121.29853820800781,121.69946710605615,120.3053368311461,121.18919901899922,7893400
2022-11-17,120.77005767822266,121.08898222515589,119.62195433603893,120.27801736121944,8820200
2022-11-18,121.95460510253906,122.71090029314199,120.53313998430247,122.6197889339358,9468500
2022-11-21,121.23477935791016,122.61068200104424,120.96141744169577,121.86350759407385,7800500
2022-11-22,123.04802703857422,123.25761234272113,121.81791952804015,122.10038835111622,9185700
2022-11-23,124.36016845703125,124.37839629093351,122.884033697508,122.95693112935358,7316200
2022-11-25,124.59710693359375,124.96158024272741,123.9774856235479,124.36018676926791,3220500
2022-11-28,122.41932678222656,124.56975233339683,122.27353192023728,123.98658678920303,9906900
2022-11-29,124.43307495117188,124.50597238832647,122.47400672878844,122.70180600598485,7925300
2022-11-30,125.90921783447266,125.90921783447266,121.3623528705557,124.00481909276652,14761200
2022-12-01,124.14152526855469,126.3466210680778,123.40344377572895,125.90923635297348,8858500
2022-12-02,123.15739440917969,123.33052407018114,121.4990091340745,122.54689406506525,8931900
2022-12-05,119.7039566040039,122.61979839893624,119.00234485928307,122.31910169244269,10154500
2022-12-06,119.9043960571289,123.11181302007331,118.33713628567659,121.544553248621,13966700
2022-12-07,119.8224105834961,121.26210357302698,118.75631171671813,119.64928092154898,11739400
2022-12-08,121.07987976074219,121.17099113199285,119.7586327918413,120.57871855568649,8907300
2022-12-09,120.4238052368164,121.88171217179693,120.27801037218929,120.4602470010914,7957800
2022-12-12,122.29174041748047,122.69265536891442,119.91351598440174,120.64246237156244,8841600
2022-12-13,122.17330169677734,124.9159998021419,121.2621046500267,124.73376317354447,10025400
2022-12-14,121.56281280517578,123.65856899104851,120.97052632668739,121.89995129505552,9966100
2022-12-15,118.54673767089844,120.35090387451348,117.5899780207003,119.50348341733348,12087800
2022-12-16,117.80864715576172,118.36447784956232,117.02501722521926,117.68108013933676,21133700
2022-12-19,118.51029205322266,119.66751625792386,117.62642975800985,118.13669790704729,9017200
2022-12-20,119.08434295654297,120.32357148266397,118.63785140318409,119.33947701452993,8549900
2022-12-21,120.4238052368164,121.17097958644418,120.06843894414003,120.44201916707213,8051700
2022-12-22,119.05702209472656,119.64018771035774,117.00682852205627,119.45795106242893,8648200
2022-12-23,119.62195587158203,119.76775074655242,118.127593162547,118.9841206732923,5091900
2022-12-27,120.04109191894531,120.47846256451741,118.95676531733432,119.88619010496691,5411000
2022-12-28,120.69715881347656,121.56279316892387,119.3759120615299,120.14132809618722,8827700
2022-12-29,121.38967895507812,121.43524159089884,120.56048625593982,121.12542400957655,6585200
2022-12-30,122.1915512084961,122.40112267337456,120.67896050564144,121.01609902354585,9292500
2023-01-03,123.12093353271484,124.59708211938356,122.00016512175894,123.23028662668908,11054800
2023-01-04,124.26905059814453,125.45359556835639,123.53098325696976,123.91368432632842,11687600
2023-01-05,124.24152374267578,124.57197828542743,122.72693458570335,124.52607909767696,8381300
2023-01-06,126.61894226074219,127.02283266770857,123.45209467006761,124.95749545555589,10029100
2023-01-09,126.09574127197266,127.48182125662994,125.64596560031427,127.22480258526312,8482300
2023-01-10,127.22479248046875,127.33493932902984,126.04065783257313,126.48125923328347,9048700
2023-01-11,128.17022705078125,128.2803738736494,126.76579903336135,127.50012986109937,8703700
2023-01-12,128.041748046875,129.2993045936698,127.7939036303249,128.5098861612776,11001700
2023-01-13,131.27284240722656,131.7134578116204,123.73666342782222,124.47100842867938,20200000
2023-01-17,129.2442169189453,129.92347442105137,127.80306377421796,129.58384566999834,14292900
2023-01-18,125.36141204833984,129.17998122441745,125.21454023213411,127.51853407218373,13392600
2023-01-19,123.69078063964844,124.7463920889025,122.62598094754337,124.21400624931772,13303400
2023-01-20,123.99365997314453,124.37001364488134,122.58923188735922,124.06709586078561,13092500
2023-01-23,126.00393676757812,126.63730910887898,123.7550167490843,124.0303838483761,10487100
2023-01-24,127.08710479736328,128.7760886368334,123.92025659674002,125.22371242979634,6945000
2023-01-25,127.70210266113281,127.70210266113281,125.98558227001476,126.7199272630457,8967000
2023-01-26,128.49154663085938,128.5649825454134,127.00450787892926,127.97750923544987,7487600
2023-01-27,128.80361938476562,129.66645964258169,128.2803938816087,129.06981225036947,7489900
2023-01-30,127.71128845214844,128.59249122170448,127.50934323277819,127.80307282047505,6729300
2023-01-31,128.47317504882812,128.57414766236954,126.90351242131437,128.3997391474829,9188700
2023-02-01,128.13356018066406,129.31769508904395,126.78420496309762,126.86682912415998,8841800
2023-02-02,127.53691101074219,128.93216540995348,126.67405650078875,128.50991239210452,11822100
2023-02-03,129.5104217529297,130.6486571952996,126.7933634803207,126.83924866224655,11501200
2023-02-06,130.27230834960938,130.56605196116956,128.5374254124228,128.72100816641475,8406200
2023-02-07,131.8603057861328,132.49367812711995,129.5930232933209,129.776620034711,10447900
2023-02-08,130.9332275390625,132.21832092230736,130.60277295387561,130.94240177520447,6958000
2023-02-09,128.89541625976562,131.57576367731173,128.3905531831035,131.37381844664688,6443100
2023-02-10,129.46450805664062,129.68481573235314,127.2155881421242,128.3079242736944,6582900
2023-02-13,130.8689727783203,131.0158305809671,129.18916322856035,129.7032005539907,7134600
2023-02-14,131.44725036621094,132.0071868512753,129.97857437715746,130.80470374559593,9249400
2023-02-15,131.9980010986328,132.08061122697532,129.70318193490994,129.98773727017723,6728300
2023-02-16,130.1804962158203,131.62163523413452,130.05197290831964,131.18103391721556,8165300
2023-02-17,130.56605529785156,131.10762933823122,128.57415365287892,129.40945730585884,7948800
2023-02-21,128.17022705078125,129.73987530250338,127.36244633251417,129.14322800335057,9996300
2023-02-22,127.18804168701172,127.98663418976886,126.15996729206339,127.51849617202556,11107500
2023-02-23,128.2069549560547,128.66591878736003,126.61894402154833,127.34410071216634,8068000
2023-02-24,129.36354064941406,129.75825683343695,127.52768529750153,127.69291956253534,9126900
2023-02-27,130.4925994873047,131.54821069355833,130.0887090759318,130.44670030301876,10014700
2023-02-28,131.58494567871094,131.96128540304167,130.25393926523444,131.2085919479146,11019800
2023-03-01,130.8505859375,131.68590343902994,130.16214021773743,130.43752130693525,7139200
2023-03-02,129.4920654296875,130.7404336368515,128.0876231836981,130.56603914188472,11106800
2023-03-03,131.86949157714844,131.94292747104717,129.50123652315648,129.8959386955895,9513100
2023-03-06,131.09840393066406,132.21826252345681,130.95153217845933,131.6675144623809,9261300
2023-03-07,127.24311828613281,130.63027334071958,126.49959917785054,130.35489226190228,11747600
2023-03-08,126.49044799804688,127.21560476484939,125.65513037576176,126.67403074856318,10002500
2023-03-09,119.64270782470703,126.07739076011848,118.6146331558741,125.53580270535332,25888100
2023-03-10,122.68104553222656,124.15890985849383,117.32953175168383,118.37597589232922,37599700
2023-03-13,120.47799682617188,122.89215088273798,118.78901341316956,120.44128588522119,42901100
2023-03-14,123.5714340209961,124.40675166748184,120.51473281403375,124.17726972107145,29648100
2023-03-15,117.73339080810547,120.23934328065651,116.32896968149458,120.23015504037352,34280600
2023-03-16,120.01905822753906,121.12056877135511,115.67725671081043,117.50393104721145,24558500
2023-03-17,115.48446655273438,117.93533150958187,115.15401206380756,117.84354715549645,38396000
2023-03-20,116.70533752441406,118.84411093507273,115.66808165297395,116.5676469566076,22875500
2023-03-21,119.8354721069336,120.91862014277781,119.50501755241963,119.87218305456132,17807800
2023-03-22,116.7420425415039,119.9364339471091,116.65025117421409,119.84463557658687,17250200
2023-03-23,116.42996215820312,118.8991902526606,115.67726162056047,117.40297041654621,16677600
2023-03-24,114.65837097167969,115.3651723339347,113.00609804230815,115.3192731401946,22311100
2023-03-27,117.94452667236328,118.76148170593095,115.9250816766963,116.38404549345259,18853900
2023-03-28,118.30253601074219,118.72477494321657,117.25609190527013,118.14648996991762,10820500
2023-03-29,118.54117584228516,119.53253938239763,117.28361244399996,119.42239254676213,14595300
2023-03-30,118.18318176269531,119.44073812734443,117.17346277546625,119.28469211181209,12134700
2023-03-31,119.61515808105469,119.6426947919369,118.27499146323525,119.01851066998601,13105200
2023-04-03,119.47747802734375,120.65242441429587,118.78903222218591,119.24799609229113,11775400
2023-04-04,117.8802719116211,119.87217331210601,116.95316998985939,119.78956318180809,11579900
2023-04-05,118.0560531616211,118.5556180530066,116.99215032778558,117.30669876634833,9614700
2023-04-06,117.92652893066406,118.49085978447646,117.36219807685167,117.49171593921575,8760200
2023-04-10,118.3150863647461,118.62962773837349,116.77011820045877,117.06616004665871,9477300
2023-04-11,118.8979263305664,119.28647993848854,117.99129418722026,118.69439623359925,10516300
2023-04-12,118.8794174194336,120.66491473399118,118.47235723346081,119.50850016765428,11821000
2023-04-13,119.33272552490234,119.37897080999345,117.33443795868511,118.84240692528248,12450200
2023-04-14,128.34352111816406,128.70432192868034,124.80026489366325,125.03154782646573,43931300
2023-04-17,129.3611602783203,129.57393660517366,127.3536262923324,129.47217155904576,16050500
2023-04-18,130.81361389160156,131.16516844720888,128.6210563274781,129.7682246924568,13760100
2023-04-19,130.64707946777344,130.90611517414274,129.8884648159867,130.656325701434,9158100
2023-04-20,130.26779174804688,130.84136888185074,129.37041287435343,129.4351788688871,10586200
2023-04-21,130.0180206298828,130.54535254663173,128.3897936978352,129.27792646211023,11842500
2023-04-24,130.1937713623047,130.53607966724374,129.55542827395698,129.94399598403788,7567500
2023-04-25,127.36287689208984,129.48143634780217,127.32587783604285,129.14838837782244,10629300
2023-04-26,125.10553741455078,127.49237854301568,123.96762954371559,127.31660128727947,14416100
2023-04-27,126.789306640625,127.58492049446642,125.5033740983407,125.81791549915499,9041100
2023-04-28,127.8902359008789,127.96424814508842,125.5126401984715,126.33600700526323,9887300
2023-05-01,130.62860107421875,132.63613529000807,130.28630684187388,131.6092384765832,20415800
2023-05-02,128.519287109375,131.7480016494067,128.06596751902677,130.81360964852448,14113400
2023-05-03,125.79939270019531,128.28799899614634,125.59586261615847,128.07522267788534,12930900
2023-05-04,124.0786361694336,125.5588522625935,121.9415845957693,124.85575738235532,17089200
2023-05-05,126.50250244140625,127.5571519205553,125.73464150502055,126.22496013291689,11261400
2023-05-08,126.80780029296875,127.6404131199334,126.26196189853924,127.19635388664483,7484900
2023-05-09,126.19723510742188,126.69680007961651,125.08707974535166,125.75316166948073,7343600
2023-05-10,126.2619400024414,127.72364942976755,124.77247776012186,127.621884402663,8133400
2023-05-11,125.8641586303711,126.5672535735606,124.80024880678477,124.89276761453596,7057300
2023-05-12,124.06018829345703,126.733818808962,123.16280925834782,126.576548086449,9988600
2023-05-15,125.10553741455078,125.51259756122676,123.93063049237568,124.21741901851901,7639500
2023-05-16,124.26370239257812,125.76241129775045,123.93065440071872,125.31835201406793,6477200
2023-05-17,128.08450317382812,128.21402106955233,125.31836794734856,125.72541410791614,12711500
2023-05-18,129.0558624267578,129.26863874913792,127.44612830813715,127.91795447407839,10999600
2023-05-19,128.75982666015625,129.97176107720804,127.78844964239138,129.324157576845,13492200
2023-05-22,127.69593048095703,131.0356565626239,127.35363626100116,130.44357282509466,11402500
2023-05-23,126.36373138427734,128.6210549171085,126.24347386635336,127.2426036472694,9514900
2023-05-24,125.20732879638672,126.14172090687893,124.9667996210985,125.26283444326934,8578000
2023-05-25,125.51261138916016,126.06769603512515,124.50422126149972,124.7262579431635,8472500
2023-05-26,126.68753814697266,127.29812846119732,125.4756178700777,125.91967713660947,8579900
2023-05-30,127.16859436035156,127.4091234914505,125.8364026143531,126.55800412403765,7399900
2023-05-31,125.54962158203125,126.59501074030375,124.33768727097637,126.49324569483773,14219900
2023-06-01,127.27964782714844,127.88097791243162,125.30911237325745,126.29901027692422,12248100
2023-06-02,129.95323181152344,130.88760960845246,128.90782862786745,129.11135870108166,12922500
2023-06-05,128.6765594482422,129.62019769584077,127.78844095811672,129.62019769584077,8511900
2023-06-06,128.9078369140625,129.61094598177561,127.86244777959627,128.2972466551711,9329500
2023-06-07,130.1567840576172,130.69336214964648,128.4360384922783,129.10213446056366,9281400
2023-06-08,130.1937713623047,130.3417958122033,129.03735681570043,130.13826572268985,7368100
2023-06-09,130.4528045654297,131.1836664499092,129.71271056304445,129.8422284251007,7249100
2023-06-12,130.44357299804688,130.73962192539892,129.29640457914243,130.5083389945513,7596600
2023-06-13,131.38719177246094,132.17354515058557,129.64793987385255,129.9624812251024,7701600
2023-06-14,130.89686584472656,132.85814017981997,130.16600402759403,132.29380937935048,9068700
2023-06-15,132.37710571289062,132.66389431191888,129.54620466695994,130.0642762157066,9343100
2023-06-16,132.53436279296875,133.19121251382106,131.83126778004208,132.3400930403658,13813500
2023-06-20,131.85899353027344,132.29380647106268,130.4805424928366,131.9330057453425,8428600
2023-06-21,131.66473388671875,133.2374547571487,131.08189647121839,132.2012977833272,9926500
2023-06-22,129.12989807128906,131.9238000541086,128.5470605212476,131.65550392748372,10075200
2023-06-23,128.45449829101562,128.75977922526025,127.31657652511073,128.16769570426595,9919500
2023-06-26,128.76907348632812,129.5276740803325,127.38137604512144,128.47302458967096,8429700
2023-06-27,128.77833557128906,129.37041932109125,128.16774523407085,128.59331204629902,8154000
2023-06-28,128.21400451660156,128.787595794806,127.63118111928345,128.7413363845071,7558600
2023-06-29,132.69161987304688,132.8118914994339,129.3796611359961,129.5831912192412,15423200
2023-06-30,134.5511474609375,135.0692189187159,132.90441427740396,133.7740402742699,14212800
2023-07-03,135.633544921875,136.43840489948644,135.06921407921726,135.24499134246298,8021600
2023-07-05,134.73001098632812,135.46587799800494,134.4691962824425,135.0094593728728,8934900
2023-07-06,133.39796447753906,133.5656249442972,131.7492321544229,133.22098006485066,9709500
2023-07-07,134.4505615234375,135.84778923164006,133.20237484864367,134.05002973615368,8981500
2023-07-10,135.20506286621094,135.98752118872673,134.59960320839312,134.59960320839312,9100100
2023-07-11,137.3195343017578,137.69213687671945,135.72670271046846,136.3135286693638,11260900
2023-07-12,137.99952697753906,139.60168266189007,136.92832468067778,137.34749017886975,11323200
2023-07-13,138.67018127441406,139.13592382100734,137.6269225183122,138.51183051417252,11234900
2023-07-14,139.508544921875,142.41477425048174,138.24172445829373,141.1665874709736,27028400
2023-07-17,142.87120056152344,143.21584552769662,140.04880162087375,140.04880162087375,17262400
2023-07-18,143.1320037841797,143.82129366119753,142.3495597118885,142.87118909341595,13491700
2023-07-19,143.68157958984375,144.57581155785212,141.79066593554987,142.28435191149842,12510000
2023-07-20,145.45138549804688,145.8612411959439,143.83061060060632,143.94238425882045,9935900
2023-07-21,144.3336181640625,145.4420877437657,144.09143714687315,145.1253862105177,10636400
2023-07-24,147.17465209960938,147.9105191062399,144.1286917124975,144.35225326286724,14381400
2023-07-25,146.07550048828125,146.9138313945766,145.27442273219106,146.52260935741646,9944700
2023-07-26,146.95108032226562,147.4075131258379,145.57248639093294,145.973032364136,8728600
2023-07-27,145.33030700683594,147.9012007257925,144.89250787962217,146.96040590631952,10778400
2023-07-28,146.15933227539062,146.80205927654154,145.72153313586276,146.50397721842265,9103800
2023-07-31,147.13739013671875,148.4600972505264,146.38287527940497,146.41081869486092,8892700
2023-08-01,146.4108123779297,147.17463693632857,145.45138391977855,146.6436836389049,6853900
2023-08-02,144.7527618408203,145.02290044753636,143.39280171413372,144.90180285050275,8299400
2023-08-03,145.6376953125,146.16863440757513,143.77472518615312,144.38018479188221,6084000
2023-08-04,145.33030700683594,146.98834932181535,145.03222495710128,145.68426167422783,6209400
2023-08-07,146.0196075439453,146.89520586235753,145.87058072152223,145.87058072152223,7251800
2023-08-08,145.19989013671875,145.29303011114902,142.135296447293,143.74677577293843,8623400
2023-08-09,143.25308227539062,144.86456167574858,142.95501444472765,144.67826750491744,6277800
2023-08-10,143.03884887695312,144.7900454033658,142.60104974534997,143.80267347705555,5995100
2023-08-11,143.86785888671875,143.93306966069574,142.17256353665195,142.54515186032958,5180700
2023-08-14,144.16598510742188,144.305702218295,142.4427316021848,143.08545873887687,5044300
2023-08-15,140.49588012695312,142.76870573429662,139.93698345804376,142.37748375139313,10300300
2023-08-16,139.89974975585938,140.61699726419639,139.42468325726324,140.2816620589134,6978200
2023-08-17,138.4466552734375,140.8964517807913,138.23240343540263,140.54249705592846,9953900
2023-08-18,138.76332092285156,139.2570068334218,137.33815001674006,137.5337539063372,8517500
2023-08-21,139.23837280273438,139.8159031635804,137.87841267213932,139.3967235459772,8327000
2023-08-22,136.35081481933594,139.3874516036392,135.85712877616197,139.03348266199112,9673300
2023-08-23,137.27296447753906,137.4778923512937,135.4938386111576,136.32285984104288,7858000
2023-08-24,137.14251708984375,139.17316155156115,136.9189698116106,137.39402199118757,6534000
2023-08-25,136.97488403320312,138.43730821975407,135.85710477842937,137.18912162214562,6695500
2023-08-28,137.44993591308594,138.42799808820456,137.04940415172047,137.45925986040518,5094100
2023-08-29,138.56773376464844,138.6515782351043,137.09598543742473,137.58968567158038,6337000
2023-08-30,138.00888061523438,138.93104206696933,137.10533863794106,138.4373559408201,6277300
2023-08-31,136.30422973632812,138.1858338023198,135.9595847638455,138.10198933297488,10933900
2023-09-01,136.76065063476562,137.9343167562404,135.7173776467866,136.08065627105267,7903500
2023-09-05,135.25164794921875,138.05542749261048,135.07466348740962,137.07736519173747,7854700
2023-09-06,135.02810668945312,135.56835562109754,134.23633854985346,134.78591143043653,8629200
2023-09-07,133.87303161621094,135.31683627659737,133.56563984619314,134.254943895324,8373700
2023-09-08,133.97549438476562,134.2456187912406,132.87633465175176,133.5470050144946,7107900
2023-09-11,134.56236267089844,135.11193554577025,133.8451150635779,134.83248713391345,6854200
2023-09-12,136.3135528564453,137.2264186670764,134.1804578129726,134.5996233475119,8363200
2023-09-13,136.37875366210938,137.5803633349108,135.8291807967714,137.24502808916728,8325900
2023-09-14,139.02415466308594,139.62961430794292,137.41268937938833,137.71075722793276,10034900
2023-09-15,138.6143035888672,139.47126822554205,138.14856101154376,138.71676752441178,19863400
2023-09-18,138.90306091308594,138.92169459580555,137.62693080683306,138.00884312924032,6512400
2023-09-19,138.72605895996094,139.46194009453058,137.12391778157357,139.25701225047322,7943400
2023-09-20,138.1392364501953,139.95562946413457,137.99019543024798,139.39673274599912,7332000
2023-09-21,137.0587158203125,138.65156158094146,136.58366354035942,137.4685715347824,8052400
2023-09-22,135.7452850341797,137.40332695238504,135.24228946228874,137.19839914556587,7071700
2023-09-25,136.416015625,136.4812264166251,133.8544311198031,135.39139035092364,7044700
2023-09-26,135.00015258789062,135.8478075899517,134.34811574528098,134.69277495828243,7468400
2023-09-27,135.7919158935547,136.0806740411487,134.60892566996742,135.2423430182411,6717800
2023-09-28,137.47784423828125,138.67014369740244,136.00609648426243,136.25760137100337,8868100
2023-09-29,135.083984375,138.5677298411343,134.9349433354499,138.41870301492006,11917800
2023-10-02,133.91964721679688,135.64288651510398,132.85775453019892,134.90701937287278,9170600
2023-10-03,132.9322509765625,133.75194823711968,132.59691575663697,133.3886695999783,9431100
2023-10-04,133.52838134765625,133.64015500015333,132.2056601308857,133.37934033543797,8128700
2023-10-05,134.09141540527344,134.2790985479234,132.14902087912517,133.28442657380452,8576200
2023-10-06,136.15579223632812,136.8877105497069,133.378245425862,134.10078531099117,10270600
2023-10-09,135.84613037109375,136.437286343131,134.65441136248006,134.80455212162417,6964900
2023-10-10,136.67190551757812,137.7228767410508,136.32471746527958,136.45608707843692,11288800
2023-10-11,137.14108276367188,138.15451161542055,136.08074744364407,137.47889238092142,8698200
2023-10-12,136.82199096679688,137.90111136244278,136.18391433761482,137.28179158597206,10484400
2023-10-13,138.87704467773438,143.67205672548468,138.7269038957657,139.34622388272672,29427000
2023-10-16,138.73629760742188,140.3033544447982,137.675948014944,140.23766248290062,12663500
2023-10-17,138.43600463867188,140.10628133701448,137.74161431309778,138.4735469904391,11482700
2023-10-18,136.9158935546875,138.3891089691005,136.40917194136782,137.55397046839133,9620300
2023-10-19,136.3341064453125,137.9574770342086,135.94939032443324,136.5123968594399,11143600
2023-10-20,134.13832092285156,136.19332796432457,133.3594817877876,135.65847115964922,13332900
2023-10-23,132.30853271484375,134.82332632207172,132.0551719409711,134.12895027857195,10133400
2023-10-24,132.46804809570312,132.9935264869155,131.70798011425575,132.48681927202136,8881400
2023-10-25,131.74551391601562,132.47743232413248,130.91037551094828,131.90504744438604,8242600
2023-10-26,132.0833282470703,132.93723785988,130.8353098094746,131.14496981142364,9109400
2023-10-27,127.32583618164062,130.5256413246026,126.85665704577679,130.38487899291687,17434700
2023-10-30,128.94920349121094,129.5309810897776,127.6542643788273,128.0296163119447,9855500
2023-10-31,130.4881134033203,130.6570253563772,128.99612702267828,129.22133818734997,9672500
2023-11-01,130.37551879882812,131.86750522317087,129.93448920397768,130.6664076128331,9432000
2023-11-02,132.70265197753906,132.75895119434472,130.64764465484973,131.45463350489638,10186200
2023-11-03,134.1852569580078,134.90779696611224,133.10615047898756,133.42518891230668,9538700
2023-11-06,135.1986846923828,135.3019046927013,133.98819429608287,134.34477508231282,7625100
2023-11-07,135.1330108642578,135.36760050389884,134.0163762068674,134.66383158497575,6297900
2023-11-08,135.79920959472656,135.91180800497975,134.76700977336955,135.22681047892146,7618200
2023-11-09,135.39572143554688,136.67188937760355,134.84209343963576,136.4748421402444,7992500
2023-11-10,137.40380859375,137.45072937566965,135.19867502565089,136.00566379274653,7983300
2023-11-13,136.79388427734375,137.23491386393616,136.21210666022725,136.71881388832668,6676300
2023-11-14,139.2899169921875,140.04998497147045,137.48827066249876,137.6383971179803,9927700
2023-11-15,140.50978088378906,140.9038896625068,139.30868337201736,139.30868337201736,8365300
2023-11-16,142.11436462402344,142.1894350077685,140.83819673678045,140.83819673678045,8126200
2023-11-17,143.39993286132812,143.43746089608462,142.19882097593435,142.81814093600948,7812400
2023-11-20,143.84092712402344,144.2725782108783,142.5553809276465,142.7055216811795,7019000
2023-11-21,143.54066467285156,144.1599845629587,143.165327094841,143.7564830642971,7083500
2023-11-22,143.87847900390625,144.39457892948775,143.47497749182932,143.9535493856464,5174500
2023-11-24,144.07554626464844,144.92007743801872,143.83157822872187,144.12246704953787,3496900
2023-11-27,143.74710083007812,144.06613919476067,143.29669288474923,143.97229764363738,6259100
2023-11-28,144.07554626464844,144.38520626306288,143.30609980167188,143.77527901413984,6582700
2023-11-29,144.8074951171875,146.03674249968046,144.5072135150624,144.6667327468608,9126100
2023-11-30,146.45896911621094,146.50588989611353,144.86376282700448,145.36109159390628,9869800
2023-12-01,147.17213439941406,148.12926401800442,146.21501909903722,146.21501909903722,8916000
2023-12-04,148.2512664794922,148.30756569930318,146.2713294462559,146.40269906521976,9607500
2023-12-05,148.23248291015625,148.72981173453707,147.29412447649986,147.5662421222463,9135600
2023-12-06,146.6748046875,149.4054311697876,146.3839158635571,149.0488503826506,9366000
2023-12-07,147.1251983642578,147.61314871193375,146.52464959719975,147.03137112084337,8130900
2023-12-08,148.74855041503906,148.99251839993292,147.303470724717,147.56620988328277,7369400
2023-12-11,149.29283142089844,149.48050024260286,148.4013794609291,148.74858181520628,8093900
2023-12-12,150.6252899169922,150.74726676899562,149.08638275928868,149.41479959863634,10223000
2023-12-13,151.1320037841797,152.04221259071235,149.9215277308042,150.62529654091423,12379100
2023-12-14,153.8813934326172,154.67898945194864,151.7419375058504,151.8545359278237,13643000
2023-12-15,155.04493713378906,155.0918579121995,152.38000301132783,153.02747252604237,20309300
2023-12-18,155.98330688476562,156.82783800354287,155.42030045712647,155.69241808275353,8469600
2023-12-19,158.0664825439453,158.08525372258012,155.34524868867229,155.76750713956443,10345700
2023-12-20,156.28358459472656,158.9672900233596,156.18974303331925,157.63482289700502,10734700
2023-12-21,157.17501831054688,157.72864628195651,155.46719929855038,156.5556983841166,7601700
2023-12-22,157.08116149902344,157.8600005457501,156.92164231859175,157.17500304902336,6576300
2023-12-26,158.0101776123047,158.3667584024014,156.87475759648876,157.13751113323246,4683600
2023-12-27,158.9578857421875,159.02357769404838,157.25008113054716,157.49404912700695,6428600
2023-12-28,159.80242919921875,160.14023877653213,158.58256048568646,158.91099163409547,6320100
2023-12-29,159.61476135253906,160.1683893436749,159.1737317817801,159.52091979008358,6435100
2024-01-02,161.47271728515625,161.5571661058808,158.498122836749,158.66702047819808,9977400
2024-01-03,160.76893615722656,161.43516256062196,159.86810585055085,161.26626493211452,9852300
2024-01-04,161.83584594726562,163.66748896422533,161.01443026456946,161.1088504968579,11972500
2024-01-05,162.64779663085938,163.6957977282939,161.89247805862217,161.89247805862217,10066000
2024-01-08,162.4117431640625,162.7327488409299,160.0230586986341,162.4117431640625,11229900
2024-01-09,161.12771606445312,162.19458963405594,160.59899740933972,162.03408678564674,9923600
2024-01-10,161.4676055908203,161.52425195899602,159.5132194497431,160.50457411232563,9670200
2024-01-11,160.78782653808594,160.84447290843832,159.22054306132225,160.81614972326213,11919500
2024-01-12,159.60765075683594,166.462135505877,159.46602042005398,164.0923376980296,19436500
2024-01-16,158.6068572998047,158.70126311635474,155.12296140408208,155.66111633727724,17206400
2024-01-17,157.75714111328125,159.62655807074142,157.1906629133129,157.99317729822775,11107500
2024-01-18,158.06869506835938,158.17255155578718,156.01046665306816,157.785448792965,9382300
2024-01-19,160.79727172851562,161.0427585556814,157.74768856764243,158.19143770205324,13115700
2024-01-22,160.6084442138672,162.3739900687929,160.23079212299132,160.93890059826145,12837500
2024-01-23,159.55101013183594,160.26855488193198,159.03172769127113,160.1930215808949,8360800
2024-01-24,160.97665405273438,161.45816261165356,159.4282574873729,159.90032978664777,9967100
2024-01-25,163.28038024902344,163.32759036345254,161.36376773653691,162.68556450152616,8873500
2024-01-26,162.65724182128906,163.39367350786537,162.1851694885348,162.96881128968738,7443000
2024-01-29,163.08209228515625,163.1859487671368,161.7319724259124,162.61947065256376,6971200
2024-01-30,166.42440795898438,166.8870296909014,163.17654754137425,163.17654754137425,10822100
2024-01-31,164.6210479736328,168.34097988836385,164.60216104839228,166.35827052668904,11521800
2024-02-01,164.02622985839844,165.07423089295798,161.85469449593688,163.9412603058267,9354800
2024-02-02,164.97039794921875,165.99952661212967,163.58250409988003,163.6202779551912,8607600
2024-02-05,164.75323486328125,165.31027672703465,163.26148464691352,164.14898288760727,7820200
2024-02-06,165.31971740722656,166.04669834217665,164.05455275409383,164.85708138875617,6764800
2024-02-07,165.6312713623047,166.04669726902134,164.24339212886858,165.876758165275,7225500
2024-02-08,165.03646850585938,165.5179770350135,163.87517475525092,165.22529453259614,6060300
2024-02-09,165.23475646972656,165.31974044049196,163.96960604682866,165.22532020919914,6296700
2024-02-12,165.97116088867188,166.93419234482644,163.99790227497954,165.01758009799576,8539300
2024-02-13,164.52662658691406,166.38659253108648,162.97823007773783,165.52743192652426,8397600
2024-02-14,166.1977996826172,166.2638967304358,164.6777260543512,165.2914287875737,7056700
2024-02-15,169.8232879638672,170.14430808318374,166.3110688296096,166.3110688296096,8723400
2024-02-16,169.0301971435547,169.92713158215182,168.2087959975187,169.57780270974615,8152600
2024-02-20,169.6911163330078,170.38035231002954,168.44485286859958,169.18128455359178,9668000
2024-02-21,170.79574584960938,170.8807298093038,168.5486915839137,169.89881139519073,7024000
2024-02-22,172.84457397460938,173.17501596964703,171.11678747651183,171.66439312125078,9296500
2024-02-23,173.71316528320312,174.8555721496188,172.9578467430217,173.54321176857343,7105800
2024-02-26,173.11837768554688,174.1569426476484,172.28752571586566,173.48659355274557,7145400
2024-02-27,173.20333862304688,173.28830818666538,172.06093162816413,173.07115894413886,5717100
2024-02-28,174.0813751220703,174.8555661544977,172.740691602304,173.1844262826999,6131600
2024-02-29,175.66754150390625,176.01687039489642,173.58099001109568,175.28988942751164,9643000
2024-03-01,174.9405517578125,176.0263267237568,174.76117637998172,175.3276545127971,6311800
2024-03-04,176.2529296875,177.11210484159213,173.97755185771925,174.39297784020357,7063600
2024-03-05,178.01846313476562,178.7265715685503,175.95078420307394,175.95078420307394,6617800
2024-03-06,178.94374084472656,179.45358704183946,177.14987170734017,178.67938148566972,7572900
2024-03-07,177.37644958496094,179.85955460773695,176.20571944704687,179.3025127255679,7618300
2024-03-08,177.70689392089844,179.8217829654967,177.42364766572413,177.9146068809261,6172200
2024-03-11,177.7729949951172,177.91462534065084,175.818623003992,176.81941405714355,5762600
2024-03-12,179.23638916015625,179.53852231652064,177.41419718277717,178.3961011279578,5708400
2024-03-13,180.6903839111328,181.0208258511764,179.2363932741342,179.72735246124432,7795500
2024-03-14,177.47085571289062,180.92642829153954,176.64945454828663,180.3599357877764,10310900
2024-03-15,179.67071533203125,180.27496728319346,176.06407614385787,176.06407614385787,17214200
2024-03-18,181.89889526367188,181.93665470739265,179.2836107860489,179.98228295015656,9013800
2024-03-19,182.9657745361328,183.09795420303539,181.63454160750808,181.94611105231482,8478700
2024-03-20,185.36392211914062,185.5810713562907,182.79584750122132,183.34345313071188,9367000
2024-03-21,187.94140625,188.29073511306996,185.36389573868215,185.54328550290793,11203800
2024-03-22,185.63771057128906,189.28210938068972,185.56217727290985,187.8942156367921,8108800
2024-03-25,183.93824768066406,185.93982951151824,183.50393484990198,185.61882382289116,8620000
2024-03-26,184.7974395751953,185.67550164460062,183.22071964236522,183.72111518484704,5961500
2024-03-27,188.37571716308594,188.45125045286426,185.41110397017053,185.52439670158705,8725800
2024-03-28,189.11216735839844,189.5087063639185,187.45046363259627,188.34741253300237,8628300
2024-04-01,187.82810974121094,189.71639874730494,187.47878088516413,188.81946435071066,7309000
2024-04-02,187.7526092529297,188.6212206187008,187.01617756441715,187.30886010645364,7014700
2024-04-03,187.22389221191406,188.41350931783958,186.6573996434708,187.92255005228904,9353400
2024-04-04,185.79940795898438,189.62650435881844,185.704451453331,189.12318995818293,9243800
2024-04-05,187.50875854492188,188.1450235579785,185.28657665026958,186.28371401034306,6532300
2024-04-08,188.48692321777344,188.961749213529,187.67022192545232,187.67022192545232,8001000
2024-04-09,187.223876953125,188.86678526689303,185.09666584990262,188.0975695025643,7351500
2024-04-10,185.62844848632812,187.14789724424222,184.4033894837573,185.70442237327757,7681400
2024-04-11,185.59046936035156,186.67308646934464,183.51074380978386,186.1317779148481,10137700
2024-04-12,173.58689880371094,179.41776204488056,173.34948578169175,178.83848818207298,31532300
2024-04-15,173.6818389892578,178.02175521711916,173.0265768462732,175.2107791593758,14766600
2024-04-16,171.6970672607422,173.93824633536272,170.60495887605967,173.69132756620658,16451800
2024-04-17,171.01333618164062,173.235518413574,170.17763777351263,172.23838090215577,9017100
2024-04-18,172.1244354248047,174.1282018457854,170.90888195042723,171.98199341239342,9557700
2024-04-19,176.44532775878906,176.5213016504462,172.2763564539198,173.21650257078306,13402300
2024-04-22,179.87356567382812,180.55731618517078,176.61625219749612,176.6257579902194,11529700
2024-04-23,182.46612548828125,182.5515906862369,180.9276939629241,181.50698223329937,9144400
2024-04-24,183.35879516601562,183.50123715835463,180.59530459033215,180.9371798624841,6964900
2024-04-25,183.63418579101562,184.17549433691693,181.5544457829329,182.5705802853631,9802300
2024-04-26,183.74813842773438,185.0586481040228,183.3397806043674,183.824112313257,6413700
2024-04-29,183.54872131347656,184.47937613455747,182.74151138800931,183.7386487987223,5387800
2024-04-30,182.08627319335938,185.17264208312932,181.99130220053547,183.10239326198797,8153700
2024-05-01,182.20022583007812,184.66932672506982,181.18409127627694,182.58958661184525,7445300
2024-05-02,182.0102996826172,183.7576558261807,179.97804505051766,183.34931243535902,6501700
2024-05-03,180.91818237304688,182.83648331208926,178.97140752613703,182.33316895286868,8922800
2024-05-06,182.3331756591797,182.52310315238356,180.26294134934142,182.07676557355808,7911100
2024-05-07,182.0957489013672,183.21633116991745,182.00077791667678,182.04826340902198,7688800
2024-05-08,185.79940795898438,186.7490599587554,181.38353195626496,181.38353195626496,9227600
2024-05-09,187.5562286376953,187.64169382111794,185.2770701365404,185.34353822680143,7977300
2024-05-10,188.76229858398438,189.303592592801,188.28747266828626,188.54386822957662,7529800
2024-05-13,188.72433471679688,189.78795479240884,188.06907252937202,188.79081731113357,7049200
2024-05-14,191.36436462402344,191.43084721785675,188.18303919613928,188.98074337890372,8596200
2024-05-15,191.9341583251953,192.4849582011756,189.7119762152514,191.83918733292532,8370000
2024-05-16,192.27603149414062,194.1848266972293,191.82020261544787,192.03861850661792,8497900
2024-05-17,194.47918701171875,194.7261057552689,192.59888049283305,193.5485322990128,9260500
2024-05-20,185.73294067382812,195.51435921274862,185.5619957780343,194.09937251025042,17373300
2024-05-21,189.47454833984375,189.83540620293476,186.70156657176722,187.08142152992758,14420800
2024-05-22,188.325439453125,190.8230282354212,187.73665999500096,188.98070149034612,9425300
2024-05-23,187.00546264648438,188.31598699121523,186.19826717298557,187.85065231317077,8069400
2024-05-24,190.60464477539062,190.6521157793426,187.61323250895558,187.7936686936961,7356200
2024-05-28,189.45555114746094,190.31973784095035,188.65784704141123,189.7974264058448,6910200
2024-05-29,188.13552856445312,188.97122682934213,186.9769521483251,188.031066281342,6120000
2024-05-30,189.29409790039062,189.78792090122153,188.4109141779327,188.56286194596325,6829100
2024-05-31,192.42796325683594,193.06422827153858,188.36345440821725,189.26562078755566,14417900
2024-06-03,191.65875244140625,192.2285348841936,189.1611633201013,192.1240725961019,6444300
2024-06-04,189.1326904296875,191.81070145859852,188.296992056434,190.0823424027341,6848300
2024-06-05,187.32833862304688,189.75945978946976,187.0054604374614,189.70246850036162,8351600
2024-06-06,186.99595642089844,188.0500705943797,185.49550470158493,187.3283258868018,7640300
2024-06-07,189.88291931152344,190.80408293409917,187.09094004231778,187.48979215355575,6964500
2024-06-10,189.5600128173828,190.7280805753343,188.44892185388684,189.20864625788192,6070800
2024-06-11,184.5743408203125,187.974096305121,183.85261060480624,187.9456079078338,9235300
2024-06-12,181.88682556152344,186.81552119531665,181.67790098621728,186.1317706744125,12751300
2024-06-13,183.90957641601562,184.78325435856823,181.26954549445492,182.637046444724,8587800
2024-06-14,184.02352905273438,185.04915476016592,181.78235017142921,181.81083856686868,6874000
2024-06-17,185.1631317138672,185.7329286756521,182.94094964587563,183.73865379994356,8725400
2024-06-18,187.0814208984375,187.99309308169796,184.35592463196534,184.80226217609294,9023000
2024-06-20,188.66732788085938,189.40805515119,186.23622150741147,186.50212286134877,8731100
2024-06-21,186.41668701171875,187.24287959929455,184.44140914979593,186.80604780216638,20972100
2024-06-24,188.86676025390625,189.19912969949723,187.17638115873376,187.85062584214262,9785900
2024-06-25,188.09756469726562,189.99686855692946,187.78417782155648,188.11654730267455,6862500
2024-06-26,187.48976135253906,187.9740930791857,186.39766750050308,187.50875844725047,7758600
2024-06-27,189.14215087890625,189.79741295190468,186.98643719439153,187.49925729088454,7913500
2024-06-28,192.0765838623047,192.39947651402775,189.26562241469225,189.9398671341947,15307600
2024-07-01,195.10597229003906,196.66340076521706,192.456449968991,192.62738034881588,10205800
2024-07-02,198.31582641601562,198.34431481641582,194.46024166277263,194.95405026340183,7802900
2024-07-03,198.182861328125,199.78777538999265,197.19521521749644,198.9995625582247,5560900
2024-07-05,195.55682373046875,198.02050349921072,195.29900745190662,197.65764610206858,8093100
2024-07-08,195.91973876953125,197.57173620598275,194.77384467818243,195.7955952646002,8707000
2024-07-09,198.26881408691406,200.30277115882623,196.18709382624522,196.35898593660585,9058900
2024-07-10,198.43113708496094,198.5934707205277,196.31122678618965,196.84597630825238,8328500
2024-07-11,198.09693908691406,198.7176420318761,196.12027435744614,196.91285485678202,10658100
2024-07-12,195.70008850097656,198.09691753031748,192.98813608540777,194.8024669591454,15443400
2024-07-15,200.57968139648438,202.06934485154716,197.39981614240926,197.8486268719257,10719700
2024-07-16,203.98875427246094,204.10335387762336,198.69853633899416,200.5319697424249,11557000
2024-07-17,207.0922088623047,207.75110189927824,203.65452696668032,204.16063025607085,11572500
2024-07-18,200.51284790039062,206.872578962817,199.8062208295646,205.90812101896503,12415100
2024-07-19,200.3218536376953,202.77598956126155,199.50062703173836,201.67782974133007,8095900
2024-07-22,200.79933166503906,202.60411869419946,200.2550382160326,200.97122377634756,7663200
2024-07-23,200.84707641601562,201.9452217590213,199.91126471505578,201.50596945015192,5557300
2024-07-24,199.18551635742188,202.47042299049144,198.6889715469956,200.1022402481423,7119000
2024-07-25,199.2619171142578,200.7133905795866,198.669875053893,199.24281475303664,6403800
2024-07-26,202.6709747314453,203.54949395885504,199.21417576589522,199.80623241869637,8027800
2024-07-29,201.3436279296875,203.97918539227317,201.0571508081206,203.06246151742548,6533600
2024-07-30,205.4879608154297,206.06090051426332,203.3585065216416,203.6163228292422,8850700
2024-07-31,203.20571899414062,206.63385704191106,203.0815755011622,205.09644479136742,9071600
2024-08-01,198.5839080810547,204.18924820970582,197.07514231717505,203.58764776875572,10918600
2024-08-02,190.1615753173828,195.44224862559494,188.0130187954611,194.68787296906385,18041700
2024-08-05,186.11276245117188,187.32550750440177,182.29310584204916,185.30109416423346,13927000
2024-08-06,191.30747985839844,193.46559496581753,185.25332819680168,186.59020205648693,10605800
2024-08-07,191.36476135253906,196.47355712307552,191.17378146512763,194.3345444999058,9204400
2024-08-08,194.85975646972656,195.67143923122063,192.69209752133338,193.34144664469503,7761200
2024-08-09,196.5213165283203,197.16110720023582,193.75205701088876,194.29636501927146,5540200
2024-08-12,196.89373779296875,197.8009032608215,194.47780632020508,197.1038200576293,6936000
2024-08-13,198.5648193359375,198.70805060749288,196.13932961817014,198.36428098492866,6387800
2024-08-14,200.76112365722656,201.25766844388264,197.78178208313386,198.37383866850263,6999800
2024-08-15,202.01206970214844,204.24656507673407,201.58236129485613,203.39669215712678,7001000
2024-08-16,204.3229522705078,204.43753728925773,202.0502522597578,202.1457494892704,7931200
2024-08-19,205.73623657226562,205.81263144751844,204.17973652284124,204.35161406403563,6090800
2024-08-20,204.84817504882812,206.26144382483176,204.04603613789868,205.30652973305013,5640000
2024-08-21,204.92454528808594,205.30650505054527,203.2438873632706,204.76219708966823,5202300
2024-08-22,206.86300659179688,207.02534020925745,204.6762455612568,204.90543014693466,5247100
2024-08-23,208.46726989746094,209.3075988675857,206.73887791458878,207.78928912724479,7214000
2024-08-26,209.28851318359375,209.77551410962934,208.21901409700632,209.13572343670063,5105200
2024-08-27,210.25296020507812,210.4821448134977,209.30760465836428,209.61316956542558,5185200
2024-08-28,211.31292724609375,212.19146100911343,209.3076164500679,209.3649089626926,6506400
2024-08-29,212.19146728515625,212.92674064669694,209.0688941172625,212.13416020000426,6416100
2024-08-30,214.66468811035156,215.31402269078882,211.92407479242988,212.46838281206038,8574100
2024-09-03,210.36758422851562,213.99626081038323,209.35537758938497,212.27741247467404,8956100
2024-09-04,209.4412841796875,212.05775372036493,207.41687121250743,211.07417891956774,7389500
2024-09-05,207.81796264648438,210.84503862995476,206.29009424050054,210.22433571528438,8067900
2024-09-06,202.8810577392578,208.87791717012894,201.57281550350274,207.78931567015124,7777000
2024-09-09,207.034912109375,208.314493434803,204.52348350418274,205.48795601656894,8935100
2024-09-10,196.2921142578125,208.78239079219478,191.5652929984222,208.74420064438215,28406900
2024-09-11,197.88682556152344,198.3356363104136,192.7302957528183,195.99609990777574,13658700
2024-09-12,197.28524780273438,199.3669534297621,195.65233837232228,198.28789589472862,9054400
2024-09-13,195.1080322265625,198.47887742479062,193.86664113305832,197.53350733502637,10226700
2024-09-16,198.4884490966797,198.82267486622263,196.32078996957216,196.54997460333013,8634900
2024-09-17,199.8157501220703,200.4650846338445,198.29744039233574,198.36427679403909,7573300
2024-09-18,198.17332458496094,201.81154502194977,197.38074412315194,199.58659339151004,8259900
2024-09-19,200.9903106689453,202.3558453746776,197.99188105265677,200.3218737298044,11635200
2024-09-20,201.5727996826172,201.88792306193454,200.05448986749596,200.46509590759229,20885000
2024-09-23,201.90701293945312,202.25078255283367,200.52239059169264,201.48684845967347,7223500
2024-09-24,202.0502471923828,203.34893079869335,200.88525096153816,201.63008270639543,7323200
2024-09-25,200.71339416503906,202.6709709564552,199.20462815992724,202.1362068285364,8976500
2024-09-26,200.3218536376953,202.1552867315183,199.5865657929728,201.61099333953587,7807500
2024-09-27,201.00941467285156,202.86195032706047,199.89216694312233,201.15264595711201,7032500
2024-09-30,201.35316467285156,201.44866190025925,196.00564049630654,197.00830310076262,8663800
2024-10-01,197.7053985595703,199.66297527681832,196.8937303593284,199.48153927593128,8540100
2024-10-02,197.9441375732422,199.52929847780692,196.4162837542336,197.7436137717106,5810900
2024-10-03,195.9770050048828,197.18020602463977,195.12713208927337,196.87462653681834,7251300
2024-10-04,202.9329376220703,203.36527926632746,198.79203969263858,201.08826918915074,10211700
2024-10-07,202.65432739257812,204.9601741568435,201.46298715815786,202.7504098386353,6718900
2024-10-08,202.4813690185547,203.0386148775593,200.20435902616836,202.31804061058935,6021800
2024-10-09,205.046630859375,205.8344658352612,201.16514356144955,201.4725809875625,7024000
2024-10-10,204.48936462402344,206.3820741939419,203.1731203284403,206.3820741939419,7927100
2024-10-11,213.56861877441406,215.8168218411878,206.71836873226076,207.2083540023907,18320700
2024-10-14,212.7904052734375,214.9233065221899,210.29242298957834,214.4429236222028,9048900
2024-10-15,213.66468811035156,216.6046288710412,213.11705927263557,214.88486468087592,9235800
2024-10-16,214.8656463623047,214.9040705408887,212.367649610818,213.60704560694575,6382500
2024-10-17,215.6150360107422,216.98893858102878,214.5485855004239,215.47092702020774,6470200
2024-10-18,216.52777099609375,217.05619508722552,214.3468433128837,216.17229236211503,7000500
2024-10-21,214.25076293945312,216.84482754077638,214.15468050009517,216.3836640841265,5870000
2024-10-22,215.3268280029297,216.44131985763096,212.42532582068287,214.2699944111594,9586800
2024-10-23,214.6446990966797,215.98016302329464,213.79922046913993,214.88489055585592,6180500
2024-10-24,216.153076171875,216.22993919174453,212.9633414779606,213.1266698976376,6002200
2024-10-25,213.58782958984375,216.7679618477346,212.21394161672643,216.17229177940365,6369700
2024-10-28,216.65269470214844,216.78720133196657,214.2027389032037,214.58705403134348,6843000
2024-10-29,214.1546630859375,217.85361679860603,214.0681976936195,216.37404410961108,6580000
2024-10-30,215.60543823242188,217.43088723204508,212.88646949205406,213.80879637139918,7110900
2024-10-31,213.21315002441406,216.8352412877934,213.11708223803313,215.88407784384688,7829900
2024-11-01,214.193115234375,217.2771650330181,213.96252618040887,214.78878529863542,6923500
2024-11-04,211.1571044921875,214.98094823768847,210.57103677294228,213.91449762267249,8229600
2024-11-05,212.80001831054688,213.25157940084938,211.36847201787265,211.39729381851984,5600700
2024-11-06,237.3667755126953,238.26989763159577,225.55897131035715,225.77994332026213,23987800
2024-11-07,227.1057891845703,234.97446220875963,225.9912975114233,234.9072015763585,16451100
2024-11-08,227.68228149414062,229.94968943143414,226.52936543418798,229.94968943143414,9502100
2024-11-11,229.90162658691406,232.60139062039747,229.62301097384287,230.5837767101351,9017100
2024-11-12,230.16104125976562,231.98650498508505,229.39242572595336,231.11220463212206,6861000
2024-11-13,231.69827270507812,234.5133093268565,230.88161595029848,231.14102680865892,11472600
2024-11-14,232.3804168701172,234.7054683220427,231.59259654580447,232.90884098649173,10172200
2024-11-15,235.68544006347656,236.75189061553345,231.98650078048627,231.98650078048627,11518800
2024-11-18,235.41644287109375,238.202657827872,233.15863737637423,238.0393294010382,9051400
2024-11-19,233.5525665283203,235.53174183005876,232.07299357249713,232.74552673423494,6792700
2024-11-20,231.33319091796875,235.01292573519365,229.27715266778316,234.8111584643265,9015300
2024-11-21,235.1570281982422,235.85839777639927,232.61100473269852,233.68705772038152,8783500
2024-11-22,238.79835510253906,239.37480581683437,233.49492350230622,234.0521694548781,7997300
2024-11-25,240.47007751464844,244.3323603263419,239.2883396270859,239.797544353439,10295400
2024-11-26,240.16261291503906,241.15220045325265,238.59656006946224,240.6622152040791,6212100
2024-11-27,239.98968505859375,241.33476598770986,239.00971448837984,239.5669604169979,5472300
2024-11-29,239.92242431640625,241.89199703637064,239.66301345901417,240.05693093503143,5494800
2024-12-02,236.5885772705078,240.4316404545973,235.4164418265507,239.75910732940616,8899700
2024-12-03,235.21469116210938,239.26910936750357,235.03214331373752,238.49089141191638,6657700
2024-12-04,233.8503875732422,235.72389259305228,232.72629335742965,235.09938603307475,7346300
2024-12-05,235.84878540039062,237.48208433474574,235.02252622275836,235.76231999648232,6572500
2024-12-06,237.655029296875,238.02012499276327,235.23389537173668,236.0601545476104,5519700
2024-12-09,234.24429321289062,238.14499977981595,234.19625199376597,237.43404251320936,7076500
2024-12-10,233.33157348632812,238.23148473532964,232.71668398520953,234.32116104812644,9108300
2024-12-11,233.97528076171875,234.68625269082878,232.67824114161692,234.42684183478403,7884400
2024-12-12,232.0537567138672,234.5229317951459,231.5829762059641,233.46608357745416,6113800
2024-12-13,230.52615356445312,233.1970813755074,229.75753797520144,232.5725894555596,10392700
2024-12-16,230.18028259277344,231.22751384397645,228.20110730037192,231.1698702389742,9032000
2024-12-17,229.0081329345703,229.64224187064437,227.34601223254805,229.28674856156636,8083600
2024-12-18,221.3315887451172,229.69026203025837,220.52454907872817,229.6230013946654,11322400
2024-12-19,223.8200225830078,227.08662066320062,223.15709178988,223.15709178988,11790800
2024-12-20,228.27793884277344,229.82477222419405,222.50372753604435,222.8207819799516,32348400
2024-12-23,229.03692626953125,229.25789826762488,225.6646440633694,226.80795755022183,8611500
2024-12-24,232.80316162109375,232.97610709056295,229.69028977187682,230.0361513905695,3729100
2024-12-26,233.6005859375,233.71587313728205,231.34278054095478,231.95767003999572,4451800
2024-12-27,231.7078857421875,233.84078698653653,230.62221569921883,233.19707566109753,5730200
2024-12-30,229.9304962158203,231.39084979036576,227.80719718185628,229.40207205260538,5723800
2024-12-31,230.30517578125,231.96729650617777,229.65184741565199,230.6318326339877,4871000
2025-01-02,230.5837860107422,233.73509658007922,230.0553619024431,231.4676887645687,9220900
2025-01-03,233.735107421875,235.27233859729995,230.8335905418188,234.32117515824194,9491100
2025-01-06,232.59555053710938,237.26966963314717,232.33479990057657,235.34786597309068,9917800
2025-01-07,234.83602905273438,236.85439663270202,232.64382280487683,233.84133059042165,8753400
2025-01-08,234.79739379882812,235.8790041690076,232.25752508760013,234.4304125364446,8675300
2025-01-10,231.64913940429688,235.45410956889248,230.55787693183578,234.75878432379693,10256800
2025-01-13,235.8404083251953,236.15908555301317,230.80895966627483,231.45599556733163,10005300
2025-01-14,238.9886474609375,239.23007939842697,233.88960612002688,234.34349934137396,12407400
2025-01-15,243.70140075683594,244.9761537092934,235.3285282947179,241.8182198776902,18448500
2025-01-16,245.55560302734375,248.23067306346022,243.68208880478696,245.29485240465897,15292300
2025-01-17,250.2779998779297,251.6879540994624,243.49858714595294,245.43004258924148,17678100
2025-01-21,254.01535034179688,255.19353928956915,250.6063328122732,251.1568046627495,13712100
2025-01-22,253.83184814453125,254.35334931969925,251.33061710551846,253.8897894449201,9021900
2025-01-23,256.8352966308594,257.71408291314714,254.76862518209867,255.61847028358267,10749700
2025-01-24,255.76333618164062,257.9458903481264,253.99606735003593,254.65275515301792,7666300
2025-01-27,256.7387390136719,256.8546216330709,253.2717797821763,255.11632339873924,7522300
2025-01-28,257.9844970703125,258.16795820881237,255.75363909782274,256.7387001569746,7375400
2025-01-29,257.44366455078125,261.4031538190557,256.5069075492993,258.0520776871221,7684900
2025-01-30,259.03717041015625,260.456791411215,257.4823333748668,259.42345562390113,8753500
2025-01-31,258.1390075683594,261.5383880020087,257.81066368041303,260.0028844649928,7193800
2025-02-03,257.6658020019531,258.97920698251625,252.73094766412257,252.8564675073228,8381400
2025-02-04,258.757080078125,260.59195679806555,257.6851070150434,260.59195679806555,5626000
2025-02-05,261.1617736816406,261.3645977484104,259.13373931566724,259.69387796911485,5704400
2025-02-06,267.4100036621094,267.4872783849689,261.8957065527932,263.112532928622,7264400
2025-02-07,266.34771728515625,269.0034687534413,265.2950775125096,267.7673383397974,6857900
2025-02-10,261.7508850097656,266.7147108390642,260.35056783702436,266.6857401823987,8627400
2025-02-11,265.5654602050781,266.7533159279833,260.4181443491657,260.99758688403824,7196400
2025-02-12,266.0097351074219,266.975462910358,263.8851221522929,264.68666326119353,6683900
2025-02-13,266.8498840332031,267.47760114127203,264.4258980852969,266.05798024927844,8398700
2025-02-14,267.1106262207031,269.6601615448748,266.9754396653328,267.86389266254093,5688600
2025-02-18,270.35552978515625,270.3748337328094,266.56019684649266,267.2748555131204,7919800
2025-02-19,269.67950439453125,270.64523225270324,267.7190780213091,268.83932587338967,7007200
2025-02-20,257.6561584472656,269.18695043249966,256.6324893640321,269.12900912376364,13846700
2025-02-21,255.1838836669922,259.97391438464916,253.8318707513919,259.1240692743658,12835600
2025-02-24,252.38328552246094,257.8493080996764,249.74683816692078,256.391049772747,10372800
2025-02-25,248.5783233642578,253.98640479801784,244.66713766459245,253.24280502114905,9608400
2025-02-26,249.9207000732422,251.96803824838423,248.1244310797958,248.34655907867366,5943600
2025-02-27,250.1717529296875,254.60446907922335,249.02253459042578,251.26302996374872,8204400
2025-02-28,255.579833984375,255.73435395543837,249.05153466905583,251.7941978441709,10467100
2025-03-03,251.68798828125,257.19264883087965,248.98396208208027,254.95215313918177,9058300
2025-03-04,241.6733856201172,248.41417637628714,237.52075306988684,246.5309953490192,13465600
2025-03-05,242.90951538085938,244.37742578117826,239.33632542351842,242.63911277235815,7861400
2025-03-06,238.09054565429688,240.8139053559949,235.49275002862296,239.60674550293828,9983200
2025-03-07,233.97654724121094,238.2643813431465,231.21456494267463,236.82544151147457,20498700
2025-03-10,224.2613067626953,229.37000024679585,220.8619408432967,228.11456591859755,18887200
2025-03-11,221.28684997558594,225.32359952249112,218.9208200001542,223.80739992337976,18143000
2025-03-12,220.08935546875,226.28934079236774,219.47129027813793,225.98030082914346,16054000
2025-03-13,217.4722442626953,221.63452869660577,216.54513909679758,221.4413860849961,16467900
2025-03-14,224.47377014160156,225.14977664826623,219.7803324869917,220.3018190104654,11962100
2025-03-17,225.91268920898438,227.5930608265901,222.5616274182036,223.25693785269826,9586000
2025-03-18,226.91705322265625,228.07592358890156,225.51675091611665,226.28933607222558,10344900
2025-03-19,230.9151611328125,234.02480564298997,226.83978887999197,227.66066335557292,10120600
2025-03-20,230.8185577392578,233.4743087470459,228.10486543085145,228.45252797039527,8328500
2025-03-21,233.3488006591797,233.9958364825786,228.39461259234335,229.65971358554393,19326900
2025-03-24,239.55844116210938,240.16685440542335,236.03354050622482,237.06686161310589,9422700
2025-03-25,242.52320861816406,243.18956310703646,239.1334948679585,240.76557708311884,9287700
2025-03-26,242.4266357421875,245.94188416041305,241.2194760554914,243.94283538187906,12779300
2025-03-27,239.61636352539062,242.05000157036298,238.7085770867831,240.97804318330196,8022500
2025-03-28,234.52699279785156,240.95872849084344,232.846621187774,238.4768158061773,11978400
2025-03-31,236.89303588867188,237.4338411071599,229.22515468236256,231.20489964962815,13603000
2025-04-01,235.30923461914062,237.26966083540444,232.62451256723736,234.3048694749855,8054700
2025-04-02,237.3952178955078,238.77620159391088,233.1846440443981,233.31984534868818,7758800
2025-04-03,220.852294921875,227.08123634061215,219.50993385726082,226.24105786253935,17188500
2025-04-04,204.32408142089844,211.53391744341874,203.01231254789712,209.21161179037864,27170700
2025-04-07,208.36624145507812,215.76069774400244,196.43405920557367,199.94181079233755,22914400
2025-04-08,210.7274169921875,221.38670630692548,207.20995382188102,217.18907274824514,19485700
2025-04-09,227.70262145996094,230.75368446063922,205.02370008906277,206.4812145446722,24022400
2025-04-10,220.67738342285156,223.82561966337633,213.86593856608727,223.48552706112068,18896400
2025-04-11,229.50991821289062,231.82251234099414,218.62714760837213,219.90004107330228,20284500
2025-04-14,228.07183837890625,232.9885175684915,227.01271488147904,230.38443247464087,13017800
2025-04-15,226.52688598632812,231.89052814201884,226.2256687249683,229.41276559774778,10912900
2025-04-16,223.10658264160156,226.96413851059506,221.47415884430876,225.4288882681969,9322300
2025-04-17,225.3900146484375,227.70259388923515,224.0199476676704,224.26286671419214,9557900
2025-04-21,222.504150390625,225.24426971275614,219.92919942561838,224.09769885161126,8716200
2025-04-22,228.91717529296875,229.30585463988461,224.81670084926304,225.4094238800338,10701400
2025-04-23,234.05735778808594,239.7999526162135,233.20227802415155,233.41604796513516,14126800
2025-04-24,237.71087646484375,238.51736952901837,230.85084453351604,232.9496687853486,9055200
2025-04-25,236.6517333984375,238.66309535395692,234.9027133328108,237.72056828599705,8588600
2025-04-28,236.3311004638672,239.84856377044136,234.018506227203,237.63314309013901,7394300
2025-04-29,237.69142150878906,238.30358224438814,234.84441742891752,235.3302555170814,7216800
2025-04-30,237.69142150878906,238.27443314522645,231.6767436050638,234.3780170157287,12991700
2025-05-01,239.8971405029297,241.41295302844054,235.31082757483912,235.96184886071353,8689600
2025-05-02,245.35794067382812,246.4365017994361,242.3943402610022,244.14334547952194,7165000
2025-05-05,245.40652465820312,247.93288856429183,243.49232146760082,244.06560683441435,5450700
2025-05-06,242.19029235839844,245.4939855010517,241.9473733088915,242.9190495069192,6369900
2025-05-07,242.32630920410156,245.29963578641184,241.7821729441495,242.77328674711995,8724100
2025-05-08,246.29075622558594,248.63249931782082,244.42513978693867,244.4445774614896,8320100
2025-05-09,245.9118194580078,248.27298555508216,245.1927737178613,247.29159791077348,5087600
2025-05-12,252.6844024658203,256.1338710205253,251.3726632222575,255.45368576939853,9603900
2025-05-13,255.56057739257812,256.20188726941586,253.01479038808029,253.63664776206488,8589000
2025-05-14,258.1160888671875,259.0877651005622,254.86096755474128,255.5508493775398,8643100
2025-05-15,259.91363525390625,261.8861365868561,257.26097843043686,259.4083743478173,9214600
2025-05-16,259.981689453125,260.85619212856426,257.21240626989635,259.9233912516427,8932900
2025-05-19,257.3775939941406,260.72016246054795,254.5111373718865,258.0286004357537,12145000
2025-05-20,258.1549377441406,259.10719113972414,254.8706672903915,255.0844372504937,8436300
2025-05-21,253.64637756347656,258.12579085940166,253.3451602970923,256.8626235909003,7464000
2025-05-22,253.286865234375,254.8706726388161,251.53783016414323,252.09169275237693,6514100
2025-05-23,253.32566833496094,254.56941255981235,248.7490821958938,249.53613746652314,6671800
2025-05-27,257.7759704589844,257.7856670561681,254.56942141780706,254.61802301653543,7506600
2025-05-28,256.02691650390625,259.1654408644246,255.45363118477755,258.69902567875374,5535400
2025-05-29,256.88201904296875,257.8925705419127,255.0941384852697,257.2998326707196,5081200
2025-05-30,256.5224914550781,257.8148076259849,255.28847347815508,255.9880814591606,10977700
2025-06-02,257.1637878417969,257.5233032370297,254.48195244548725,255.57022488074335,6011200
2025-06-03,258.72821044921875,259.0294276982061,255.43424355915568,256.2601742577228,6998400
2025-06-04,256.7362976074219,259.55415277594716,256.6974222548806,258.3881590785603,5915700
2025-06-05,254.53062438964844,257.2415799775106,252.93706098815088,257.2415799775106,8173800
2025-06-06,258.2035217285156,259.09744720742816,256.7751565592149,256.84315135531216,7738100
2025-06-09,259.1849060058594,260.31205398193185,255.89093903245538,258.4658750904979,8285000
2025-06-10,260.99224853515625,261.28373955094514,258.3201388286692,258.3492879302481,7538100
2025-06-11,260.5549621582031,261.9833273312438,258.2618206032283,261.06994934830874,7434100
2025-06-12,260.64239501953125,260.6909966178402,257.6302227460576,259.3014772187193,6618000
2025-06-13,257.4456481933594,259.45699560297714,255.26907311170763,257.5719412039826,7098300
2025-06-16,262.702392578125,264.0336140296955,259.29182889887915,259.4375744145379,8566000
2025-06-17,261.8861999511719,262.92590076551613,260.21491543810197,260.57446059736054,6739300
2025-06-18,266.20037841796875,269.8538900754502,262.0804812063929,262.3525493306819,9586400
2025-06-20,267.2109680175781,269.4458115251701,266.05467091099104,267.7648305953294,13969700
2025-06-23,270.3883056640625,270.6603737939763,264.40277715275636,267.26923359376445,8094600
2025-06-24,273.2937316894531,274.70264476999466,271.59329787785265,272.2734536105654,9267900
2025-06-25,276.0143127441406,276.2280826739341,272.9535389359347,273.52682428101696,6826900
2025-06-26,280.5715026855469,281.2128125357841,276.4127297366304,276.63622593773266,8942100
2025-06-27,278.9779357910156,280.52292702302657,276.96658862054096,277.71476860931045,17868600
2025-06-30,281.6986389160156,284.36102210361406,280.7366890072825,282.1747507450729,12689200
2025-07-01,282.1844482421875,282.88405619176143,278.4726385749146,282.6508634263035,9338300
2025-07-02,283.7294616699219,284.52624330233965,281.4946181824342,283.76833702236326,8158700
2025-07-03,289.0018005371094,289.39233755159535,284.3250400841683,285.2428184560456,6541600
2025-07-07,285.0670471191406,289.0408285515395,283.2217174873654,288.2694979279885,8825700
2025-07-08,276.0943298339844,282.85073579628744,273.6827259911984,282.43087949139976,15440900
2025-07-09,276.46533203125,280.4098238003408,275.80141622938055,280.39027758518836,11273800
2025-07-10,281.37640380859375,281.49356191353417,276.309107197506,276.309107197506,8410900
2025-07-11,280.077880859375,280.5856057975168,276.9437818207337,278.769565465662,7384700
2025-07-14,281.8743591308594,282.46014966300186,278.51568769829765,280.28289199439985,9079900
2025-07-15,279.7751770019531,285.04753034558945,278.7304973187624,281.1909070286815,12526100
2025-07-16,279.0624694824219,283.8563877246872,276.31890766783124,281.58145837626523,9979800
2025-07-17,283.0459899902344,283.4365269712765,276.73872984802153,276.73872984802153,8509500
2025-07-18,284.3836364746094,285.5845669184914,281.41553114681216,282.6750108605671,12217000
2025-07-21,284.0907287597656,287.2248278351341,283.7099350516969,284.1200182914582,7898100
2025-07-22,284.539794921875,286.68779285601596,282.34299104216433,284.6081470825203,6717500
2025-07-23,289.74383544921875,289.9683785847533,285.6333492868605,285.9165012795602,7083500
2025-07-24,289.5387878417969,292.50692281181034,289.197086573553,290.38824384601423,7001200
2025-07-25,291.559814453125,291.833193307434,288.9627004391592,289.6852251081662,5918500
2025-07-28,291.2279052734375,292.3507104059338,289.8024317086004,290.62256840875597,5840400
2025-07-29,290.0172119140625,294.16673088516893,289.19707526941846,292.90722148986475,7635700
2025-07-30,292.54595947265625,293.50277061247203,290.3491554207025,290.3882180578568,8061700
2025-07-31,289.23614501953125,293.86409997093006,288.5136499824048,292.06760569208376,14749700
2025-08-01,282.52850341796875,284.9010444747119,277.51978576747103,283.53415023190064,12007100
2025-08-04,287.3029479980469,287.36152706038837,283.3975182629377,283.3975182629377,6649500
2025-08-05,284.4812316894531,288.7967442167471,280.44887113196535,287.7227451899489,7182300
2025-08-06,284.4617004394531,286.35583595267855,283.29983288867896,285.3892219809223,6330200
2025-08-07,280.1560363769531,286.52187684447244,279.63856806988866,286.0141816476007,8057100
2025-08-08,281.9330139160156,284.3446182413316,277.97874798551396,282.1478137675199,6634100
2025-08-11,282.71405029296875,284.4324488756125,281.95249270221774,282.55782953126806,5510100
2025-08-12,285.9262390136719,287.78131190985846,283.47557267522194,284.6081507098346,8570900
2025-08-13,283.6611328125,287.5860790910363,280.37081292632473,287.00028844951237,8420400
2025-08-14,287.20526123046875,287.2443238645886,282.79213704883585,283.7098854802047,6322400
2025-08-15,283.6220397949219,288.51359970021355,282.9678970499242,287.86920026748766,7340500
2025-08-18,284.6374816894531,284.9987291728498,281.59125126116726,283.1436560065028,5386900
2025-08-19,283.78802490234375,285.56500239267734,282.6847363528942,283.9539889625262,6031500
2025-08-20,285.3306884765625,286.39491450968626,280.47819081224463,283.9345044896623,7374200
2025-08-21,284.57891845703125,285.84817127406563,282.62620347939935,285.0378076686174,6624000
2025-08-22,289.23614501953125,290.134407056988,283.27061481608513,286.2680395828637,8552800
2025-08-25,287.92779541015625,290.31988299272194,287.1857840368891,289.23611076930126,5856300
2025-08-26,291.51104736328125,291.6770114419159,286.5609080024392,287.20530748693324,6714700
2025-08-27,292.2042236328125,293.95191161496433,290.01719272513293,290.22221942371254,6056500
2025-08-28,293.9519348144531,294.11789888961925,291.63797250253197,292.9267416485212,6410500
2025-08-29,294.29364013671875,295.7874656629125,292.64359386186965,294.8989769152198,6796400
2025-09-02,292.61431884765625,293.35633019549687,287.537248550746,293.16107659703886,7221900
2025-09-03,292.4288024902344,293.4637389083685,289.37279918541765,293.4637389083685,6316900
2025-09-04,296.6369323730469,297.23249612499853,291.22790367029796,292.907239703105,6605800
2025-09-05,287.4200744628906,297.93543213980337,287.3517222989999,296.47089615045866,9837700
2025-09-08,285.9848327636719,289.4508894110795,284.54958627837215,287.91803102838014,8188500
2025-09-09,290.80804443359375,291.9308494337419,285.3990163386465,285.6821683147739,7848200
2025-09-10,293.4344482421875,294.41080559861024,288.4159571280649,289.6852395690516,7787300
2025-09-11,298.33575439453125,298.5017482570315,293.6785404849306,294.1178834220275,7942500
2025-09-12,299.6538391113281,300.278692323977,296.51974034767983,297.7889929895384,6846700
2025-09-15,301.59674072265625,302.62193368613094,299.90766179355893,299.90766179355893,7122000
2025-09-16,301.8799133300781,303.54947595557724,299.86861969335615,302.6707603524756,10525600
2025-09-17,304.3794250488281,305.5120032291886,301.4698692167263,303.051593262514,8657800
2025-09-18,305.82440185546875,306.0294285415829,302.28996346954415,304.41844498713823,8050700
2025-09-19,307.3377685546875,308.33364233519416,301.81158232217626,306.18567402107084,23568600
2025-09-22,305.0531005859375,306.28332041300513,302.24118657896156,302.4755028141887,7520200
2025-09-23,305.34600830078125,308.83161142188453,303.23707270976234,304.447776165164,8584400
2025-09-24,306.00994873046875,309.0952118869986,304.30132328430915,306.62502886239315,7310500
2025-09-25,306.0392150878906,308.187183322785,304.4282016666437,306.69335780909455,7083200
2025-09-26,308.5875549316406,310.2961805891165,306.2833654899567,307.45497663458576,7258100
2025-09-29,308.2262268066406,310.4913828083434,306.24422275416543,309.5638314898697,6462400
2025-09-30,307.9723815917969,309.90557980755494,302.7781535102285,308.7730017434194,11823300
2025-10-01,303.364013671875,307.1522853293271,300.1420460188395,306.5469484802411,9235200
2025-10-02,300.2786865234375,303.21753163713987,298.90204890133435,302.6707739131108,7600000
2025-10-03,302.7000732421875,304.29154051746787,300.9230956835271,301.2160207712093,6029900
2025-10-06,303.3377990722656,305.8592441327344,299.3643389115464,304.3189033036457,7214500
2025-10-07,301.8759460449219,304.15211491707447,298.94245414234075,303.5045825685695,8454200
2025-10-08,298.28509521484375,302.94533995371586,297.8141544414466,302.38610339922974,6489900
2025-10-09,299.7568054199219,302.21938687484493,297.65725771829307,299.285864561731,7060300
2025-10-10,295.2044372558594,304.6034016857315,295.1259321582217,299.884293196386,8597400
2025-10-13,302.1506652832031,303.61250097758057,299.67829344838384,299.825453091958,10788700
2025-10-14,296.3719482421875,301.19899415642095,288.6506628568037,300.0609096735379,16178800
2025-10-15,299.9137268066406,306.2222192379644,299.6684507717594,300.60051168067696,11354800
2025-10-16,292.8988952636719,302.8472776074507,291.45667069994005,299.5802133603057,10549400
2025-10-17,291.9373474121094,293.889735082381,288.64085185179624,293.50712003455857,10153500
2025-10-20,296.6466369628906,297.95152225168493,292.5260174899358,292.8595893086329,6894900
2025-10-21,291.47625732421875,298.30473450400046,291.3879615348465,295.9599109215367,7372700
2025-10-22,288.5525207519531,292.4278940344257,285.05000176963836,292.1433654538106,8054100
2025-10-23,288.9744567871094,290.76986440680975,286.98281633926734,288.8174765127812,5438800
2025-10-24,294.7629699707031,296.8821587918227,289.86726923292923,290.48533977411194,7228300
2025-10-27,298.40283203125,298.7756564122873,295.3221804580643,296.4504442832031,5642200
2025-10-28,299.5899658203125,302.1506633659522,297.43155453276364,299.09941371756173,6336000
2025-10-29,299.7371826171875,302.42539880323073,297.28442188074604,297.77497402803436,7520300
2025-10-30,303.5928955078125,306.70297915185216,299.33490673998017,300.0118710543585,7514600
2025-10-31,305.2411193847656,306.9580516530441,301.44425110203457,302.7098838432525,7721300
2025-11-03,303.50457763671875,306.4184581871798,300.42389620518765,305.12339351121426,7770000
2025-11-04,303.406494140625,306.3203750071308,299.33491742651887,300.9144809225103,7085200
2025-11-05,305.79052734375,307.18370837912624,299.8548593473778,303.7596346135364,6865200
2025-11-06,307.4976806640625,308.8908318118794,304.3973879087863,305.1135747872686,7206100
2025-11-07,308.2727355957031,308.4885797126469,301.82690389695847,305.996596656296,7302300
2025-11-10,310.9021301269531,313.52166162304985,308.2727480666523,309.0478287826136,5794100
2025-11-11,309.65606689453125,313.02124672436145,309.32249509813516,311.5005473671264,5030200
2025-11-12,314.3555908203125,316.16081890087764,310.2349413284004,310.28401450147265,10578300
2025-11-13,303.63214111328125,314.5714470458351,303.2593167236409,313.1979071426268,8973300
2025-11-14,297.8730163574219,301.8268948218568,295.53801363277563,301.69934649191725,10327000
2025-11-17,294.6942443847656,299.8156091696287,292.04528118351226,298.2556571871199,8344000
2025-11-18,293.7524108886719,297.2255281256325,291.4075574888167,293.8407066733924,8077300
2025-11-19,297.5394287109375,298.6971543004681,293.6150123230367,294.07613244625185,5546600
2025-11-20,292.74188232421875,304.06383342079033,292.5260381979089,300.55146354183233,7501600
2025-11-21,292.3886413574219,295.9794860577022,287.27709723558047,295.5968710171799,11766800
2025-11-24,292.3690490722656,294.1546658866495,288.9450050249646,292.60450449713426,10940200
2025-11-25,297.2745666503906,298.7462229209371,289.97514915320613,294.38029734194646,8877200
2025-11-26,301.8268737792969,302.7000408419023,297.47076926541064,299.236744634426,7910900
2025-11-28,307.1640930175781,307.7920140838769,302.41555223215994,303.2593174223834,4322400
2025-12-01,303.0827331542969,308.1059820420445,302.70990875481283,307.03658201984956,7727300
2025-12-02,302.0623474121094,304.61322416428,301.28726675805535,302.90608260086213,7249000
2025-12-03,306.2320861816406,306.45772100567103,301.0027835600633,301.395249227976,8535300
2025-12-04,310.12701416015625,312.4718374062237,307.08558544076953,307.3406820896426,9627800
2025-12-05,309.08709716796875,312.4620982472789,308.7338840619857,309.6757657173231,6518900
2025-12-08,309.25384521484375,310.490046082808,307.4290057820621,309.1066855736394,7417200
2025-12-09,294.83160400390625,312.7759765165013,294.35084263290827,308.9987496671757,18049200
2025-12-10,304.2502136230469,305.3098229417503,292.8203555109508,294.8218164922271,18874100
2025-12-11,311.3828430175781,311.99112280608637,303.39664078542717,303.39664078542717,9721900
2025-12-12,312.50128173828125,314.21821399341366,310.6175785452811,313.63936614030825,8982900
2025-12-15,313.97296142578125,316.77893506176076,312.37378669898357,313.5510937973793,10864100
2025-12-16,309.5874328613281,313.4824179157411,308.45916896656803,313.06055027576633,8331300
2025-12-17,309.0281982421875,313.33522992341426,308.714237726033,312.4129896202871,8718700
2025-12-18,307.0856018066406,311.696803330905,306.3203417601588,310.0289142840206,11444900
2025-12-19,311.216064453125,312.5405611519729,307.2720362267728,307.86070475303023,24494400
2025-12-22,316.98492431640625,317.1222932638859,311.5103765391783,311.5103765391783,8354600
2025-12-23,319.7712707519531,321.5863194308531,316.9849385385764,317.4951019215588,6668300
2025-12-24,322.9500732421875,323.75455590755524,319.34940775949514,320.0754152651648,4289300
2025-12-26,321.7138671875,324.60810648135276,320.36975928516057,322.89117420941676,4158300
2025-12-29,317.6324768066406,321.5765048132756,317.4166326904015,320.8210653769003,8635300
2025-12-30,317.3087463378906,318.80001400331406,316.39629663998113,318.67246566162106,7904300
2025-12-31,316.13140869140625,318.7411495567815,315.95481711443,318.2113448849275,5048500
2026-01-02,319.3298034667969,319.57507951500884,314.67934923287066,316.4061021933782,8054000
2026-01-05,327.7280578613281,330.8773939839882,319.0452796366472,319.3494195457025,10752600
2026-01-06,329.76806640625,331.00984340709647,325.86537735841915,327.80687199937154,7660800
2026-01-07,322.25836181640625,327.3436989116676,319.9029613644661,326.34833432050425,9815200
2026-01-08,325.017822265625,326.60451051962383,320.9377151965242,321.66702756803113,11737100
2026-01-09,324.426513671875,327.09729064970276,323.42128423831076,324.574337106814,6738100
2026-01-12,319.7945251464844,321.3023843958453,316.5817187518602,317.2223070465074,12805100
2026-01-13,306.4011535644531,322.13019791542524,306.07594202251715,319.60724448836123,19371200
2026-01-14,303.4150390625,307.248764223213,301.69036200146564,303.74028072227304,25951500
2026-01-15,304.784912109375,308.4116540379585,303.2967526992751,304.00633525712647,14751400
2026-01-16,307.948486328125,312.61988778165164,305.51422660983957,305.859168042176,14652500
2026-01-20,298.3592529296875,306.6475613484739,297.4919819781124,301.779042205206,12900600
2026-01-21,297.6694030761719,300.98076847694307,296.7922671947178,299.03927373837826,10270100
2026-01-22,299.2364196777344,303.74029810743053,298.51697209231355,300.4486020899579,10535800
2026-01-23,293.41192626953125,297.9946337151678,292.2194436612131,297.62999251001133,11107900
2026-01-26,296.6838684082031,297.4131507596747,293.1458204050662,293.5005966595185,11752700
2026-01-27,295.96441650390625,297.60039938574386,293.8356687808879,296.96964595256253,11527400
2026-01-28,296.4177551269531,297.5511383354158,293.73711315722943,295.9249902801361,9556700
2026-01-29,301.9860534667969,302.39009421648365,297.8468162912432,298.0242044363714,11580000
2026-01-30,301.46368408203125,303.4741429467191,298.18185345047505,300.8329306590855,11953200
2026-02-02,303.6811218261719,304.8243097572213,297.009066824225,300.0543498440236,9839400
2026-02-03,310.2940368652344,311.67377245140426,304.6272410024816,305.24812953525304,12688000
2026-02-04,312.6789855957031,314.68947453105983,309.8603851938019,309.8603851938019,9848800
2026-02-05,305.67193603515625,311.43729156251544,301.11879302745194,310.4418968087504,9388000
2026-02-06,317.7347717285156,319.5580077028489,310.1560458706719,310.1560458706719,17797400
2026-02-09,317.4391174316406,321.67688304511955,315.4778929075789,316.6901052470153,11477500
2026-02-10,313.6744079589844,321.4108225198696,310.5601303365702,317.88260916858553,9902200
2026-02-11,306.32232666015625,320.5730766814866,304.26257334361367,318.5625878160281,8703500
2026-02-12,298.2607116699219,309.08180812187493,295.6785986888397,307.7612019824699,13443400
2026-02-13,298.1719665527344,299.88680849748914,292.22922430557924,294.20028349304,9114500
2026-02-17,302.68572998046875,303.7796534691019,298.12272283207255,298.37897016857187,8896800
2026-02-18,304.3118591308594,307.7612130759615,302.7744352071208,303.9964824090721,7209600
2026-02-19,303.5924072265625,304.7060605820088,300.7048124697192,302.72516636817716,6737700
2026-02-20,306.29278564453125,306.4997384614463,301.25671320907963,303.93735521152445,7792700
2026-02-23,293.3626403808594,306.49973810881244,290.82982182198225,304.33156072845463,12955400
2026-02-24,292.9979553222656,295.41251501499806,287.16363658887093,292.52492033500454,13554100
2026-02-25,298.9111328125,299.26593912838007,292.712172927271,294.31859107966466,8095500
2026-02-26,301.7002258300781,304.53855630953854,299.24626638786924,300.1726366788227,7007800
2026-02-27,295.95452880859375,298.56620632666227,290.18920467121313,295.65888195702746,18620800
2026-03-02,293.25421142578125,295.63920650311957,288.9671512696774,290.54400478497735,8508900
2026-03-03,295.9151611328125,298.0143442328302,285.3108518008074,288.06048812026575,10278200
2026-03-04,295.0577697753906,296.6444582551681,291.5394213080821,295.6490635715925,8055700
2026-03-05,289.3022155761719,296.8809409605995,288.1984271847196,293.6681347660462,12732500
2026-03-06,285.2911376953125,285.79373737181714,279.6046122907234,282.19656011677637,13496500
2026-03-09,285.72479248046875,286.88771034332996,276.39182473676505,281.3687378415741,12241100
2026-03-10,284.5519714355469,288.5137895890596,283.0243825142546,285.1038656039175,8344900
2026-03-11,283.3594665527344,286.27665589332094,280.7379541448169,284.63080818846373,10205000
2026-03-12,278.7964782714844,279.7721429346925,275.0613127292994,278.7373188265852,13760500
2026-03-13,279.33856201171875,283.03429867034544,278.8556620459724,280.5507744631018,9091200
2026-03-16,282.0191650390625,285.0841477791627,280.49157605338496,282.19655315580616,8149000
2026-03-17,282.7386169433594,287.5381415473852,281.812216662289,284.81807007735074,8961200
2026-03-18,283.5762939453125,285.22214170630696,280.9942110555422,282.6794583481213,10057000
2026-03-19,283.802978515625,285.32070261930124,280.5014481263724,282.72875479109405,9846700
2026-03-20,282.41339111328125,286.503333392004,281.14204936690925,283.91138544418305,22436500
2026-03-23,285.71490478515625,291.47039433897936,283.80297485577245,290.05122923518974,11470800
2026-03-24,288.16888427734375,291.2043326592259,281.240611544827,282.02905336686536,11092300
2026-03-25,291.14520263671875,293.33307981455755,288.2083132485988,289.8935606457511,12188200
2026-03-26,287.4396057128906,290.72140649236997,286.5230702788716,288.34627622525977,8669200
2026-03-27,278.74725341796875,285.91204445239845,277.67302951273405,284.9561093905517,9873300
2026-03-30,279.66375732421875,283.09341157112783,278.2445921238412,280.6197223539733,11734400
2026-03-31,289.9034118652344,290.8002474756881,280.8266920092483,284.2957456266251,12956900
2026-04-01,291.10577392578125,294.397439586213,288.67151431082976,291.1156388473091,11267200
2026-04-02,290.3370666503906,291.3422961551757,284.5421469823785,287.6859892507321,6669300
2026-04-06,292.6649169921875,294.0318828624399,290.4361268888688,291.28800548467393,7142600
2026-04-07,294.5965270996094,295.36917315286644,289.9408501945635,290.37670491485227,7849100
2026-04-08,305.06689453125,308.3258895171328,302.45176621640263,305.06689453125,10590200
2026-04-09,307.4046325683594,308.32588881301854,303.22441157516124,304.05651984064076,6586600
2026-04-10,306.948974609375,307.42446072412105,303.8286744454756,307.0777539881542,6069700
2026-04-13,310.7230529785156,310.7824849633817,302.58053852295086,304.57160070566766,8318200
2026-04-14,308.1871643066406,311.3570110002295,305.9583743523699,306.89943109168803,11455500
2026-04-15,303.0461120605469,311.277774570451,301.3918714164569,310.9905300508767,9885800
2026-04-16,307.0282287597656,307.0282287597656,302.3230052425142,302.4715852023421,8208600
2026-04-17,307.3650207519531,311.9315494967679,307.1668939851484,309.52446345258267,11082400
2026-04-20,314.0018615722656,314.1405563626729,307.44427030933883,307.9197564380041,10772000
2026-04-21,310.0494689941406,317.22121061615576,309.80182564829863,314.4971338118941,7084300
2026-04-22,310.0692443847656,312.1791703566839,308.9994385188103,311.8820104577792,5545900
2026-04-23,308.7518310546875,312.0207112419138,305.97823757642897,310.5645671083526,6969700
2026-04-24,305.37396240234375,308.2169031850131,304.9876545011301,308.2169031850131,5215300
2026-04-27,308.6923828125,309.63340937204396,303.98715932508014,303.98715932508014,7925300
2026-04-28,308.51409912109375,312.4763927416317,308.2367397768522,312.22874939034807,7398600
2026-04-29,306.3348388671875,309.1084324302891,304.39332337301636,307.6424030740365,8031800
2026-04-30,310.2773132324219,311.1391072432711,303.68009084019207,304.17537753423426,8865400
2026-05-01,309.52447509765625,313.1004306027845,308.8904936039496,310.99053462942686,6135400
2026-05-04,304.7499084472656,307.72162872511296,303.62067046123263,307.6919127315306,7338200
2026-05-05,306.4833984375,308.0386059028864,303.90790159754107,304.8093270030217,6316800
2026-05-06,311.9315490722656,313.2787445789234,308.41502569052057,308.51408907378806,8629500
2026-05-07,303.38287353515625,313.31832251929217,303.2541243993441,311.6838826212042,8359600
2026-05-08,299.2522277832031,306.0772627348545,297.6673043099487,305.3442480983084,9464300
2026-05-11,297.1719970703125,300.33192839088537,296.06255978470045,299.25220709578446,9512000
2026-05-12,302.0060119628906,303.17488127688546,292.76394555078735,297.1918096957407,9498200
2026-05-13,297.419677734375,300.143754716122,297.2413817689282,299.4206252163842,7709500
2026-05-14,297.0828552246094,300.8866532379556,295.9932185002369,299.40079322196567,7364300
2026-05-15,295.0026550292969,297.9545745759545,293.6554897467313,297.3800250884659,8699300
2026-05-18,297.8951416015625,298.42014428050857,294.41821938577056,295.19086540817983,7546300
2026-05-19,292.9125671386719,298.94515553081476,292.4767124232877,298.25174205727603,8066900
2026-05-20,299.13336181640625,300.074388394629,290.901699401834,293.9031355505058,9327000
2026-05-21,300.14373779296875,301.11451059994795,297.38002956476026,298.39043377179394,7874400
2026-05-22,303.4918518066406,304.55177249042686,300.975787165941,301.80786510847753,5973900
2026-05-26,303.8484802246094,307.00841184289453,302.5607468746074,305.58198370417455,7725400
2026-05-27,296.45880126953125,303.0163922373755,292.9620784318484,302.12488223740917,11779200
2026-05-28,293.9328308105469,298.2319153725138,292.9620580785291,294.76490876803416,9757700
2026-05-29,296.4884948730469,297.0531289146851,292.4172530810099,293.60592291457107,13969000
2026-06-01,293.78424072265625,296.7262448803003,292.48659200890455,294.88379289768517,7930000
2026-06-02,298.1229553222656,299.22250749118643,292.48659038411694,293.7050065215912,8296200
2026-06-03,298.0140075683594,299.11352951035826,293.76443930165715,297.0927815796737,7003900
2026-06-04,307.9593811035156,309.96032850348195,301.5701705345185,302.8579038720382,10345200
2026-06-05,309.4254150390625,312.03062797609164,306.68153754248186,311.32732931074025,9118800
2026-06-08,308.1772766113281,313.3183549865249,307.85040068979765,310.29711820213583,6827000
2026-06-09,309.7522888183594,313.43722277274946,306.0970708543314,310.55465078803394,11594600
2026-06-10,306.2258605957031,311.7829625909436,306.11688180741817,309.61360453133113,7446200
2026-06-11,310.53485107421875,311.7532672608839,305.96832212848904,306.64190479742024,9116600
2026-06-12,317.69671630859375,318.2712356052093,312.5754382997044,312.9914924475245,7426200
2026-06-15,316.3891296386719,322.84768738488117,315.834410967573,320.86654063669926,7988900
2026-06-16,328.01849365234375,328.6227289223758,320.9655855767026,321.24294492243723,11094900
2026-06-17,330.31658935546875,334.58595818581273,328.3750740037103,329.04865664392645,12246400
2026-06-18,322.154296875,334.9029722707317,321.1042914420739,333.7737342633915,20111000
2026-06-22,328.3552551269531,329.63307294473424,323.6698324387262,326.5920358258478,10182500
2026-06-23,330.9902038574219,332.20858976825195,324.12550735610625,326.36421286951514,7582200
2026-06-24,330.30670166015625,331.376507596468,326.66136869109727,329.9302789435224,7907400
2026-06-25,331.9609375,340.2124304661794,331.60434560297165,331.80244213579863,10043100
2026-06-26,325.9481506347656,333.228870845892,324.41277402523207,332.8326475495511,17640900
2026-06-29,326.28497314453125,329.25669322074043,324.1156150705066,325.1854209967859,7981800
2026-06-30,324.244384765625,327.32508382610723,323.6005180876161,325.7897071147089,8080100
2026-07-01,330.92083740234375,332.47604477525243,321.94624551076066,325.27455736702245,15210200
2026-07-02,331.31707763671875,336.7949471861684,328.6425174347508,334.83360102273184,8413900
2026-07-06,336.0434875488281,338.03355912489224,332.4513925636696,333.33698899073767,8673500
2026-07-07,337.5360412597656,339.7052119900014,335.41661017250277,339.2873139639983,7115800
2026-07-08,328.9787292480469,334.85939443262805,328.4911714262899,334.85939443262805,18505200
2026-07-09,333.8046569824219,335.32706052327,329.16778656686455,329.81455375578497,15570600
2026-07-10,334.7997131347656,336.9091842748567,334.10317589443326,335.7947489831923,6299000
2026-07-13,332.86932373046875,336.6703677602959,330.8494022785692,336.6604076851862,7120300
2026-07-14,341.1878356933594,343.018697898117,324.13290772280084,325.3767024569635,14537900
2026-07-15,345.1878967285156,349.496388677335,342.3420783547094,344.13316113736585,10750000
2026-07-16,341.446533203125,347.6058073157005,339.4166516418319,347.5461075961992,12432400
2026-07-17,339.40673828125,344.4117674477453,333.3867531021779,337.34700676099266,9250900
2026-07-20,337.1877746582031,342.5510321636463,335.69522096718543,340.1032222467978,7723300
2026-07-21,343.5162353515625,344.0236829830589,335.62557803051845,338.4315863984231,6015300
2026-07-22,346.4814147949219,347.3371613915108,342.5410814455031,343.35701810674095,8040200
2026-07-23,348.16302490234375,348.18294505289737,343.7052838943091,344.85949871525867,10913000
2026-07-24,351.45660400390625,351.6158133838037,345.77495780407526,348.8993849481548,7520800
2026-07-27,354.4317626953125,357.26759042115583,350.8297076061441,356.11337561990405,7884900
2026-07-28,355.5362548828125,357.51636649462665,352.39193797279347,355.52629480722857,6533800
2026-07-29,342.998779296875,355.5959360652867,342.0734032983392,354.7302597849737,8265300
2026-07-30,349.10833740234375,350.5312313936644,343.6555299601254,345.8147711364633,7606500
2026-07-31,350.0436706542969,352.71035944809563,347.9640493688736,351.54615414092115,6603400
2026-08-03,350.8894348144531,353.85462202804894,349.09835217661595,351.99390996328265,6436600
2026-08-04,355.7452087402344,361.1980161695709,352.1133339346112,353.23772931183936,8477200
2026-08-05,357.4566650390625,360.3721431251799,356.42184963021657,357.1880162943574,5269500
2026-08-06,354.53125,361.0089428958536,353.1879759378353,361.0089428958536,5820100
2026-08-07,355.7452087402344,357.0686234353396,351.5760060692107,353.9939662804709,4566200
2026-08-10,358.0039367675781,358.20292570669625,354.73026050334704,356.18300425984785,5327500
2026-08-11,360.2427673339844,361.3173926303437,356.81984177360647,358.2626254551437,4576500
2026-08-12,363.3671875,364.27267377511737,359.5064435106501,361.16816675533465,4366800
2026-08-13,361.30743408203125,364.68062001340013,359.7253308069399,364.68062001340013,5102700
2026-08-14,361.0387878417969,364.08359497580625,359.6557038632118,361.1979972145266,5058600
2026-08-17,359.1681213378906,363.93435142155386,359.1681213378906,360.14326737396806,5282600
2026-08-18,361.44677734375,361.7651961078663,357.48652367602523,360.54129106421675,5525100
2026-08-19,355.48651123046875,361.2477468369722,353.88448774980554,361.2079672672532,6696200
2026-08-20,349.8048400878906,356.17309380558993,349.8048400878906,355.8248251857026,6799700
2026-08-21,349.8346862792969,355.08847428503344,348.6307014187966,352.3123461628449,8112100
2026-08-24,354.6208190917969,356.5014209409171,351.068534040469,351.5461317844577,4394400
2026-08-25,354.9193420410156,355.5959591354929,351.31731709949815,355.2278007272063,4298000
2026-08-26,354.73028564453125,356.5711080668152,352.83972357546315,354.73028564453125,5796500
2026-08-27,352.4615783691406,355.7949543352699,350.48146686631793,352.91928632954495,5209900
2026-08-28,355.8446960449219,356.94920156741074,352.46158041613097,353.9043944648907,3914500
2026-08-31,354.2526550292969,355.99396777979376,353.00886020751335,354.13325558497917,7962900
2026-09-01,353.18798828125,358.1432473964739,352.36209151798977,353.9641150321938,5079000
2026-09-02,354.45166015625,359.67559819859304,352.03373040736835,355.7750444325669,5341400
2026-09-03,360.2626647949219,361.048751591374,354.62082872816893,356.8994388812256,5414200
2026-09-04,356.8596496582031,361.0586715329967,353.4367241174852,359.2079195426516,4873500
2026-09-08,351.755126953125,356.7700856866122,351.47651813459794,355.3273019487728,5631400
2026-09-09,352.94915771484375,354.56111093264843,346.95905283194486,350.2526190648876,6318200
2026-09-10,351.80487060546875,352.46159790649506,349.3769807166142,351.75513095969814,4184200
2026-09-11,354.46160888671875,358.26262251003124,353.0287549259634,356.54123003498995,5354600
2026-09-14,348.39190673828125,353.5163352884343,345.8246972423431,352.47155979321,9609900
2026-09-15,350.74017333984375,352.93922440866675,341.36695273698433,349.257579656171,14026500
2026-09-16,347.18792724609375,353.83475953392957,342.97891460693876,351.6257786998183,8303400
2026-09-17,347.5759582519531,351.7352006725114,343.5560050551891,350.50136597854834,6480100
2026-09-18,347.9342041015625,347.9342041015625,343.2973333290521,346.16304147739197,18312400
2026-09-21,350.29241943359375,352.740199054288,348.3421273580351,351.91433268274113,6414700
2026-09-22,338.31219482421875,350.35213488970936,335.6255858365337,350.25262522977937,11485600
2026-09-23,335.85443115234375,339.7450247602914,335.30717361074363,335.9340206549813,7068500
2026-09-24,336.87933349609375,337.6853101018364,333.61561713679083,336.44151529469224,6934300
2026-09-25,341.35699462890625,341.6057535902091,336.95895319807937,339.07835404086876,11460300
2026-09-28,334.9190979003906,340.30224524839605,334.63052901448964,340.1330758005002,10483700
2026-09-29,333.3171081542969,337.0683822440869,331.6752747671049,335.3270695682872,7254900
2026-09-30,329.18768310546875,334.67034012645917,329.18768310546875,333.2275564240448,9113300
2026-10-01,331.5260314941406,331.9240397540555,324.2523219854466,327.1180300425678,8160000
2026-10-02,330.7300109863281,333.18775067842364,328.3618208741774,332.34196415750074,6658200
2026-10-05,330.7300109863281,332.093205202293,328.94888836453754,331.6553870118408,5346100
2026-10-06,331.2799987792969,333.7900085449219,330.92999267578125,332.7300109863281,6286800
2026-10-07,329.5799865722656,329.8699951171875,325.07000732421875,327.20001220703125,7003000
2026-10-08,331.4200134277344,332.30999755859375,325.6300048828125,327.25,8060800
2026-10-09,332.989990234375,333.5400085449219,330.5799865722656,331.20001220703125,5052000
