Date,JPM_Close,JPM_High,JPM_Low,JPM_Open,JPM_Volume,VIX_Close,3M_Treasury_Yield,1Y_Treasury_Yield,10Y_Treasury_Yield,JPM_Return,JPM_LogReturn,Vol_20D,Vol_60D,Volume_Deviation,Momentum_20D,VIX_Level,VIX_Change,VIX_JPM_Corr_20D,Rate_Spread_10Y_3M,Rate_10Y_Momentum_5D
2018-01-02,85.5160140991211,85.5714665776644,84.61292742349194,85.26251619094215,13578800,9.770000457763672,1.44,1.83,2.46,,,,,,,9.770000457763672,,,1.02,
2018-01-03,85.60317993164062,85.94381841328286,85.14371899210931,85.44474595854275,11901000,9.149999618530272,1.41,1.81,2.44,0.0010192925084007154,0.0010187733825226726,,,,,9.149999618530272,-0.06345965303826784,,1.03,
2018-01-04,86.82947540283203,87.61781907890763,86.16057313574409,86.28798540579947,12953700,9.220000267028809,1.41,1.82,2.46,0.014325349504196838,0.01422371120444001,,,,,9.220000267028809,0.007650344417148736,,1.05,
2018-01-05,86.27204895019531,87.23558745838618,85.82611819128783,87.00465729385168,14155000,9.220000267028809,1.39,1.8,2.47,-0.006419783720339467,-0.00644047915286276,,,,,9.220000267028809,0.0,,1.0800000000000003,
2018-01-08,86.39947509765625,86.54281087539455,85.76242584651894,86.12076832854065,12466500,9.520000457763672,1.45,1.79,2.49,0.001477027021051791,0.0014759372895512752,,,,,9.520000457763672,0.03253798069916325,,1.0400000000000003,
2018-01-09,86.83745574951172,87.2993101228466,86.39151879975896,86.57467245194621,13292300,10.079999923706056,1.44,1.78,2.55,0.0050692513045991205,0.005056445907821994,,,,,10.079999923706056,0.0588234704847832,,1.1099999999999999,0.08999999999999986
2018-01-10,87.79300689697266,88.15134327049323,87.10818114172554,87.17188727601628,15834500,9.81999969482422,1.42,1.78,2.55,0.01100390539097873,0.010943802929962143,,,,,9.81999969482422,-0.025793673695410413,,1.13,0.10999999999999988
2018-01-11,88.26283264160156,88.33450356693571,87.63375426280616,88.12746165251151,13676800,9.880000114440918,1.43,1.77,2.54,0.005351516723652638,0.005337248240743646,,,,,9.880000114440918,0.006110022554106864,,1.11,0.08000000000000007
2018-01-12,89.72010803222656,89.86344385443887,88.26286151896042,88.9078757565927,18884200,10.15999984741211,1.43,1.78,2.55,0.016510634737300967,0.01637581614398237,,,,,10.15999984741211,0.0283400536161873,,1.1199999999999999,0.07999999999999963
2018-01-16,89.40157318115234,90.32529416974543,88.44600519154504,88.7963829562325,22703300,11.65999984741211,1.45,1.79,2.54,-0.0035503172929729487,-0.003556634626203814,,,,,11.65999984741211,0.14763779749288775,,1.09,0.04999999999999982
2018-01-17,89.97491455078125,90.22177436870226,88.63711574768962,89.09897623246776,14940300,11.90999984741211,1.44,1.79,2.57,0.006413101573359947,0.006392625135820491,,,,,11.90999984741211,0.021440823608199766,,1.13,0.020000000000000018
2018-01-18,90.18990325927734,90.55620444367996,89.40155346261018,89.79174900553295,14572900,12.220000267028809,1.45,1.79,2.62,0.0023894294267403637,0.0023865792794952622,,,,,12.220000267028809,0.026028583004898964,,1.1700000000000002,0.07000000000000028
2018-01-19,89.9908447265625,91.04993064308648,89.82362063447975,90.7314120345592,18785500,11.270000457763672,1.44,1.79,2.64,-0.0022071044043876498,-0.002209543649086302,,,,,11.270000457763672,-0.07774139022143589,,1.2000000000000002,0.10000000000000009
2018-01-22,91.04195404052734,91.08973060734756,89.58470799899263,89.71212027764896,12475700,11.029999732971191,1.44,1.79,2.66,0.011680180546794983,0.011612493790504778,,,,,11.029999732971191,-0.021295538158310312,,1.2200000000000002,0.11000000000000032
2018-01-23,90.94640350341795,91.2888164407667,90.26157762872052,90.5163961349787,12320800,11.100000381469728,1.44,1.78,2.63,-0.0010495220375745795,-0.0010500731714801217,,,,,11.100000381469728,0.006346387143536303,,1.19,0.08999999999999986
2018-01-24,92.10900115966795,92.37178441825256,91.30473396269323,91.46399322982543,15904500,11.470000267028809,1.43,1.79,2.65,0.012783327448526505,0.012702310432354627,,,,,11.470000267028809,0.03333332187778626,,1.22,0.08000000000000007
2018-01-25,92.1329116821289,92.50717773312029,91.63920418963224,92.40365979203136,13510000,11.579999923706056,1.42,1.8,2.63,0.00025958942296533394,0.0002595557354608967,,,,,11.579999923706056,0.00959020524118448,,1.21,0.009999999999999787
2018-01-26,92.62662506103516,92.62662506103516,91.54364477434058,92.13291149419253,13883900,11.079999923706056,1.41,1.8,2.66,0.005358708086960595,0.0053444012986226495,,,,,11.079999923706056,-0.04317789320329979,,1.2500000000000002,0.020000000000000018
2018-01-29,92.53106689453124,93.4468230986154,92.38773108801936,92.38773108801936,11679900,13.84000015258789,1.44,1.8,2.7,-0.0010316490149668844,-0.0010321815310899184,,,,,13.84000015258789,0.2490974952966123,,1.2600000000000002,0.040000000000000036
2018-01-30,91.6630859375,92.84958408283244,91.5595680037974,91.99753410055705,14279100,14.789999961853027,1.44,1.88,2.73,-0.009380427419264259,-0.009424700714353713,,,-0.021304755641474757,,14.789999961853027,0.06864160395890595,,1.29,0.10000000000000009
2018-01-31,92.10900115966795,92.89735093542174,91.70288820587535,92.0930776630954,13141400,13.539999961853027,1.46,1.9,2.72,0.004864719724491984,0.0048529252113601075,0.11026301506138347,,-0.09793098808935848,0.07709651964022757,13.539999961853027,-0.08451656546477693,-0.23238284513608873,1.2600000000000002,0.07000000000000028
2018-02-01,93.06459045410156,93.16014360011938,91.95772196014263,92.18864611325412,13800600,13.470000267028809,1.48,1.89,2.78,0.010374548441548281,0.01032110215013181,0.11217541249168886,,-0.058817592116780656,0.08716277278974127,13.470000267028809,-0.005169844536294876,-0.2769302891608596,1.2999999999999998,0.1499999999999999
2018-02-02,91.00214385986328,93.10439803218536,90.85084328503592,92.76198509860664,16477300,17.309999465942383,1.48,1.88,2.84,-0.022161453504224604,-0.02241070795805413,0.1404703096469756,,0.11038817728014771,0.04805589850304637,17.309999465942383,0.2850778858789582,-0.5723308695606579,1.3599999999999999,0.17999999999999972
2018-02-05,86.63838195800781,91.249003610469,87.87265402443973,89.9828757964057,30097600,37.31999969482422,1.51,1.85,2.77,-0.04795229778954824,-0.04914013808218384,0.22947350064151648,,0.9248475747704628,0.004246253708706682,37.31999969482422,1.1559792516603906,-0.8766513463222217,1.26,0.06999999999999984
2018-02-06,89.27416229248047,89.56879867698851,84.89446476384353,85.08557713672164,33114800,29.979999542236328,1.52,1.87,2.79,0.030422778852797316,0.0299691829294983,0.2526717250245371,,0.9866372863744596,0.03327204466896361,29.979999542236328,-0.196677390477199,-0.8719266291083095,1.27,0.06000000000000005
2018-02-07,89.87935638427734,91.13751939021743,88.50970458189313,88.8282292458771,21878300,27.729999542236328,1.55,1.91,2.84,0.00677905091748876,0.006756176471649663,0.2530486100623906,,0.27957716865119864,0.03502982219493145,27.729999542236328,-0.07505003450150693,-0.872086039357673,1.2899999999999998,0.11999999999999966
2018-02-08,85.90576171875,90.07045798875075,85.8739086486229,90.07045798875075,27425800,33.459999084472656,1.55,1.91,2.85,-0.04421031508657358,-0.045217384993587365,0.30006014794766245,,0.5514405631748817,-0.02149653195541401,33.459999084472656,0.20663539981343337,-0.7819241097451591,1.3,0.07000000000000028
2018-02-09,87.62580108642578,88.43007449200431,84.59186719482769,86.87726904111392,28188000,29.059999465942383,1.55,1.89,2.83,0.02002239818683038,0.019824586061780707,0.30846272817643916,,0.531690556992957,-0.007217438372531082,29.059999465942383,-0.1315002910616373,-0.7883721260277545,1.28,-0.009999999999999787
2018-02-12,88.97950744628906,89.76785721212902,87.64967374886837,88.52561185778343,18043300,25.61000061035156,1.62,1.93,2.86,0.015448718791490679,0.015330602281173316,0.3077319411433819,,-0.017311007208154174,-0.00825456636400268,25.61000061035156,-0.11871985268389762,-0.8028175157099059,1.2399999999999998,0.08999999999999986
2018-02-13,89.52898406982422,90.02269763267506,88.23100312400013,88.64508095951635,16358200,24.96999931335449,1.59,1.95,2.83,0.006175316534167585,0.006156327402851937,0.30834731854267544,,-0.09342190253268488,0.001425152647075878,24.96999931335449,-0.024990288236790614,-0.8035590329707792,1.24,0.040000000000000036
2018-02-14,91.5993881225586,91.79050050806934,89.60861638704145,89.6882460413915,15186900,19.26000022888184,1.58,1.98,2.91,0.0231255171076179,0.022862174562919935,0.31820975482171204,,-0.1589105696234955,0.018054738700090667,19.26000022888184,-0.22867437891433262,-0.8147543012411479,1.33,0.07000000000000028
2018-02-15,91.98161315917967,92.36383790605908,90.95437427949304,92.1647607450815,12130200,19.1299991607666,1.58,1.99,2.9,0.0041727902822852325,0.004164108336494834,0.3183827946416961,,-0.32362333410839356,0.019865969860856092,19.1299991607666,-0.006749795772083678,-0.8149655190576892,1.3199999999999998,0.04999999999999982
2018-02-16,91.3206558227539,92.42752411293644,91.17732005476292,91.21713790850822,13214300,19.459999084472656,1.62,2.0,2.87,-0.007185754997381277,-0.007211696884221629,0.31954117756603057,,-0.2515489481199375,0.014777182059264371,19.459999084472656,0.017250388822956486,-0.8170425128121003,1.25,0.040000000000000036
2018-02-20,91.34455871582033,91.886048806472,90.7552920533134,91.29678214396507,13461500,20.600000381469727,1.66,2.01,2.88,0.00026174683976010193,0.00026171259003241474,0.31694531519818486,,-0.23967032706347763,0.003323793722158852,20.600000381469727,0.058581775469182196,-0.8173859839790872,1.22,0.020000000000000018
2018-02-21,91.7267837524414,93.52643669988964,91.31269990454297,91.57548318393788,14212500,20.020000457763672,1.64,2.03,2.94,0.004184431366188068,0.00417570097925528,0.3172221017419607,,-0.20151825299778278,0.008580660905344262,20.020000457763672,-0.02815533558085659,-0.8191946476812462,1.3,0.10999999999999988
2018-02-22,91.5595474243164,92.71419223621088,91.38435859484798,91.97362514140887,17070400,18.71999931335449,1.63,2.02,2.92,-0.0018232006103729992,-0.0018248646635152343,0.3139406127258759,,-0.04408742447235646,-0.005965255604054254,18.71999931335449,-0.06493512061359863,-0.8194766390571797,1.29,0.009999999999999787
2018-02-23,93.41494750976562,93.47865364738551,91.82233052137796,91.82233052137796,12162500,16.489999771118164,1.64,2.02,2.88,0.02026440865692236,0.020061817876852205,0.32216924397305474,,-0.3163418880768058,0.013915069047854667,16.489999771118164,-0.11912391154018287,-0.8213583262193899,1.24,-0.020000000000000018
2018-02-26,94.57757568359376,94.68109969631548,93.42293057128067,94.07590342124068,16511200,15.800000190734863,1.66,2.03,2.86,0.012445847316957526,0.012369034436830023,0.3244717036607744,,-0.07870295714299265,0.021062525178619618,15.800000190734863,-0.04184351667437969,-0.8209616102417372,1.2,-0.010000000000000231
2018-02-27,93.45475006103516,95.02347850976786,93.44678527629902,94.68903045505802,17563300,18.59000015258789,1.66,2.08,2.9,-0.011872006809679592,-0.011943041861373908,0.32769231233860563,,-0.035823727235496976,0.00998241128632782,18.59000015258789,0.17658227393497672,-0.8301104399544728,1.24,0.020000000000000018
2018-02-28,91.9736328125,94.35459355390692,91.84622053485928,93.82106831082793,17735600,19.850000381469727,1.65,2.07,2.87,-0.01584849617133255,-0.01597542647607636,0.3311297958800114,,-0.0355155901577519,0.0033879164313947996,19.850000381469727,0.06777838722644836,-0.8227378439317725,1.2200000000000002,-0.06999999999999984
2018-03-01,90.32530212402344,92.8814524929096,89.70418226854598,91.9577374983249,18690000,22.46999931335449,1.63,2.05,2.81,-0.017921774296301818,-0.01808431422425931,0.3367880525904106,,0.0012795913879240538,-0.019365089330982244,22.46999931335449,0.13198986808738655,-0.8181824003053326,1.1800000000000002,-0.10999999999999988
2018-03-02,90.23767852783205,90.4287908657823,88.4858022666926,89.4971113835041,18353700,19.59000015258789,1.65,2.06,2.86,-0.0009700891569792702,-0.00097055999799532,0.33413830971500424,,-0.028584554591275325,-0.030375805797627442,19.59000015258789,-0.12817086109366016,-0.8120982297907943,1.21,-0.020000000000000018
2018-03-05,91.6232681274414,92.3160588158916,89.09897125311836,89.22638354884133,13933000,18.729999542236328,1.7,2.06,2.88,0.015354889689255469,0.015238196396222018,0.32964706505655433,,-0.257562189757257,0.006825380603501019,18.729999542236328,-0.04389997976788962,-0.8012895799150733,1.18,0.020000000000000018
2018-03-06,91.70288848876952,92.2284489322084,91.03398619897725,92.0851131612066,10674400,18.36000061035156,1.68,2.06,2.88,0.0008689971767581461,0.0008686198173119108,0.27302068526441875,,-0.40015942326652487,0.05845569153422536,18.36000061035156,-0.01975434815416932,-0.8817933226384794,1.2,-0.020000000000000018
2018-03-07,91.3604965209961,91.6551268411176,90.07047428650998,90.58011135005567,13006500,17.760000228881836,1.68,2.05,2.89,-0.00373370973822007,-0.003740697431192186,0.2541652687476644,,-0.2253415429917129,0.023369967020024918,17.760000228881836,-0.032679758252918356,-0.8600999650219289,1.2100000000000002,0.020000000000000018
2018-03-08,91.3684539794922,91.75864959728378,90.1501027013194,91.66309037092306,11173700,16.540000915527344,1.67,2.05,2.86,8.709955395524993e-05,8.709576100934132e-05,0.25331702750995394,,-0.31258862793952535,0.01656773763319186,16.540000915527344,-0.06869365414593254,-0.8530689339817004,1.19,0.04999999999999982
2018-03-09,93.99626159667967,94.02811466759508,92.10900815356938,92.80976356300378,15366600,14.640000343322754,1.67,2.03,2.9,0.02876055687422796,0.028354734802641248,0.20620852359051645,,-0.018220919140877815,0.09417878051553119,14.640000343322754,-0.114873063303214,-0.7988868470686601,1.23,0.040000000000000036
2018-03-12,93.69367218017578,94.56164563233712,93.36718274013916,93.96441418623814,12339300,15.779999732971191,1.71,2.05,2.87,-0.003219164372751826,-0.003224357029386058,0.19961556107113032,,-0.16959383499485678,0.06924753917816084,15.779999732971191,0.07786880894223391,-0.785577688521148,1.1600000000000001,-0.009999999999999787
2018-03-13,92.57086944580078,94.33867540856404,92.23642131104884,94.12366869668628,13312300,16.350000381469727,1.73,2.03,2.84,-0.01198376270508228,-0.012056146860288268,0.20147364506841228,,-0.08962063024159865,0.040361675430486965,16.350000381469727,0.03612171471128467,-0.7756484324424818,1.1099999999999999,-0.040000000000000036
2018-03-14,91.53565979003906,92.84160524608222,91.25695302966736,92.8177169631006,12905100,17.229999542236328,1.76,2.05,2.81,-0.011182887899392813,-0.011245886501467085,0.2061038218381509,,-0.10692276550762449,0.022413699217784355,17.229999542236328,0.05382257738439855,-0.7836479026838713,1.05,-0.08000000000000007
2018-03-15,91.76657104492188,92.37176708207498,91.4400877859692,92.26824918540228,8748000,16.59000015258789,1.77,2.07,2.82,0.002522637138492989,0.0025194606304233783,0.1896160134251783,,-0.38081306153187894,0.0018251532656483604,16.59000015258789,-0.03714448094322875,-0.7371318703068916,1.0499999999999998,-0.040000000000000036
2018-03-16,91.9258804321289,92.8495953866501,91.84624469997507,91.84624469997507,19888900,15.800000190734863,1.78,2.08,2.85,0.0017360285493182026,0.0017345233935000465,0.18911931865081785,,0.3701231870180365,-0.0006059116070764592,15.800000190734863,-0.0476190448816719,-0.7372615729565734,1.07,-0.04999999999999982
2018-03-19,91.20120239257812,91.93380468107084,90.22174643793812,91.65509794907372,13214900,19.020000457763672,1.8,2.08,2.85,-0.007883286362275643,-0.007914523741318168,0.18948938300252557,,-0.08964279145256634,-0.0013080658378935572,19.020000457763672,0.20379748279477994,-0.7081405384253491,1.05,-0.020000000000000018
2018-03-20,91.28880310058594,91.93381102131256,91.13750254620254,91.47195672301592,9921200,18.200000762939453,1.81,2.08,2.89,0.0009605214153947106,0.0009600604098801572,0.1895215862187671,,-0.3081042781112276,-0.0006103879203998019,18.200000762939453,-0.04311249606145551,-0.7136941338193776,1.08,0.050000000000000266
2018-03-21,91.3684539794922,92.8734768613942,90.94641136159996,91.42419534269771,13633000,17.860000610351562,1.74,2.06,2.89,0.0008725153162376653,0.0008721348960146962,0.1889109430540081,,-0.0473215571013083,-0.00390649010343902,17.860000610351562,-0.018681326282152133,-0.7123225950573845,1.1500000000000001,0.08000000000000007
2018-03-22,87.55412292480469,90.46065035675144,87.22763957743456,90.14212572065348,22550400,23.34000015258789,1.72,2.05,2.83,-0.041746695807544754,-0.04264312657458129,0.24175312287429532,,0.5462233735458558,-0.043746661185963376,23.34000015258789,0.30683087093850103,-0.8261326298594417,1.11,0.010000000000000231
2018-03-23,85.21297454833984,88.32653763373888,85.01389742272718,87.80893589207564,23081500,24.8700008392334,1.74,2.04,2.82,-0.026739441824750187,-0.027103444181291198,0.2420248272672674,,0.5255321666105975,-0.08780150479202853,24.8700008392334,0.06555272821949254,-0.7861252174674933,1.0799999999999998,-0.03000000000000025
2018-03-26,87.8407974243164,88.51766457689419,86.5189283420746,86.9489357038696,20217500,21.030000686645508,1.79,2.06,2.85,0.030838295340644972,0.03037235019314883,0.2660098447389181,,0.32007264562015664,-0.07123018549148519,21.030000686645508,-0.15440289597940582,-0.8118993752201974,1.06,0.0
2018-03-27,86.1366958618164,88.93970540773233,85.4439112997477,88.44599191120054,18039900,22.5,1.77,2.1,2.78,-0.01939988721036201,-0.0195905347439645,0.2705021095892163,,0.17605949433724866,-0.07830585598312911,22.5,0.06990010772029942,-0.8219679443283472,1.0099999999999998,-0.11000000000000032
2018-03-28,86.00132751464844,86.93300710463922,84.9263121357858,86.22429294725966,19189300,22.8700008392334,1.73,2.12,2.77,-0.0015715525864276048,-0.0015727887705155178,0.2669069852773706,,0.24509147441337767,-0.06493497228740408,22.8700008392334,0.016444481743706607,-0.8195347311692973,1.04,-0.1200000000000001
2018-03-29,87.57005310058594,88.21506108849206,85.8261354143483,86.39947854819916,13274600,19.96999931335449,1.73,2.09,2.74,0.01824071361770896,0.018076347561472618,0.2712718265668855,0.256056208762687,-0.12327894967304419,-0.030503623665208868,19.96999931335449,-0.12680373500048014,-0.8242026585747765,1.0100000000000002,-0.08999999999999986
2018-04-02,85.88189697265625,88.17527004753673,84.47243316651395,87.56210891140688,18822500,23.6200008392334,1.77,2.08,2.73,-0.019277778968463277,-0.01946601850310918,0.2785944732667667,0.2592646604830745,0.2412106329003741,-0.04827009766028434,23.6200008392334,0.1827742439349036,-0.8592369324677465,0.96,-0.08999999999999986
2018-04-03,87.0604248046875,87.1957958149914,85.41206616791136,86.28800445417862,14050700,21.100000381469727,1.75,2.09,2.79,0.013722657202209776,0.013629354150034656,0.27729336361061685,0.25912874412733966,-0.07381522644419125,-0.049800049878239605,21.100000381469727,-0.10668926199096018,-0.8683261934895287,1.04,-0.06000000000000005
2018-04-04,88.3823013305664,88.5574902174528,85.22095480453466,85.28466095892121,15302600,20.059999465942383,1.71,2.07,2.79,0.015183437581937076,0.015069322846362691,0.2841159151932474,0.26057510979812,-0.006448869216023322,-0.03621027879192451,20.059999465942383,-0.04928914202488288,-0.8668663697740836,1.08,0.010000000000000231
2018-04-05,89.54277801513672,90.3031109709555,89.15060987945091,89.34269135931495,16627000,18.940000534057617,1.72,2.07,2.83,0.013130193116718258,0.013044739334733798,0.28883809748378775,0.2618540814860279,0.06699950907883295,-0.01989611019070625,18.940000534057617,-0.05583245073292675,-0.8745584416473262,1.11,0.06000000000000005
2018-04-06,87.30982971191406,89.2786882185424,86.29339195993738,88.47834141642606,18906000,21.489999771118164,1.73,2.06,2.77,-0.024937223891414062,-0.02525342430456763,0.30130457926482285,0.2669663864026534,0.1838769559471407,-0.044420410883707184,21.489999771118164,0.1346356475795858,-0.8892174199169471,1.04,0.029999999999999805
2018-04-09,88.3582992553711,90.42319572925656,87.95012062537926,88.04616445189566,15974300,21.770000457763672,1.76,2.08,2.78,0.012008608273736732,0.01193707702844089,0.2843286219481593,0.2671465613661965,-0.0016031300097812805,-0.059980708227525215,21.770000457763672,0.013029348051544432,-0.8722870292402898,1.0199999999999998,0.04999999999999982
2018-04-10,90.04702758789062,90.335152948094,89.17464632889649,89.74289187091927,13951400,20.46999931335449,1.74,2.09,2.8,0.019112277474228057,0.018931932149413057,0.2948741554330601,0.2697237598116789,-0.13240556684766167,-0.03892092718142748,20.46999931335449,-0.05971525572226499,-0.8766268949941318,1.0599999999999998,0.009999999999999787
2018-04-11,88.53433990478516,89.48674817232907,88.45430036273696,89.3667010715763,14503300,20.239999771118164,1.73,2.09,2.79,-0.016798863034418354,-0.016941564337996835,0.2975846871708358,0.26990243835950634,-0.10141228944917025,-0.043604749152528655,20.239999771118164,-0.011235933070416593,-0.8529067172837986,1.06,0.0
2018-04-12,90.73529815673828,91.55164901927094,89.23864778490828,89.28666662795135,16435500,18.489999771118164,1.75,2.11,2.83,0.024859938576603735,0.024555957962434836,0.31007081159598604,0.2745283085792774,0.007285514007952012,-0.008743714036001049,18.489999771118164,-0.08646245157063659,-0.855056591660464,1.08,0.0
2018-04-13,88.27824401855469,92.15992431721408,87.27781063713934,92.055875337604,39152800,17.40999984741211,1.76,2.12,2.82,-0.027079363688641056,-0.027452766092642973,0.3242078083791805,0.28000010094018124,1.1950494103083698,-0.03801304752532997,17.40999984741211,-0.05840994792185128,-0.7724488830764445,1.0599999999999998,0.04999999999999982
2018-04-16,88.20619201660156,89.21463037331081,87.870047933085,88.79044768132664,16580500,16.559999465942383,1.79,2.12,2.83,-0.0008161920612963502,-0.0008165253273885771,0.3239509245500451,0.2799449312352656,-0.06173490622866438,-0.04046399553685731,16.559999465942383,-0.048822538134374205,-0.7697317352712614,1.04,0.050000000000000266
2018-04-17,88.20619201660156,89.57478387619862,88.03011479966635,89.13459694002013,15501400,15.25,1.8,2.16,2.82,0.0,0.0,0.3232730288629859,0.27991956172846016,-0.12843807155945455,-0.0328395930909382,15.25,-0.07910625049454578,-0.7994664637719162,1.0199999999999998,0.020000000000000018
2018-04-18,87.49391174316406,88.89451864014511,87.1497623756594,88.4623306363373,16081400,15.600000381469728,1.81,2.17,2.87,-0.008075173150014714,-0.008107953953762402,0.32389659922702935,0.2792415638764093,-0.11121943562926044,-0.04157017321434808,15.600000381469728,0.02295084468653963,-0.8006876602386197,1.06,0.08000000000000007
2018-04-19,89.41474151611328,89.53479475203287,87.63797072175493,87.6619801477066,17911000,15.960000038146973,1.82,2.21,2.92,0.02195386781411446,0.0217163516375791,0.33472304002295794,0.28297947349338226,-0.021667409524308925,-0.021382789992456686,15.960000038146973,0.02307690050475042,-0.76041430995848,1.0999999999999999,0.08999999999999986
2018-04-20,89.21464538574219,90.23108298250798,88.74243766939608,89.87893459553999,15584400,16.8799991607666,1.81,2.22,2.96,-0.002237842742463636,-0.0022403504544755786,0.2967551384711471,0.28170488316344683,-0.13224175890259018,0.018965668382785683,16.8799991607666,0.057644055164203234,-0.6795313017694636,1.15,0.14000000000000012
2018-04-23,88.782470703125,89.59882175181515,88.54236422083652,89.29469216625637,11285800,16.34000015258789,1.87,2.25,2.98,-0.004844212301114537,-0.0048559835277901635,0.27883809150125394,0.2818385254208753,-0.35025543197754466,0.04188911575619558,16.34000015258789,-0.03199046416031859,-0.6538844147359629,1.1099999999999999,0.1499999999999999
2018-04-24,88.36627960205078,90.35914111948844,87.70998946452485,89.43874121904467,16453100,18.020000457763672,1.87,2.25,3.0,-0.004687762097384085,-0.004698784113340537,0.2586534928139443,0.28168264520633546,-0.04238746898894879,0.005982210921834152,18.020000457763672,0.1028151951950691,-0.5871223674234904,1.13,0.18000000000000016
2018-04-25,88.03014373779297,88.46233174702712,86.91766216271601,88.25423986713774,13548200,17.84000015258789,1.85,2.26,3.03,-0.003803892907697004,-0.0038111461077636097,0.248423177700893,0.28175063622395885,-0.2010162300765652,0.02198189583466381,17.84000015258789,-0.009988917902509331,-0.5600884770900989,1.1799999999999997,0.1599999999999997
2018-04-26,88.11819458007812,88.69444533887103,87.50992921177865,88.01415167880367,10299500,16.239999771118164,1.82,2.25,3.0,0.0010002351302234036,0.0009997352283840208,0.24822559242903103,0.28120201604948025,-0.37625285393312863,0.02461435336645379,16.239999771118164,-0.08968611927044345,-0.544566734085477,1.18,0.08000000000000007
2018-04-27,87.55792236328125,88.16618751055599,87.34182535417567,87.67797557876655,9384000,15.40999984741211,1.82,2.24,2.96,-0.006358189922828328,-0.006378489302998038,0.24127549501927187,0.28120403617257717,-0.4249214200224663,-0.00013852609282716255,15.40999984741211,-0.05110837040663996,-0.4863550170050451,1.14,0.0
2018-04-30,87.06172180175781,88.27825232751164,87.03771237532975,87.83805915579255,13744900,15.93000030517578,1.87,2.24,2.95,-0.005667112102828109,-0.005683231110283222,0.23128565579953156,0.28040146661732174,-0.14436042577482788,0.013737759303071861,15.93000030517578,0.033744351908672865,-0.4119536189515325,1.08,-0.029999999999999805
2018-05-01,87.06172180175781,87.21378964401738,86.06929350370912,86.79760589872636,10503400,15.489999771118164,1.85,2.26,2.97,0.0,0.0,0.22616975210635026,0.27686966773184923,-0.33884848952178026,1.4897665308044594e-05,15.489999771118164,-0.027620874176295884,-0.37151057482152655,1.12,-0.029999999999999805
2018-05-02,86.37342834472656,87.62997262236689,86.22136659936336,86.5254961962515,12162100,15.970000267028809,1.84,2.24,2.97,-0.007905810300863458,-0.007937226911178695,0.2205128494941297,0.2583618659534452,-0.22679678311453003,-0.022729358204039984,15.970000267028809,0.030987766494718016,-0.3631284500610699,1.1300000000000001,-0.05999999999999961
2018-05-03,85.82917022705078,86.25335296068144,84.18045813598512,86.10929032415027,15379100,15.899999618530272,1.84,2.24,2.94,-0.006301221661638601,-0.0063211581524771805,0.21461520986421478,0.25094972944474186,-0.018382783545524205,-0.041473001736200055,15.899999618530272,-0.004383259068758916,-0.3354586936416814,1.0999999999999999,-0.06000000000000005
2018-05-04,86.78160095214844,87.02970649812563,84.82075379824332,85.18090740409158,11967900,14.770000457763672,1.84,2.24,2.95,0.011096818512611906,0.011035700549700093,0.20095265595095282,0.2516419118764145,-0.21881568125742484,-0.006050049135458813,14.770000457763672,-0.07106913131303916,-0.19513996180335622,1.11,-0.009999999999999787
2018-05-07,87.53392028808594,87.78202580972811,86.72556841587793,87.04570831532116,9356700,14.75,1.86,2.25,2.95,0.008669111052149514,0.008631750077949737,0.19861118568753172,0.23445989677724935,-0.37577555219316155,-0.009329955128522305,14.75,-0.00135412709165883,-0.21744249174057131,1.09,0.0
2018-05-08,88.83050537109375,89.11062557952415,87.46191283319446,87.66199956866797,12543200,14.710000038146973,1.87,2.26,2.97,0.014812373063386008,0.014703741281378243,0.19363811551033078,0.23286918787859653,-0.15924152635815889,-0.013509854232661711,14.710000038146973,-0.0027118618205442813,-0.13767288109891893,1.1,0.0
2018-05-09,90.76731872558594,90.9513950401345,88.86248974409399,89.19063480957001,11368100,13.420000076293944,1.88,2.27,3.0,0.02180347107562941,0.021569174929371434,0.1989236553619649,0.23493913130237715,-0.22991569656181518,0.025221612576569186,13.420000076293944,-0.08769544245463723,-0.23813923718101535,1.12,0.029999999999999805
2018-05-10,91.47162628173828,91.59167950955326,90.23909161474876,90.59124612136314,9159700,13.229999542236328,1.9,2.27,2.97,0.007759483986539806,0.007729534021749819,0.18092416336133363,0.23512777161910942,-0.3638372703557905,0.008115123220602039,13.229999542236328,-0.01415801288952645,-0.12319180874866491,1.0700000000000003,0.03000000000000025
2018-05-11,91.12747192382812,91.8237757218065,90.9754041032424,91.631688125437,10253000,12.649999618530272,1.92,2.28,2.97,-0.003762416520836087,-0.003769512213433092,0.14933296020643497,0.2305302661168256,-0.20846852981116112,0.03227553897282531,12.649999618530272,-0.04383975387560868,-0.268703205174586,1.0500000000000003,0.020000000000000018
2018-05-14,91.15948486328124,91.79975852103928,91.03142646803342,91.32755692742374,8710700,12.93000030517578,1.93,2.28,3.0,0.00035129844795722676,0.00035123675710496905,0.14914094980742532,0.23036238871513415,-0.30646630381818935,0.03348169532274814,12.93000030517578,0.02213444229953576,-0.28407392570869217,1.07,0.04999999999999982
2018-05-15,90.46318817138672,91.16749718815537,90.09502941542168,91.16749718815537,11536200,14.630000114440918,1.92,2.31,3.08,-0.0076382253907950615,-0.0076675460349054855,0.15270465541808215,0.23042396314187452,-0.06677280162308824,0.025587729196612008,14.630000114440918,0.13147716698696765,-0.3752735772168317,1.1600000000000001,0.10999999999999988
2018-05-16,90.71129608154295,90.99142232393054,90.14305063200882,90.35114249298898,7571100,13.420000076293944,1.92,2.32,3.09,0.002742639466632335,0.0027388852936724353,0.14867680937580527,0.23049911255891675,-0.3656976040341468,0.036772665369259494,13.420000076293944,-0.08270676887778095,-0.35407408047327343,1.17,0.08999999999999986
2018-05-17,90.40714263916016,90.76730223873888,89.79887757105519,90.59922409523983,8617200,13.43000030517578,1.92,2.32,3.11,-0.003352983096056583,-0.0033586169408605098,0.1295513407233497,0.2304171072387637,-0.2488110664639018,0.011098853569554201,13.43000030517578,0.0007451735339034649,-0.47874923001540526,1.19,0.13999999999999968
2018-05-18,88.94253540039062,90.27911916272966,88.71043410161512,90.23909938129336,11806300,13.420000076293944,1.91,2.32,3.06,-0.016200127512216445,-0.016332784232835722,0.1425821266982237,0.23274940485603107,0.046424953312693716,-0.0030500595969981115,13.420000076293944,-0.0007446186637822816,-0.4467393249035864,1.1500000000000001,0.08999999999999986
2018-05-21,89.75888061523438,90.07101532927084,89.57479819369877,89.67884716915128,9441900,13.079999923706056,1.93,2.35,3.06,0.00917834432275666,0.009136479293293915,0.14508930763925287,0.22968710728773242,-0.15624359099810864,0.010997778101651923,13.079999923706056,-0.025335331643439263,-0.46532352700451884,1.1300000000000001,0.06000000000000005
2018-05-22,90.44719696044922,91.47163992577754,89.87094626591161,89.91896512173584,11507600,13.220000267028809,1.93,2.34,3.06,0.007668504113430563,0.007639250594400165,0.1457811774981433,0.22874327705706884,0.051590782817206186,0.023548771859239315,13.220000267028809,0.010703390224721332,-0.4301345976000636,1.1300000000000001,-0.020000000000000018
2018-05-23,90.031005859375,90.25510197652513,88.93453469958179,90.0470162141207,11453900,12.579999923706056,1.92,2.29,3.01,-0.00460148147273387,-0.004612100877792069,0.14617090793601734,0.2277013312517415,0.056796137779592325,0.022729283818299972,12.579999923706056,-0.04841152272280491,-0.40038800236407784,1.0899999999999999,-0.08000000000000007
2018-05-24,89.02255249023438,89.75886987595842,88.13416730083436,89.75086470045974,14084800,12.529999732971191,1.91,2.28,2.98,-0.011201178521939359,-0.011264384150314371,0.152648042310448,0.22654632545458586,0.2772328314708835,0.010263009977291349,12.529999732971191,-0.003974577983950844,-0.4189180188383053,1.07,-0.1299999999999999
2018-05-25,88.56637573242188,88.90251990743312,88.19821084798724,88.4063027161109,8283500,13.220000267028809,1.9,2.27,2.93,-0.005124283061447188,-0.005137457224592551,0.1519672467984477,0.22380190112994772,-0.24507168560860657,0.011517557085885421,13.220000267028809,0.0550678809866183,-0.48230045838425856,1.0300000000000002,-0.1299999999999999
2018-05-29,84.78073120117188,87.39786237860851,84.00439387916376,87.38185813037047,30643800,17.020000457763672,1.93,2.17,2.77,-0.04274358637737696,-0.04368398859742855,0.21816314899028802,0.24079964466306386,1.5930843299476793,-0.026199695496257447,17.020000457763672,0.28744327639782363,-0.7699859214754186,0.8400000000000001,-0.29000000000000004
2018-05-30,86.71755981445312,86.91764648043302,85.35697292825404,86.14931441580949,17490800,14.9399995803833,1.94,2.23,2.84,0.022845151083746185,0.02258810804770985,0.23413531530825465,0.24337907352128332,0.43757479320910536,-0.003953080414471399,14.9399995803833,-0.12220921395049544,-0.7993258520191115,0.8999999999999999,-0.2200000000000002
2018-05-31,85.64509582519531,86.58950510650607,85.17288813145979,86.39741751609147,19808200,15.43000030517578,1.93,2.23,2.83,-0.01236732204587554,-0.012444433810111951,0.23664447415523035,0.2444886172536751,0.5784451340863969,-0.00843236784146606,15.43000030517578,0.03279790753380385,-0.7967312017245584,0.9000000000000001,-0.17999999999999972
2018-06-01,86.75756072998047,87.18974856728344,86.27735405725242,86.70953578839627,13594200,13.460000038146973,1.92,2.28,2.89,0.012989242338589113,0.01290560560363186,0.24010515675392127,0.24610678051653054,0.09103254108767779,0.01081672466917416,13.460000038146973,-0.12767337835813253,-0.8076975044340925,0.9700000000000002,-0.08999999999999986
2018-06-04,86.79761505126953,87.4459001639938,86.65355237134881,87.22980309103171,9415400,12.739999771118164,1.94,2.3,2.94,0.0004616810448800912,0.0004615745029774804,0.23688556911021444,0.2461141426201051,-0.2365261510105767,0.00018453334514911823,12.739999771118164,-0.05349184732453616,-0.7962407928202853,1.0,0.009999999999999787
2018-06-05,86.30940246582031,86.6855664670689,85.69313807022891,86.62954243110605,10415200,12.399999618530272,1.94,2.32,2.92,-0.005624723503760309,-0.005640601829795355,0.23540808531885873,0.23862817432286862,-0.15906353046045132,-0.013989066389755833,12.399999618530272,-0.026687610572700304,-0.7961913454367927,0.98,0.1499999999999999
2018-06-06,88.32626342773438,88.6303929793979,86.82161381074954,86.96567646283452,15453600,11.640000343322754,1.95,2.32,2.97,0.023367801239416064,0.023098954356685228,0.24441012568428877,0.24382033999161823,0.23325321049960257,-0.005676450238044639,11.640000343322754,-0.06129026601515308,-0.8093735488270918,1.0200000000000002,0.13000000000000034
2018-06-07,88.67842102050781,89.2386612946917,88.06215061274453,88.98255058275606,13444400,12.130000114440918,1.94,2.31,2.93,0.003987008836409789,0.003979081779856271,0.23116638810871795,0.24292291096189972,0.06409594307683479,-0.02301376458407267,12.130000114440918,0.04209619902625272,-0.7865897429870876,0.9900000000000002,0.10000000000000009
2018-06-08,88.92650604248047,88.95051546209847,88.08613971889262,88.53433794101396,10383200,12.18000030517578,1.93,2.3,2.93,0.0027975805062574466,0.002793674561014676,0.22930420722099787,0.24202589514433406,-0.1821515073942067,-0.02782414987811288,12.18000030517578,0.004122027226968861,-0.7878057764981226,1.0000000000000002,0.040000000000000036
2018-06-11,88.70243072509766,89.5668066704138,88.65440576847273,88.93453201260816,12642900,12.350000381469728,1.94,2.32,2.96,-0.002519780966945606,-0.0025229609580502198,0.22917680635425394,0.24197941793851194,-0.013448435827797284,-0.026611527210559704,12.350000381469728,0.01395731297491909,-0.7981118521076797,1.02,0.020000000000000018
2018-06-12,88.1902084350586,89.26267012597859,87.6539714834376,88.95053538870123,15294100,12.34000015258789,1.92,2.31,2.96,-0.00577461390687839,-0.005791351456124825,0.22960934669474709,0.24216527999021242,0.16354360388043135,-0.032572325662830304,12.34000015258789,-0.0008097351071213454,-0.7984998312085559,1.04,0.040000000000000036
2018-06-13,88.01412963867188,89.19863936298187,87.70199490684959,88.40629782113767,14979700,12.9399995803833,1.94,2.35,2.98,-0.0019965798869426843,-0.001998575709553817,0.22851989622080235,0.24171468523229922,0.1248900807188627,-0.027072432248076317,12.9399995803833,0.04862231931736094,-0.8104982617618647,1.04,0.009999999999999787
2018-06-14,86.46144104003906,88.32625005804606,86.26135439277205,88.26222086544225,20487300,12.119999885559082,1.94,2.35,2.94,-0.017641356052796597,-0.017798819434640817,0.23515158460338706,0.24424394477021566,0.4673193720277316,-0.046850339760150406,12.119999885559082,-0.06336937568895418,-0.7391218837306361,1.0,0.009999999999999787
2018-06-15,86.35741424560547,86.74157726036938,85.05284515481044,86.27738079304308,26028600,11.979999542236328,1.94,2.35,2.93,-0.001203158230793533,-0.001203882606741912,0.23515936853890046,0.24421646393759616,0.7547800609048626,-0.04479434119180459,11.979999542236328,-0.011551183551541389,-0.7391935053750387,0.9900000000000002,0.0
2018-06-18,86.5815200805664,86.75759735967827,85.38900501680197,85.84520246442742,9786800,12.3100004196167,1.94,2.35,2.92,0.002595096633203564,0.0025917351842031384,0.22970357413749398,0.22830044726760615,-0.3356772114028005,-0.026545401580871153,12.3100004196167,0.027545984139392576,-0.7485072462520398,0.98,-0.040000000000000036
2018-06-19,86.07728576660156,86.34139552384586,85.31695277554194,85.55705921612085,12707200,13.350000381469728,1.94,2.34,2.89,-0.005823809901877919,-0.005840834413288641,0.22677271413448033,0.22165477852637477,-0.1468963952290863,-0.04101649690145481,13.350000381469728,0.08448415324143532,-0.744213515488728,0.9500000000000002,-0.06999999999999984
2018-06-20,86.06929016113281,86.94967036421929,85.98925670742696,86.58151159224353,8876900,12.789999961853027,1.94,2.36,2.93,-9.288868018475505e-05,-9.289299460538424e-05,0.22401520595594132,0.21252881552842773,-0.3987357526640465,-0.048402901874679216,12.789999961853027,-0.041947595776401725,-0.7555996242747754,0.9900000000000002,-0.04999999999999982
2018-06-21,86.04528045654297,86.60552073682778,85.26093795798313,85.71713535940394,11048700,14.640000343322754,1.94,2.34,2.9,-0.00027895785529186146,-0.0002789967712718231,0.22399642613371015,0.2087080801881316,-0.25060357249805254,-0.04427058616958679,14.640000343322754,0.14464428357994286,-0.7112745290230853,0.96,-0.040000000000000036
2018-06-22,84.63665771484375,86.73356812311243,84.4445762297548,86.56549606038958,19478900,13.770000457763672,1.93,2.33,2.9,-0.016370714747227066,-0.01650619554451315,0.22753476157838495,0.2114097172059875,0.29745416857332596,-0.049267232321514864,13.770000457763672,-0.05942622029758937,-0.6567008072482091,0.97,-0.03000000000000025
2018-06-25,83.86833953857422,84.59665193082247,83.20405024783696,84.56464343314764,16907600,17.329999923706055,1.93,2.34,2.87,-0.009077841647033513,-0.009119296321542807,0.22857747187714944,0.20866014541343575,0.09474161304682126,-0.05304537026604128,17.329999923706055,0.2585329954680733,-0.6132652892360729,0.9400000000000002,-0.04999999999999982
2018-06-26,83.92435455322266,84.20447467399562,82.52374784319713,83.80430132827405,17086800,15.920000076293944,1.93,2.33,2.88,0.0006678922577532109,0.0006676693169806485,0.1698390355220014,0.2049815773272618,0.15713073996759563,-0.010101076457068592,15.920000076293944,-0.0813617918995686,-0.3716461427763091,0.95,-0.010000000000000231
2018-06-27,82.62779998779297,84.77272960582235,82.61980091641652,83.78030130678229,16276800,17.90999984741211,1.93,2.33,2.83,-0.015449085933779139,-0.015569666581231064,0.15431766272993402,0.2051898815233466,0.10682671662419484,-0.04716184167786652,17.90999984741211,0.1249999850239587,-0.3255307889750933,0.9000000000000001,-0.10000000000000009
2018-06-28,83.98037719726562,84.40455995977389,82.8438863795717,82.97994384940255,14491300,16.850000381469727,1.93,2.33,2.84,0.01636951739816972,0.01623698126066701,0.1629382404265115,0.20559088298310563,0.003554021542966126,-0.019437407499986237,16.850000381469727,-0.05918478363893154,-0.36080234056051275,0.9099999999999999,-0.06000000000000005
2018-06-29,83.39612579345703,85.55706560146247,83.35611212114785,85.38098834605155,18972400,16.09000015258789,1.93,2.33,2.85,-0.0069569990431956885,-0.006981311789157172,0.15558358228911595,0.20389890894620483,0.2898593979559301,-0.038745152678800965,16.09000015258789,-0.045103870129143964,-0.25613045496008846,0.9200000000000002,-0.04999999999999982
2018-07-02,84.10041809082031,84.10841715999491,82.73982527349793,83.01194627942627,11130000,15.600000381469728,1.98,2.34,2.87,0.008445144071890898,0.008409683350088326,0.15973760445147273,0.19852735697451862,-0.24769950157557274,-0.03107455151683647,15.600000381469728,-0.03045368343513355,-0.26975753920198375,0.8900000000000001,0.0
2018-07-03,82.92391967773438,84.66067050103736,82.85188530161368,84.36454613854272,8311700,16.139999389648438,1.98,2.33,2.83,-0.013989210039543787,-0.014087981274614731,0.16530417333077854,0.19865854847534958,-0.43417195135690967,-0.03922495917436841,16.139999389648438,0.03461532019064184,-0.2859604080567584,0.8500000000000001,-0.04999999999999982
2018-07-05,83.46309661865234,83.994192954924,83.31020236548775,83.79301889101068,10723400,14.970000267028809,1.96,2.32,2.84,0.006502067714760251,0.006481020457010004,0.14050184054587317,0.19491073602279466,-0.2580468949732355,-0.05505912534227053,14.970000267028809,-0.0724906547003974,-0.2514164956198205,0.8799999999999999,0.009999999999999787
2018-07-06,83.73667907714844,84.09074734635487,82.23994375285045,82.98026887385885,12173700,13.369999885559082,1.97,2.34,2.82,0.003277885311949502,0.0032725247568859274,0.1400692983081269,0.19235244389838022,-0.15398140297719154,-0.05572654414106615,13.369999885559082,-0.10688045109749944,-0.3028753611251744,0.8499999999999999,-0.020000000000000018
2018-07-09,86.32777404785156,86.47261955354296,84.25970585730039,84.25970585730039,13900800,12.6899995803833,1.98,2.34,2.86,0.030943369133565657,0.030474275430745164,0.18283910435789427,0.19604841522173036,-0.04562081882394296,-0.029223367815524925,12.6899995803833,-0.050860157890520896,-0.32344852844670025,0.8799999999999999,0.009999999999999787
2018-07-10,85.79668426513672,87.22904207160431,85.72425843729155,86.92325368190255,14575900,12.640000343322754,1.99,2.36,2.87,-0.006152015253172882,-0.006171016871258317,0.18357141589940218,0.18840719416872384,-0.005867576778773326,-0.03275836339780014,12.640000343322754,-0.00394005033206124,-0.31956696845469623,0.8800000000000001,0.0
2018-07-11,85.61160278320312,86.15074760352728,85.46675726467721,85.54722563289317,10186500,13.630000114440918,1.97,2.36,2.85,-0.0021572101942964883,-0.002159540323863619,0.18294033450385389,0.1884376871065256,-0.2929257872287258,-0.02923913774117337,13.630000114440918,0.07832276457501397,-0.3194951279127682,0.8800000000000001,0.020000000000000018
2018-07-12,85.98175048828125,86.55308380601473,85.27362034926134,86.44042687797388,12456800,12.579999923706056,1.98,2.39,2.85,0.0043235693883159065,0.004314249615654181,0.18407359552264282,0.18869359871897096,-0.12769980963425057,-0.023091509951120748,12.579999923706056,-0.0770359634569916,-0.3335808151903524,0.8700000000000001,0.010000000000000231
2018-07-13,85.58745574951172,86.74621980108931,84.60572577685208,86.34387185421848,21289100,12.18000030517578,1.98,2.37,2.83,-0.004585795666294024,-0.0045963426839046705,0.17393977814122413,0.1882195999999965,0.48661760644447,-0.010108382187646092,12.18000030517578,-0.031796472254066344,-0.40713179171411523,0.8500000000000001,0.010000000000000231
2018-07-16,88.98326873779297,89.13615677483475,86.08636490008297,86.14269336411775,24662600,12.829999923706056,2.01,2.39,2.85,0.03967652687585144,0.03890963292270038,0.2231348455908043,0.19977891321295668,0.7304422231101946,0.030406821639186843,12.829999923706056,0.05336614139936158,-0.24089996063811572,0.8400000000000003,-0.009999999999999787
2018-07-17,88.91889953613281,89.2649190287702,88.31537759357987,89.0717937261692,14821900,12.0600004196167,2.02,2.39,2.86,-0.0007233854473230883,-0.0007236472168235655,0.22322956652636156,0.19973305635660205,0.021921614456751438,0.026996285736164083,12.0600004196167,-0.06001555016899296,-0.23333476649876853,0.8399999999999999,-0.010000000000000231
2018-07-18,89.74771881103516,90.22249251078286,88.6774719567528,88.85450600956239,14244900,12.100000381469728,2.0,2.43,2.88,0.0093210698650803,0.009277896765658086,0.2232373339597332,0.20038138362282587,-0.023039489850889883,0.042641133624798266,12.100000381469728,0.0033167463069043723,-0.21202257400556082,0.8799999999999999,0.029999999999999805
2018-07-19,88.42803955078125,89.39367225793707,88.29929138818721,89.36953236115963,16775300,12.869999885559082,2.0,2.4,2.84,-0.014704320931348769,-0.014813501060004022,0.2311208032995994,0.20249433223582744,0.12016389157007443,0.02740523809633566,12.869999885559082,0.06363632064578706,-0.24652842320386134,0.8399999999999999,-0.010000000000000231
2018-07-20,89.54656982421875,89.91672924719379,88.33952582520931,88.51655992735894,13578100,12.859999656677246,1.99,2.41,2.89,0.012649045247635105,0.012569714347786873,0.23439522528664192,0.20395103080047533,-0.10092055971884938,0.04069124243768485,12.859999656677246,-0.0007770185680464614,-0.24873808819651944,0.9000000000000001,0.06000000000000005
2018-07-23,91.21228790283205,91.92846683229617,89.26492510899342,89.36953337599789,18140000,12.619999885559082,1.99,2.42,2.96,0.018601696099394216,0.018430800594994037,0.23059772613265042,0.2073128947313034,0.20649565555147625,0.07769246051920886,12.619999885559082,-0.01866250214039078,-0.3125657802998041,0.97,0.10999999999999988
2018-07-24,91.85604858398438,92.36300484805956,91.26861780934912,91.37323221733992,14000400,12.40999984741211,2.02,2.42,2.95,0.0070578284566014116,0.007033038558890859,0.22572645328639424,0.20721349108719883,-0.059739743396875204,0.09524105388704296,12.40999984741211,-0.016640256739405612,-0.24003851207612883,0.9300000000000002,0.0900000000000003
2018-07-25,92.68489074707033,92.95848445559872,91.2364354097328,91.63878343239948,13329100,12.289999961853027,2.01,2.42,2.94,0.009023272564660179,0.008982806085320951,0.2257599844928121,0.20743371362931012,-0.09338401112499052,0.10438610151350014,12.289999961853027,-0.00966961217039064,-0.2657545608353836,0.9300000000000002,0.06000000000000005
2018-07-26,92.41932678222656,93.0148000543074,92.20206158138043,92.8780032189842,11897800,12.140000343322754,1.99,2.41,2.98,-0.002865234696866281,-0.0028693473394697955,0.21466747039305858,0.2075786432619731,-0.1785037510999901,0.11850160352665995,12.140000343322754,-0.01220501375068006,-0.10524734308970018,0.99,0.14000000000000012
2018-07-27,93.36888885498048,93.58616024316456,92.38715861644584,92.68489838792829,12802700,13.029999732971191,2.0,2.43,2.96,0.010274496751003559,0.010222072889345997,0.2117563066638267,0.20757706720956454,-0.11084056114963516,0.11179411156563068,13.029999732971191,0.0733113150312188,-0.032606932857398026,0.96,0.06999999999999984
2018-07-30,93.9321517944336,94.64028195128785,93.39300089455423,93.57003496860338,13411600,14.260000228881836,2.04,2.43,2.98,0.006032661910842396,0.006014538258695551,0.20672552600163693,0.20718222980568973,-0.05021133994517944,0.12633711579205253,14.260000228881836,0.09439758412260324,-0.062009490544652206,0.94,0.020000000000000018
2018-07-31,92.49978637695312,94.2137924828492,92.39517812562651,94.2137924828492,15843800,12.829999923706056,2.03,2.44,2.96,-0.015248936494238308,-0.015366397156318632,0.21978632307885063,0.20905101793244643,0.10361266356489361,0.09987308597042066,12.829999923706056,-0.1002805247000974,0.0723064214091408,0.9300000000000002,0.009999999999999787
2018-08-01,93.07112884521484,93.89996462303834,92.76534048026392,93.1435485278554,13531600,13.149999618530272,2.03,2.45,3.0,0.006176689597242824,0.006157692037936709,0.20820319070485577,0.20872969812254982,-0.0742750029075137,0.12236769808898762,13.149999618530272,0.024941519620194974,0.1338297220478264,0.9700000000000002,0.06000000000000005
2018-08-02,93.46542358398438,93.545891940581,92.00087739229475,92.19400267599504,11058100,12.1899995803833,2.02,2.45,2.98,0.004236488196305066,0.004227539545186962,0.2082550653665862,0.20689288378181198,-0.24435741748601805,0.1198413115563306,12.1899995803833,-0.07300380730005429,0.14344224055739258,0.96,0.0
2018-08-03,94.22183990478516,94.25402847747915,93.2964445320383,93.34472432140804,11016100,11.640000343322754,2.01,2.43,2.95,0.008093006930216307,0.008060434172651315,0.20822073748611272,0.20292835183281924,-0.2442382782016245,0.12521586648995853,11.640000343322754,-0.04511888892478966,0.12896535756637534,0.9400000000000004,-0.009999999999999787
2018-08-06,94.24598693847656,94.57590906824016,93.48957082050056,93.98043581544124,9857400,11.270000457763672,2.05,2.44,2.94,0.00025627852009479923,0.00025624568636446835,0.18751592804914574,0.2023876940391757,-0.31421940401357035,0.09172265795056789,11.270000457763672,-0.031786930811503855,0.25051879635945234,0.8900000000000001,-0.040000000000000036
2018-08-07,94.5920181274414,95.18749145391284,94.41498402351505,94.74490619409691,10562100,10.93000030517578,2.06,2.45,2.98,0.0036715747821784994,0.0036648510043642796,0.18337474244146246,0.20229160871238433,-0.25478867122994336,0.10251368030872321,10.93000030517578,-0.030168601488713587,0.2579184540614952,0.9199999999999999,0.020000000000000018
2018-08-08,94.7851333618164,95.17138396623332,94.3747367226986,94.41497397452407,8997100,10.850000381469728,2.06,2.44,2.96,0.0020415595120808483,0.00203947836150729,0.1818361930903129,0.20231154758144645,-0.3625328357125017,0.10715288909896592,10.850000381469728,-0.007319297481461873,0.33327462667196606,0.8999999999999999,-0.040000000000000036
2018-08-09,94.05288696289062,94.72883494406788,93.90804140544869,94.55984948360972,9694200,11.270000457763672,2.06,2.44,2.93,-0.007725329626647515,-0.007755324565959467,0.18747835779251526,0.20232704088842154,-0.30635292198348635,0.09387034375055459,11.270000457763672,0.03870968309008038,0.2784602026806644,0.8700000000000001,-0.04999999999999982
2018-08-10,93.1274642944336,93.3044922450542,92.28253109755089,92.94238152601466,12630600,13.15999984741211,2.05,2.42,2.87,-0.009839386097974523,-0.009888112747708818,0.1917703955912195,0.20342176191363703,-0.06735475829538566,0.08809712216459809,13.15999984741211,0.16770180238515042,0.03365930994173212,0.8200000000000003,-0.08000000000000007
2018-08-13,91.6468276977539,93.24817103182332,91.59049922286734,92.99066855529286,10336300,14.779999732971191,2.06,2.42,2.88,-0.015899032663430845,-0.016026778111956165,0.1557343323259565,0.2060711218799217,-0.1941421070747919,0.02993325596758689,14.779999732971191,0.12310029668257583,-0.2695208619915903,0.8199999999999998,-0.06000000000000005
2018-08-14,92.25840759277344,92.57223857552312,91.45371150585756,91.9526191505653,10597600,13.3100004196167,2.08,2.44,2.89,0.0066732249264152,0.00665105752501195,0.15655159004908867,0.20355023641460981,-0.1599367114696193,0.03755678572341736,13.3100004196167,-0.0994586833499882,-0.3114507085090066,0.81,-0.08999999999999986
2018-08-15,91.49394989013672,92.00091239432066,90.90652513808614,91.5905156383966,10152100,14.640000343322754,2.07,2.45,2.86,-0.008286049180590838,-0.008320569308679266,0.1579244198016663,0.20357097518625555,-0.18198153191626512,0.019457108238909893,14.640000343322754,0.09992485963755926,-0.35630942663870163,0.79,-0.10000000000000009
2018-08-16,92.35494995117188,92.78948649369887,91.97674801798136,92.01697913120957,10118600,13.449999809265137,2.07,2.45,2.87,0.009410458965527502,0.009366456437143877,0.14895472707205112,0.2038668101296744,-0.16221254511906796,0.044407977609133065,13.449999809265137,-0.08128418757861378,-0.35339695971133167,0.8000000000000003,-0.06000000000000005
2018-08-17,92.35494995117188,92.59636118791224,91.97674801798136,92.2503416895672,8505100,12.640000343322754,2.05,2.44,2.87,0.0,0.0,0.14391511614289146,0.20360648697076603,-0.28069880917091894,0.03136223009397243,12.640000343322754,-0.060223009474275835,-0.3465475969393043,0.8200000000000003,0.0
2018-08-20,92.23428344726562,92.58030306931782,91.82388665382116,92.2101374034848,8618700,12.489999771118164,2.06,2.43,2.82,-0.0013065515597165955,-0.0013074058423963475,0.12953327671363346,0.20218249588742152,-0.24051268720176594,0.011204581837946037,12.489999771118164,-0.011867133554614995,-0.35259193669656913,0.7599999999999998,-0.06000000000000005
2018-08-21,92.79755401611328,93.6585785976294,92.44348576748624,92.83779127685509,10976700,12.859999656677246,2.08,2.45,2.85,0.006106954462000047,0.006088382588966562,0.1289489759781494,0.20213297550494963,-0.019663093196175895,0.010249792437654115,12.859999656677246,0.029623690339424025,-0.3302313701613387,0.77,-0.040000000000000036
2018-08-22,92.51588439941406,92.8699525439073,92.3629902207752,92.78947804609176,8314700,12.25,2.09,2.43,2.82,-0.003035312942088031,-0.003039928847260479,0.12548682925274127,0.17988579480000436,-0.24039924557915138,-0.00182345090223468,12.25,-0.04743387814637445,-0.3111827806809294,0.73,-0.040000000000000036
2018-08-23,92.32278442382812,92.66075530568462,92.08137314287698,92.50786108512597,9265400,12.40999984741211,2.08,2.43,2.82,-0.002087208881366598,-0.002089390137510462,0.12528819693759954,0.17453280787101585,-0.1432448489415855,-0.0010446122230031163,12.40999984741211,0.013061212033641523,-0.31741358544431014,0.7399999999999998,-0.050000000000000266
2018-08-24,92.28253936767578,92.717075953071,92.0974565826702,92.523950628232,8845700,11.989999771118164,2.09,2.44,2.82,-0.0004359168368188726,-0.00043601187618369345,0.11926303054710718,0.1722896119004346,-0.1668107010905015,-0.011635026405765747,11.989999771118164,-0.03384368101999047,-0.4101480834891663,0.73,-0.050000000000000266
2018-08-27,93.91608428955078,94.3747608365824,92.67685151666754,92.71708877877413,13768000,12.15999984741211,2.12,2.47,2.85,0.017701560155021,0.017546712235130883,0.13385905294215042,0.17388649346133633,0.29465480025144586,-0.00017105436824205178,12.15999984741211,0.014178488702180525,-0.40709156457720447,0.73,0.03000000000000025
2018-08-28,93.4573974609375,94.17357644436689,93.3206006077754,94.14943654549631,8302600,12.5,2.13,2.47,2.88,-0.004884007165365967,-0.004895972904764664,0.12261348409883736,0.17434568396351105,-0.19057737143837616,0.010352576167926841,12.5,0.027960539214994196,-0.6304628965352727,0.75,0.029999999999999805
2018-08-29,93.1516342163086,93.64249939148648,92.82975450710828,93.62640202938682,7221700,12.25,2.13,2.48,2.89,-0.003271685847625938,-0.0032770495137843065,0.12142260366768332,0.1740147060016156,-0.2736125947249732,0.0008649875862969392,12.25,-0.020000000000000018,-0.6451182978776274,0.7600000000000002,0.07000000000000028
2018-08-30,92.69294738769533,93.3769378571061,92.52396194038282,93.01482092199863,8991800,13.529999732971191,2.11,2.47,2.86,-0.004924087832406054,-0.004936251097982882,0.12159114241206842,0.16838886055543756,-0.08607147848403614,-0.008264833846229003,13.529999732971191,0.10448977412009719,-0.6431451069211369,0.75,0.040000000000000036
2018-08-31,92.20204162597656,92.41125810318658,91.59047112954843,92.40321556591488,13065700,12.859999656677246,2.11,2.46,2.86,-0.0052960422076721025,-0.005310115951290531,0.11845230433998073,0.16871660927825213,0.3143106324699317,-0.021436625317969527,12.859999656677246,-0.04951959272114581,-0.5864289095169282,0.75,0.040000000000000036
2018-09-04,92.66075134277344,92.7331710403552,91.43760990930326,92.0089433678194,10174200,13.15999984741211,2.13,2.49,2.9,0.004975049453434632,0.004962714788365642,0.1203216869911241,0.1688928190905542,0.021819443614482154,-0.016820192001787415,13.15999984741211,0.023328164754584213,-0.5683822605372466,0.77,0.04999999999999982
2018-09-05,92.2101058959961,93.10331889098852,91.93651222008133,92.54003418213874,11462400,13.90999984741211,2.14,2.49,2.9,-0.004863390812689383,-0.004875255582092783,0.11989121019551939,0.16915228975395902,0.14601538098532688,-0.025180900868783884,13.90999984741211,0.05699088211976577,-0.5669294058988256,0.7599999999999998,0.020000000000000018
2018-09-06,91.81580352783205,92.29861985345536,91.33298720220871,92.13768312469514,9877600,14.649999618530272,2.13,2.5,2.88,-0.0042761296533894155,-0.0042852984430867954,0.11967384547837076,0.16893549211967207,-0.01676142259818226,-0.03132695738950697,14.649999618530272,0.0531991214403813,-0.5679899003791362,0.75,-0.010000000000000231
2018-09-07,91.99286651611328,92.35497733926591,91.4376241905576,92.13771207324326,10955600,14.880000114440918,2.14,2.53,2.94,0.0019284587345309578,0.0019266016451490932,0.11798260977763513,0.1688620214743869,0.08374125969242427,-0.021902788030208398,14.880000114440918,0.015699692962430234,-0.5639302561756495,0.7999999999999998,0.08000000000000007
2018-09-10,91.50199127197266,92.51591006012056,91.4617601512484,92.41934431956328,8276900,14.15999984741211,2.14,2.54,2.94,-0.005336014222957597,-0.0053503015945950624,0.11455302037828075,0.16490649527081028,-0.1632200595064182,-0.01745428198626575,14.15999984741211,-0.04838711434753651,-0.46529198328374216,0.7999999999999998,0.08000000000000007
2018-09-11,92.08135986328124,92.20206548634916,91.07548990328706,91.36518094291284,9333800,13.220000267028809,2.15,2.55,2.98,0.00633175937763486,0.006311798005320763,0.10215095562234412,0.16520735315808932,-0.05156308983263805,0.004741377049736872,13.220000267028809,-0.06638415187236713,-0.3547123669839255,0.8300000000000001,0.08000000000000007
2018-09-12,90.99502563476562,92.44347475882132,90.8099428524756,91.93651848630331,10800800,13.140000343322754,2.16,2.56,2.97,-0.011797547626670069,-0.011867690916685589,0.10772588861643968,0.16728292678792475,0.09637153279151553,-0.01369394932095891,13.140000343322754,-0.006051431323006673,-0.25986739378267554,0.81,0.07000000000000028
2018-09-13,91.34909057617188,91.8399556453608,90.66510017890086,91.22839108321024,12470800,12.369999885559082,2.15,2.55,2.97,0.0038910362290285327,0.003883485727406566,0.10493369049877699,0.16681341252282791,0.2511663091657353,-0.0015832665890890274,12.369999885559082,-0.05859972889231746,-0.19367552920006548,0.8200000000000003,0.0900000000000003
2018-09-14,91.33300018310548,92.12964754057629,91.11573495446562,91.58245398994076,10337900,12.06999969482422,2.16,2.56,2.99,-0.00017614179807268204,-0.00017615731286109142,0.09883048496603171,0.16681580997429965,0.03603768375490627,-0.011065457440090576,12.06999969482422,-0.02425223876397009,-0.08510969650059165,0.8300000000000001,0.050000000000000266
2018-09-17,91.60659790039062,92.08137177538536,91.17206742408196,91.56636678039216,9561300,13.68000030517578,2.16,2.57,2.99,0.00299560637159213,0.002991128483257089,0.0996209738036309,0.16684423268440357,-0.046835770500088976,-0.008102998823310559,13.68000030517578,0.13338862063451007,0.0036347845950451953,0.8300000000000001,0.050000000000000266
2018-09-18,91.97674560546876,92.26643662622162,91.38126620761976,92.00088550064105,7944200,12.789999961853027,2.17,2.58,3.05,0.0040406227669389505,0.004032481374262343,0.1007772357919723,0.16287903446030327,-0.20537260224918705,-0.002792213829515,12.789999961853027,-0.06505850317751993,-0.04309607189021405,0.8799999999999999,0.06999999999999984
2018-09-19,94.64836120605467,95.00242332919372,92.08942726207135,92.08942726207135,16052800,11.75,2.16,2.58,3.08,0.029046641985417843,0.02863278331291135,0.1424239514868401,0.17066803922910853,0.5659442630834747,0.019944568685722253,11.75,-0.08131352345229803,-0.2775360449988616,0.9199999999999999,0.10999999999999988
2018-09-20,95.4610824584961,95.95194750032957,95.01850335049984,95.35647419064458,15590000,11.800000190734863,2.17,2.58,3.07,0.008586744050138151,0.008550087653375478,0.14401025229919848,0.17116597619665916,0.4686819356832244,0.03183451229160683,11.800000190734863,0.004255335381690539,-0.29477724805739886,0.8999999999999999,0.09999999999999964
2018-09-21,94.83341979980467,95.94390417886284,94.74490275105822,95.86342966957106,24788200,11.68000030517578,2.18,2.58,3.07,-0.0065750632878515125,-0.006596774236037902,0.14639707763759077,0.1681606027486027,1.1761023957299996,0.027194103726886354,11.68000030517578,-0.010169481662661739,-0.27796529235728945,0.8899999999999997,0.07999999999999963
2018-09-24,93.9241180419922,95.32428736207711,93.69075546542082,94.76100261817606,12492500,12.199999809265137,2.22,2.6,3.08,-0.009588410496342181,-0.009634675278936777,0.1514331349274426,0.16735666649445027,0.07941113445959024,0.017788616195052676,12.199999809265137,0.04452050432386789,-0.31743299295194066,0.8599999999999999,0.08999999999999986
2018-09-25,93.65857696533205,94.92999825474875,93.6022484848816,94.18163064913956,9308300,12.420000076293944,2.21,2.59,3.1,-0.0028271873316013663,-0.0028311913742718594,0.1384049340600306,0.16663424553363917,-0.17991833807543398,-0.002741887357918582,12.420000076293944,0.01803280905477811,-0.37316512504824356,0.8900000000000001,0.050000000000000266
2018-09-26,92.5561294555664,94.04482193868256,92.26644454928048,93.9482562103585,14023600,12.890000343322754,2.2,2.58,3.06,-0.011770918857476498,-0.011840744605878847,0.14366719902785038,0.16843141261495256,0.2051384844504428,-0.009643624045360344,12.890000343322754,0.03784221128354903,-0.3866966837078396,0.8599999999999999,-0.020000000000000018
2018-09-27,92.15379333496094,93.15162090482556,91.86410839135628,92.87802104233238,13283000,12.40999984741211,2.18,2.58,3.06,-0.004346941936445359,-0.0043564173579195824,0.14399617430736258,0.1657196870067797,0.11251912757327107,-0.01071200617941448,12.40999984741211,-0.03723820660402799,-0.3735997040368932,0.8799999999999999,-0.009999999999999787
2018-09-28,90.8018798828125,91.92845533933723,90.54437744755047,91.4536877184307,15815100,12.119999885559082,2.19,2.59,3.05,-0.014670187772243937,-0.014778859105701696,0.1519991804950704,0.16883057051788758,0.2877975137481592,-0.020401417348110518,12.119999885559082,-0.023368248623588994,-0.3104475031131431,0.8599999999999999,-0.020000000000000018
2018-10-01,91.33300018310548,92.22621327516262,90.96284074287314,91.22839190847792,10146300,12.0,2.23,2.6,3.09,0.005849221414561345,0.005832181134940163,0.15298099697058815,0.16903290410206726,-0.16386514283548137,-0.009425403467706261,12.0,-0.009900980750178201,-0.341349251306274,0.8599999999999999,0.009999999999999787
2018-10-02,91.71119689941406,91.83190251780265,90.77774666584128,91.22033188681851,13753100,12.050000190734863,2.23,2.61,3.05,0.004140855063891058,0.00413230531760795,0.15261758318446778,0.1579707378428483,0.11689328398995916,-0.010247644548518231,12.050000190734863,0.004166682561238533,-0.3557068494333541,0.8199999999999998,-0.050000000000000266
2018-10-03,92.57225036621094,93.07116421380796,92.1216224647328,92.49178197513908,17142000,11.609999656677246,2.23,2.62,3.15,0.00938874963916625,0.009344949269645934,0.1555484013589273,0.15815917710090877,0.36072565684661234,0.003927383736261003,11.609999656677246,-0.03651456656373575,-0.3593425013029728,0.9199999999999999,0.08999999999999986
2018-10-04,93.40687561035156,94.65478641234378,92.54792650836252,92.82344233385152,16357400,14.220000267028809,2.22,2.63,3.19,0.009015933401628429,0.008975532526898415,0.15759019655477843,0.15877395149326534,0.2658880269438649,0.017328956687039376,14.220000267028809,0.22480626076939414,-0.08807938756718359,0.9699999999999998,0.1299999999999999
2018-10-05,92.8801498413086,94.07943636760756,92.39394625149151,93.86064969805824,13777600,14.81999969482422,2.23,2.64,3.23,-0.005639047078720538,-0.005655006530377163,0.15919869824240432,0.1593200272469468,0.0547218892150063,0.009645131832476395,14.81999969482422,0.04219405179524505,-0.10654902473561438,1.0,0.18000000000000016
2018-10-08,93.4473876953125,93.82013928133364,91.85103434534328,92.5803336146612,14370900,15.6899995803833,2.24,2.645,3.22,0.006107202184461036,0.0060886288077501545,0.1588201403296729,0.15913970510127423,0.07506426042904123,0.021260700409868827,15.6899995803833,0.05870444692808752,-0.1097880813426487,0.98,0.13000000000000034
2018-10-09,92.79912567138672,93.21239631162466,92.11034539254774,92.9206765870257,14069500,15.949999809265137,2.25,2.65,3.21,-0.006937187222819441,-0.006961361371369857,0.15997410527540948,0.13960670973392858,0.03419773137321274,0.00779490886289258,15.949999809265137,0.016571079403144617,-0.08496328730130986,0.96,0.16000000000000014
2018-10-10,90.32762145996094,93.14757062401505,90.32762145996094,92.9449878204114,23086400,22.959999084472656,2.27,2.67,3.22,-0.02663283941033756,-0.02699391896135153,0.18273542284351255,0.15069176220638722,0.6236823106724352,-0.007334512740108545,22.959999084472656,0.439498392415999,-0.4871319806708734,0.9500000000000002,0.07000000000000028
2018-10-11,87.62107849121094,90.32758692746448,87.01333031274392,89.92242147515314,33705600,24.979999542236328,2.27,2.66,3.14,-0.029963624913445952,-0.030421708098588338,0.2105982360692312,0.1620799029248404,1.2058227317095198,-0.04081060973291595,24.979999542236328,0.0879791175222544,-0.46250193928255107,0.8700000000000001,-0.04999999999999982
2018-10-12,86.6649169921875,89.80900591872538,85.57097113863217,89.43625431882026,32075700,21.309999465942383,2.28,2.66,3.15,-0.01091245982688227,-0.010972437451347546,0.2127770668728398,0.1608070816381212,0.9597578690274895,-0.05111058633308174,21.309999465942383,-0.14691753977371724,-0.3778750100246292,0.8700000000000001,-0.08000000000000007
2018-10-15,86.17060852050781,88.20454136718111,86.15440461830036,86.86749377980885,18903200,21.299999237060547,2.31,2.67,3.16,-0.005703674437537942,-0.005720002504836302,0.2119738213599001,0.1588948388885274,0.12289989408510141,-0.05934058795408703,21.299999237060547,-0.0004692740090311842,-0.40138487294081127,0.8500000000000001,-0.06000000000000005
2018-10-16,88.0181655883789,88.1478153485049,86.486640316481,86.83508293392704,19302800,17.6200008392334,2.3,2.66,3.16,0.021440687255114277,0.021214069228617814,0.2277815154890863,0.16041676727763574,0.10921607612830561,-0.043038922404039615,17.6200008392334,-0.1727698840206624,-0.47324624341217814,0.8600000000000003,-0.04999999999999982
2018-10-17,88.99866485595703,89.78468700028897,87.70213635195694,87.82368106925728,18794500,17.399999618530273,2.31,2.66,3.19,0.011139737587391618,0.011078147685428794,0.20349419154257292,0.1614491193821072,0.07156591617047103,-0.0596914334078954,17.399999618530273,-0.012485880262460669,-0.44731398008741946,0.8799999999999999,-0.03000000000000025
2018-10-18,87.58869934082031,89.00677898777747,87.36180758648104,88.34230762906815,17582500,20.059999465942383,2.32,2.67,3.17,-0.01584254682268238,-0.015969381339077913,0.20352503324766072,0.16326000716292613,-0.003198043416514966,-0.08246693746740696,20.059999465942383,0.1528735578005025,-0.4748714303602561,0.8500000000000001,0.029999999999999805
2018-10-19,87.4428482055664,88.50438016533222,86.92423051751676,87.23216034939031,15234500,19.88999938964844,2.31,2.67,3.2,-0.0016651821108379927,-0.0016665700675836154,0.20354058488863144,0.16321798010861602,-0.1122719968999882,-0.0779321425910815,19.88999938964844,-0.008474580300092516,-0.48179374204846676,0.8900000000000001,0.050000000000000266
2018-10-22,86.18682861328125,87.79128095857233,85.98424580931666,87.63732223154808,16199100,19.63999938964844,2.34,2.68,3.2,-0.014363891593883404,-0.01446805090996409,0.20600551080724505,0.1638594183242323,-0.06614886932880909,-0.08237808978149486,19.63999938964844,-0.0125691306018898,-0.4579342439095871,0.8600000000000003,0.040000000000000036
2018-10-23,85.28736877441406,86.02477322017549,84.0313527945876,84.43651844197198,21407500,20.709999084472656,2.33,2.67,3.17,-0.010436163545395671,-0.010491002170415918,0.2070734430048717,0.1641889369747277,0.19251773457560545,-0.08938004891977602,20.709999084472656,0.05448063788577184,-0.4588379516904354,0.8399999999999999,0.009999999999999787
2018-10-24,83.69908905029297,85.10906324775735,83.39116549844105,84.89027659976635,23168900,25.229999542236328,2.34,2.64,3.1,-0.018622684073207996,-0.018798269586953346,0.21168522980834895,0.16556203340765455,0.2585787868614867,-0.09569372074407512,25.229999542236328,0.21825208390050332,-0.5005789104895703,0.7600000000000002,-0.08999999999999986
2018-10-25,84.97132110595703,85.81406620637084,84.04754413061292,84.42029570116091,17464700,24.21999931335449,2.34,2.66,3.14,0.015200070515697162,0.015085706877945023,0.2234288324099549,0.16835164048479018,-0.061938627227128354,-0.07794006051272384,24.21999931335449,-0.04003171808192252,-0.5179042008601039,0.8000000000000003,-0.029999999999999805
2018-10-26,83.80442810058594,84.72820491915091,83.2453039308238,84.27442155068664,19174900,24.15999984741211,2.33,2.63,3.08,-0.013732786429388466,-0.013827953417344042,0.22284836609814018,0.16978039195978736,0.02070946464773629,-0.0770628514658217,24.15999984741211,-0.0024772695145905965,-0.5283603820709794,0.75,-0.1200000000000001
2018-10-29,84.96321868896484,86.40560712723286,84.03133664263359,84.64719003933695,18445200,24.700000762939453,2.34,2.64,3.08,0.01382731932718495,0.013732594145378484,0.22915146889177368,0.1715784872272534,-0.03935252697804258,-0.06974238754196649,24.700000762939453,0.022351031412989997,-0.5116471802210231,0.7400000000000002,-0.1200000000000001
2018-10-30,86.46234130859375,86.68923925019926,84.97133478634959,85.66011510765449,18019700,23.350000381469727,2.33,2.66,3.12,0.0176443717971293,0.017490517013464654,0.23979963253783293,0.17600619538230577,-0.07182552089637805,-0.05723244018478013,23.350000381469727,-0.05465588420123868,-0.5277454312291429,0.79,-0.04999999999999982
2018-10-31,88.34227752685547,89.52536615535554,87.34557391958185,87.5805706371697,20860000,21.229999542236328,2.34,2.69,3.15,0.021742832657654088,0.021509828666570984,0.2516642120537559,0.18191566184240565,0.0642840852794613,-0.04569374540018112,21.229999542236328,-0.09079232567875262,-0.548817782942183,0.81,0.04999999999999982
2018-11-01,88.30990600585938,89.31471506645651,87.77508439116824,88.82851753276996,13065000,19.34000015258789,2.32,2.67,3.14,-0.0003664329458367144,-0.0003665000987938166,0.2482554886919809,0.18180288578069803,-0.32777337859093275,-0.054567392081010024,19.34000015258789,-0.08902493784271404,-0.6369147189528697,0.8200000000000003,0.0
2018-11-02,87.82369232177734,89.7927973646994,87.1024980558254,89.0553991951431,19009200,19.51000022888184,2.33,2.7,3.22,-0.005505766069434759,-0.005520978663123273,0.24823554082302562,0.1815151333039498,-0.034918533237819585,-0.05444066927293412,19.51000022888184,0.008790076264358238,-0.6347315404486489,0.8900000000000001,0.14000000000000012
2018-11-05,88.39901733398438,88.5610872644904,87.85609697704453,88.01006186544133,10276400,19.959999084472656,2.36,2.71,3.2,0.006550908951756362,0.006529544999157497,0.24844975572926783,0.1812545673094446,-0.472796003953363,-0.054023664928852355,19.959999084472656,0.02306503589501019,-0.6433688973927555,0.8400000000000003,0.1200000000000001
2018-11-06,88.81228637695312,88.86900930605513,87.3212801363657,88.05867821469181,10825000,19.90999984741211,2.35,2.72,3.22,0.004675041142226277,0.004664147077657295,0.24927853004787345,0.1788073655376147,-0.439990812228014,-0.04296203510097163,19.90999984741211,-0.002504971911518883,-0.6450766027574452,0.8700000000000001,0.10000000000000009
2018-11-07,90.33568572998048,90.53826844214802,88.60967706561935,89.43621799336985,12679600,16.360000610351562,2.37,2.74,3.22,0.01715302482543324,0.01700757263574767,0.23998024338448426,0.1818166477207874,-0.32590099788938687,8.927800698388388e-05,16.360000610351562,-0.17830232366988052,-0.6315849095021809,0.8500000000000001,0.07000000000000028
2018-11-08,91.06501007080078,91.5106946647802,89.94675533818321,89.95486038052898,11662500,16.719999313354492,2.35,2.74,3.24,0.008073490945763151,0.008041074675829674,0.21257395425782263,0.18184544182958606,-0.3413824446020044,0.0393048298296772,16.719999313354492,0.02200480987605502,-0.5898189315434278,0.8900000000000001,0.10000000000000009
2018-11-09,90.18174743652344,91.0488014525355,89.80899587829106,90.94346063684011,10432200,17.360000610351562,2.36,2.73,3.19,-0.009699253682513453,-0.009746597827489014,0.21162974532428183,0.18182410540159244,-0.3725132132397655,0.040579632063260096,17.360000610351562,0.03827759110527551,-0.7224633198429882,0.8300000000000001,-0.03000000000000025
2018-11-12,88.28556823730469,90.70846260527844,88.00195359723591,90.28708698374582,13279700,20.450000762939453,2.37,2.725,3.165,-0.021026197131003954,-0.021250395881162582,0.22583616073102866,0.18677418174574298,-0.1874974570482058,0.024543864237578594,20.450000762939453,0.177995394236643,-0.7680172846187098,0.7949999999999999,-0.03500000000000014
2018-11-13,88.80419921875,90.04401123137636,88.4071386350742,88.4071386350742,13746100,20.020000457763672,2.38,2.72,3.14,0.0058744706728428575,0.005857283248497954,0.21406908076876507,0.1872595560957098,-0.1444172793339624,0.008930356877090873,20.020000457763672,-0.021026909004084215,-0.73618765371887,0.7600000000000002,-0.08000000000000007
2018-11-14,86.97283172607422,89.71174840678798,85.87888606207424,89.32279297095185,18361400,21.25,2.38,2.71,3.12,-0.02062253259178204,-0.020838146504796453,0.22284055454364748,0.1912213030651182,0.1443900028077799,-0.022762511473195635,21.25,0.061438537168431395,-0.7330210686221076,0.7400000000000002,-0.10000000000000009
2018-11-15,89.19316101074219,89.20126605434834,86.55147938779002,87.71025332999574,19100000,19.979999542236328,2.37,2.7,3.11,0.025528998430923933,0.025208575488788888,0.2341729511228481,0.1986057498109521,0.18482089354105125,0.018318135581379957,19.979999542236328,-0.059764727424172825,-0.712293441677132,0.7399999999999998,-0.13000000000000034
2018-11-16,89.12832641601562,89.75228489833715,87.96145369908628,88.69074682879098,13798600,18.13999938964844,2.36,2.68,3.08,-0.0007269009640633595,-0.0007271652846668339,0.23405970225476933,0.19858201791369123,-0.1402090563242015,0.019275197972587588,18.13999938964844,-0.09209210183905436,-0.6869950760058158,0.7200000000000002,-0.10999999999999988
2018-11-19,89.80900573730469,90.1088243157878,88.75557273536535,89.10401538840655,13987000,20.100000381469727,2.38,2.66,3.06,0.00763707059988894,0.007608055807923534,0.22780067376886975,0.19929113229676937,-0.12242175706385547,0.04202703803241303,20.100000381469727,0.1080485698880318,-0.6662290636569542,0.6800000000000002,-0.10499999999999998
2018-11-20,87.88040161132812,89.5334777274075,87.49955120357143,88.95814341258118,18936200,22.479999542236328,2.39,2.67,3.06,-0.02147450704017162,-0.02170843938387142,0.2391919326818222,0.2003826141157455,0.1973860887539785,0.030403480306358865,22.479999542236328,0.1184079161988838,-0.6897899000448808,0.6699999999999999,-0.08000000000000007
2018-11-21,87.22402954101562,88.82038262207084,87.22402954101562,88.35038915186814,10619600,20.799999237060547,2.41,2.67,3.06,-0.007468924336685001,-0.00749695641894976,0.22964697106206575,0.2006633730731433,-0.3007509638082195,0.04211444271041698,20.799999237060547,-0.07473311118264614,-0.5980180032103349,0.6499999999999999,-0.06000000000000005
2018-11-23,86.42180633544922,87.02144957179571,85.9437078087887,86.49473316126081,6488400,21.520000457763672,2.41,2.67,3.05,-0.009197272927974232,-0.009239828976669352,0.22757452418891297,0.2013043498551819,-0.5567528684102393,0.017070291606781973,21.520000457763672,0.03461544457272181,-0.5999040840207556,0.6399999999999997,-0.06000000000000005
2018-11-26,88.53678894042969,89.12022839556316,87.07008525951458,87.28887814635786,13948300,18.89999961853028,2.41,2.7,3.07,0.024472788693759684,0.024178127771858245,0.23493905942154364,0.20776602072228795,-0.0298187974477299,0.056469102493769796,18.89999961853028,-0.12174724830399275,-0.6571200597084523,0.6599999999999997,-0.010000000000000231
2018-11-27,88.9095458984375,89.1607466080397,88.02628161954017,88.13162863892444,9238200,19.020000457763672,2.41,2.7,3.06,0.004210192875400143,0.004201354811328462,0.23143775050271476,0.20779161992106324,-0.336176689010398,0.04644747774821778,19.020000457763672,0.006349250881240165,-0.6820733301645961,0.6499999999999999,0.0
2018-11-28,89.89813995361328,90.27089154153846,88.22075471678197,88.97436293520393,13977300,18.489999771118164,2.4,2.69,3.06,0.01111909913818554,0.011057736401935319,0.22690887991949918,0.2088619810452923,0.019159599651027176,0.03973751569780859,18.489999771118164,-0.027865440267598407,-0.6773602375034143,0.6600000000000001,0.0
2018-11-29,89.18505096435547,89.78470051083673,88.84471334003031,89.35521977651804,11144300,18.790000915527344,2.37,2.69,3.03,-0.007932188470481827,-0.00796381563690128,0.21711646694929906,0.20923362344490642,-0.1575696872342436,0.00953986540865226,18.790000915527344,0.01622504857343432,-0.6558046585702461,0.6599999999999997,-0.03000000000000025
2018-11-30,90.1007308959961,90.20607172961648,88.79609712901585,89.01488383956176,18652700,18.06999969482422,2.37,2.7,3.01,0.010267190765037348,0.01021484117914533,0.21980490436543992,0.21023757217761804,0.3808493918664568,0.020278867582736337,18.06999969482422,-0.03831831748917813,-0.6838749829136317,0.6399999999999997,-0.040000000000000036
2018-12-03,90.95155334472656,91.47826975224898,90.5463878285301,91.06499919467475,16034500,16.440000534057617,2.38,2.72,2.98,0.009443013838728698,0.009398707290058723,0.22031033631644942,0.2111335273682181,0.20024102878871805,0.03561523024435198,16.440000534057617,-0.09020471434946853,-0.6911771851479214,0.6000000000000001,-0.08999999999999986
2018-12-04,86.89179229736328,90.4329346658774,86.48662681392985,90.4329346658774,23555900,20.739999771118164,2.42,2.71,2.91,-0.04463652239094684,-0.04566340608681711,0.2761210615521596,0.2306081603263192,0.679759686951251,-0.01705024650813225,20.739999771118164,0.26155712271131226,-0.8038207335124005,0.4900000000000002,-0.1499999999999999
2018-12-06,85.23873138427734,88.56107353008403,83.3668623173962,85.09287153727797,27213900,21.190000534057617,2.41,2.7,2.87,-0.019024362018322583,-0.0192076535868342,0.2827103433951594,0.2331342116462995,0.8334723455515866,-0.040237169185221244,21.190000534057617,0.021697240496892922,-0.7900603636327904,0.45999999999999996,-0.18999999999999995
2018-12-07,83.69908905029297,86.68921239429065,83.39116549844105,85.21441023359381,19248600,23.229999542236328,2.4,2.68,2.85,-0.01806270821938072,-0.01822783032386867,0.278841853910441,0.2347260437970261,0.2687533739759427,-0.0734659467746197,23.229999542236328,0.09627177710070955,-0.7864511545067076,0.4500000000000002,-0.17999999999999972
2018-12-10,82.13516235351562,83.86116540371846,80.44967214968231,83.35876406885322,23636400,22.63999938964844,2.41,2.69,2.85,-0.018685110131098526,-0.018861882269295735,0.28001997177030336,0.2371581444816354,0.49882387183484556,-0.0980601408855325,22.63999938964844,-0.025398199062172222,-0.7582956993766818,0.43999999999999995,-0.1599999999999997
2018-12-11,81.33293914794922,83.99892935355768,81.2032831973895,83.56944865408059,16860700,21.76000022888184,2.41,2.7,2.89,-0.00976711048690182,-0.009815121586123854,0.2800349622065777,0.23770318036230695,0.047808797126910725,-0.09812194307725808,21.76000022888184,-0.03886922192979203,-0.7412167902556752,0.48,-0.08999999999999986
2018-12-12,81.85964965820312,83.38307616955517,81.08173249983307,82.37826727945252,22621500,21.459999084472656,2.43,2.7,2.91,0.006475980282672378,0.006455101215500852,0.2761681235425894,0.23811530090953603,0.36615800484102407,-0.07278560593084926,21.459999084472656,-0.01378681715319996,-0.7302599804662397,0.48,0.0
2018-12-13,81.94068908691406,82.62946933612804,81.57603635568118,82.28913173284623,17250900,20.64999961853028,2.43,2.69,2.91,0.0009899801556605414,0.0009894904484798518,0.2744506783618964,0.2378743947929516,0.0309064571416278,-0.07728812592441892,20.64999961853028,-0.03774461791699002,-0.730315228125846,0.48,0.040000000000000036
2018-12-14,81.26811218261719,82.60515982328438,80.91966953907769,81.02501036346457,19879500,21.6299991607666,2.42,2.68,2.89,-0.008208094315431902,-0.008241966197986696,0.26777514022040433,0.22949797137084377,0.1826260252682615,-0.06559197200137579,21.6299991607666,0.04745760582760106,-0.7251098444418027,0.4700000000000002,0.040000000000000036
2018-12-17,80.23087310791016,81.48688243390092,79.76898469057565,80.84672020946628,25113500,24.520000457763672,2.4,2.66,2.86,-0.012763174224796225,-0.012845323269870878,0.24714206375964307,0.2292705221577554,0.46774165268873136,-0.1004817835949624,24.520000457763672,0.13361079099064765,-0.7251195071865362,0.45999999999999996,0.009999999999999787
2018-12-18,79.85002899169922,81.75430587972033,79.50969140640233,80.56311814884543,20837200,25.57999992370605,2.39,2.64,2.82,-0.004746852445425942,-0.0047581545298974815,0.2465674974838274,0.2291747339316307,0.19327256598956719,-0.10410043358167642,25.57999992370605,0.04322999372566305,-0.7337733901786045,0.4299999999999997,-0.07000000000000028
2018-12-19,78.83712005615234,81.50311034006121,78.2779895720298,79.74469318971798,28767900,25.57999992370605,2.4,2.62,2.77,-0.012685141738047134,-0.012766285088778377,0.24278304696892192,0.22965912608718492,0.5805431212923271,-0.12216910309914342,25.57999992370605,0.0,-0.8079335664392682,0.3700000000000001,-0.14000000000000012
2018-12-20,78.15642547607422,79.63933274673651,77.54057834372414,78.28608140857011,31825200,28.3799991607666,2.39,2.64,2.79,-0.008634188813509414,-0.008671679378143074,0.23628571093235692,0.22996136914745077,0.6887225086856569,-0.11065011034269612,28.3799991607666,0.10946048652899631,-0.7800054510151465,0.3999999999999999,-0.1200000000000001
2018-12-21,76.30888366699219,79.76089613121192,75.91992817325075,78.34281660467674,41313900,30.11000061035156,2.39,2.62,2.79,-0.02363902645020033,-0.02392291099811243,0.2448314047924521,0.23325131331743645,1.0271348410534806,-0.12513920683853264,30.11000061035156,0.06095847430385293,-0.80668763555543,0.3999999999999999,-0.10000000000000009
2018-12-24,74.66390991210938,76.34940014826773,74.66390991210938,75.27165826032972,17009300,36.06999969482422,2.45,2.61,2.74,-0.021556779182635988,-0.021792520587555094,0.2505566926272544,0.23633185596403355,-0.18641034109751112,-0.1360524261400088,36.06999969482422,0.19794084900893893,-0.8050416646637355,0.29000000000000004,-0.11999999999999966
2018-12-26,77.75936889648438,77.75936889648438,73.8292644353059,75.10958901232001,22542900,30.40999984741211,2.44,2.61,2.81,0.04145857065373115,0.04062220239071864,0.2827045767685822,0.2518125544558683,0.056555719934393234,-0.12172815586520425,30.40999984741211,-0.15691710272524007,-0.8150705360334871,0.3700000000000001,-0.009999999999999787
2018-12-27,78.634521484375,78.72365838953141,75.80646800735678,76.83558566370576,20304700,29.959999084472656,2.41,2.58,2.77,0.011254625652320494,0.01119176357275595,0.2872630753741495,0.25281524231749436,-0.07240170419296157,-0.11556716784719367,29.959999084472656,-0.014797789056146593,-0.814635590994405,0.3599999999999999,0.0
2018-12-28,78.46436309814453,79.67175472457717,78.1483344588926,79.37192998734565,17963300,28.34000015258789,2.4,2.57,2.72,-0.002163914563456437,-0.0021662592095953326,0.28051853084967043,0.2524392748419557,-0.18677033289208486,-0.1271859113143886,28.34000015258789,-0.05407206212914606,-0.8073347714507331,0.3200000000000003,-0.06999999999999984
2018-12-31,79.1045150756836,80.06880476937613,78.41572877432971,79.08019995232861,13237200,25.420000076293945,2.45,2.63,2.69,0.008158506005310429,0.00812540530814403,0.28540552890027804,0.25220506342873256,-0.4035546918386184,-0.11302943463810722,25.420000076293945,-0.10303458223613671,-0.8138176154312543,0.23999999999999977,-0.10000000000000009
2019-01-02,80.47399139404297,80.85484805621071,77.74317914225024,77.75127800315927,15670900,23.21999931335449,2.42,2.6,2.66,0.017312239599081236,0.017164090200099468,0.29163896508574777,0.2543622245807503,-0.2891208853769858,-0.10684418878982616,23.21999931335449,-0.08654605650419023,-0.8224955956863926,0.2400000000000002,-0.08000000000000007
2019-01-03,79.33030700683594,80.78440904314425,78.9872055396819,80.58018108899887,16286400,25.450000762939453,2.41,2.5,2.56,-0.014211851150851329,-0.014313806644404336,0.2875282864061172,0.2554400039610144,-0.2616218260061776,-0.12777402815588568,25.450000762939453,0.09603796363173989,-0.8163926134641261,0.1499999999999999,-0.25
2019-01-04,82.2548599243164,82.45091703215078,80.2860992843586,80.9641376466087,16935200,21.3799991607666,2.42,2.57,2.67,0.03686551871315036,0.03620223782253686,0.28774765223967996,0.26702172413836034,-0.22050837350993316,-0.05336444617436653,21.3799991607666,-0.15992147269793522,-0.7987483699754973,0.25,-0.10000000000000009
2019-01-07,82.31202697753906,82.89203355312574,81.4542671751332,82.04244461306386,15430700,21.39999961853028,2.45,2.58,2.7,0.0006949990951934382,0.0006947576951643374,0.28124159961779305,0.26689055259733147,-0.2699602754343788,-0.03433538204063569,21.39999961853028,0.0009354751425987295,-0.8092583602462468,0.25,-0.020000000000000018
2019-01-08,82.1568374633789,83.17797743693812,81.32358998727385,83.02276216654312,13578800,20.46999931335449,2.46,2.6,2.73,-0.001885380786485813,-0.001887160353967515,0.2744403130787557,0.26175803729699026,-0.34884182627166294,-0.018426145426593044,20.46999931335449,-0.04345795896045268,-0.7933502304189863,0.27,0.040000000000000036
2019-01-09,82.01792907714844,82.90835976416811,81.6339796130056,82.35285960525655,14230300,19.979999542236328,2.45,2.59,2.74,-0.0016907708538852484,-0.0016922018201102132,0.2662045224854793,0.25476589336650335,-0.3018544865819556,-0.0014273214176239168,19.979999542236328,-0.02393745908914069,-0.830834640680155,0.29000000000000004,0.08000000000000007
2019-01-10,82.00978088378906,82.28753415628833,81.09483735958474,81.70752125276927,14376100,19.5,2.43,2.59,2.74,-9.9346489859653e-05,-9.935142504904192e-05,0.263710176701089,0.25393967695198,-0.29037646411899637,0.008321864953246383,19.5,-0.024024001663345507,-0.8533505949458079,0.31000000000000005,0.18000000000000016
2019-01-11,81.61766052246094,81.83005310197085,80.83341971373589,81.60131879631871,15439900,18.190000534057617,2.43,2.58,2.71,-0.004781385306757202,-0.0047928526974271,0.2633150426984039,0.25387192632864114,-0.2241135414672289,-0.002956146731052378,18.190000534057617,-0.06717945979191708,-0.8307477642760972,0.2799999999999998,0.040000000000000036
2019-01-14,82.45909118652344,82.80219269706024,80.59653300641702,80.76808376168542,21258500,19.06999969482422,2.45,2.57,2.71,0.010309419048233348,0.010256639429206287,0.265888187915544,0.2507685302625102,0.05763313262093117,0.006326552844332367,19.06999969482422,0.048378182239134926,-0.8020917049008224,0.2599999999999998,0.009999999999999787
2019-01-15,83.06360626220703,83.70896744235257,80.54751599259892,80.7844212029721,26504900,18.600000381469727,2.45,2.57,2.72,0.0073310906897599,0.007304348862712932,0.26497713591061317,0.25010495559993007,0.29726684593374686,0.022093463615288522,18.600000381469727,-0.024646005289767015,-0.7997361301463104,0.27,-0.009999999999999787
2019-01-16,83.73345947265625,84.50952318938585,83.16162370585995,83.52923152272294,18533000,19.040000915527344,2.43,2.57,2.73,0.00806434057696337,0.008031997549596758,0.26074110662184746,0.2488646583526847,-0.07806638190676049,0.04365634111989691,19.040000915527344,0.023655942206107117,-0.7826579256868509,0.2999999999999998,-0.010000000000000231
2019-01-17,84.0765609741211,84.55037131400978,83.25964917398574,83.41486441042503,14247600,18.059999465942383,2.42,2.57,2.75,0.004097543605933174,0.004089171536286682,0.2595266909827877,0.24905361556904299,-0.27943564997128634,0.052930875990805815,18.059999465942383,-0.051470661894021164,-0.7780426582148655,0.33000000000000007,0.009999999999999787
2019-01-18,85.44081115722656,85.69405807999246,84.0030507254304,84.77094366007017,16428700,17.799999237060547,2.41,2.6,2.79,0.01622628432108897,0.016096045146170773,0.25710290162521493,0.24968892527152653,-0.14236755042513066,0.08376372825860057,17.799999237060547,-0.01439646935605643,-0.7777972536134223,0.3799999999999999,0.08000000000000007
2019-01-22,84.09290313720703,84.62389082401954,83.43120033753102,84.20727029121673,17083700,20.799999237060547,2.43,2.59,2.74,-0.015775927238555032,-0.01590169163230624,0.26304943786530294,0.2508898469457171,-0.07248572111103872,0.07595636091302738,20.799999237060547,0.1685393330665903,-0.787015676627731,0.31000000000000005,0.03000000000000025
2019-01-23,83.88050079345703,84.71374805654398,83.30049418465825,84.50135548377295,12146700,19.520000457763672,2.41,2.59,2.76,-0.0025258058150691154,-0.002529001044062821,0.24353314254696193,0.24794662770664927,-0.28382164613653893,0.09922327208332615,19.520000457763672,-0.06153840510802655,-0.7671646330459938,0.34999999999999964,0.03999999999999959
2019-01-24,83.92949676513672,84.2154145811026,83.27597121900625,83.43118018622148,11296800,18.88999938964844,2.37,2.58,2.72,0.0005841163466624444,0.0005839458171120591,0.22332561753244093,0.24596027276341012,-0.32252321839852494,0.12409726284002986,18.88999938964844,-0.0322746441260795,-0.7107490189983596,0.3500000000000001,-0.009999999999999787
2019-01-25,84.46051788330078,85.21207530915942,83.92952392039565,84.55854955158176,14369400,17.420000076293945,2.39,2.6,2.76,0.0063269903744334055,0.006307058997079002,0.18182065999515723,0.2446551877643697,-0.11660664423151405,0.08617802692994037,17.420000076293945,-0.07781891799107432,-0.6414921858411586,0.36999999999999966,0.009999999999999787
2019-01-28,84.86080169677734,85.15489046471632,83.80698465041979,84.05206070121658,12283100,18.8700008392334,2.42,2.6,2.75,0.004739300959883286,0.004728105830546149,0.17993036321888295,0.2432085334603454,-0.2257766437693901,0.07917998475567156,18.8700008392334,0.08323770129672337,-0.6126376880051146,0.33000000000000007,-0.040000000000000036
2019-01-29,85.09769439697266,85.86559342641743,84.73825746976736,84.86078924464306,9743300,19.1299991607666,2.42,2.6,2.72,0.002791544452311223,0.0027876553281906383,0.17860238248095878,0.24053905115352828,-0.36953137233840166,0.08453941428838263,19.1299991607666,0.013778394804977001,-0.6337770092515034,0.30000000000000027,-0.020000000000000018
2019-01-30,85.29376220703125,85.97179424981056,84.77910379520151,85.0731925355207,12526300,17.65999984741211,2.42,2.57,2.7,0.002304031988739297,0.0023013817770377795,0.1780387177312874,0.2362958373278403,-0.18758064573663547,0.07824138894506927,17.65999984741211,-0.07684262299233602,-0.6181572208717431,0.28000000000000025,-0.05999999999999961
2019-01-31,84.55037689208984,84.79545294131593,83.9213575068057,84.47685781684771,17520600,16.56999969482422,2.41,2.55,2.63,-0.008715588288121356,-0.008753791163386447,0.17592836772837667,0.23688710998808363,0.12955966733286056,0.050654695106233216,16.56999969482422,-0.06172141347711391,-0.5332167588134622,0.21999999999999975,-0.0900000000000003
2019-02-01,84.86080169677734,85.65320719747166,84.56671292883836,84.95883336360463,13000800,16.139999389648438,2.4,2.56,2.7,0.003671477480031715,0.003664754058158025,0.1643741734572394,0.23684080041675348,-0.15286132802318672,0.06971477734814302,16.139999389648438,-0.02595053187056462,-0.46616631271371556,0.30000000000000027,-0.05999999999999961
2019-02-04,85.1630630493164,85.1630630493164,84.15009406847014,84.78728433436606,9871500,15.729999542236328,2.42,2.57,2.73,0.00356184889248512,0.003555520531377435,0.10961333650141049,0.23653815136560222,-0.34161623659797374,0.03535600361700042,15.729999542236328,-0.025402717652831308,-0.18087224297563473,0.31000000000000005,-0.020000000000000018
2019-02-05,84.78728485107422,85.4081396255572,84.37882891069862,85.3836270337985,12763000,15.56999969482422,2.42,2.56,2.71,-0.004412455174663932,-0.004422218786583869,0.11174300627348625,0.2364038629029728,-0.14112576252595027,0.030071642801489995,15.56999969482422,-0.010171637130852784,-0.1787551862064217,0.29000000000000004,-0.010000000000000231
2019-02-06,84.74642944335938,85.46531582514835,84.52586599692843,84.72192308626066,8745000,15.380000114440918,2.42,2.56,2.7,-0.0004818577194281026,-0.000481973850166149,0.11129158535059518,0.23348457013820748,-0.40178377202523385,0.03152010301193453,15.380000114440918,-0.012202927688332754,-0.1940726767441064,0.28000000000000025,0.0
2019-02-07,83.63542175292969,84.55036514605135,82.86752895494917,84.34613721091596,13177500,16.3700008392334,2.42,2.55,2.65,-0.013109787606712442,-0.013196479379661612,0.12265124834730932,0.23400312813344942,-0.0953135491170425,0.01972120844772607,16.3700008392334,0.06436935743992156,-0.2932292224042234,0.22999999999999998,0.020000000000000018
2019-02-08,82.80216979980469,83.60273976967588,81.7401821046219,83.39034721667261,12892600,15.720000267028809,2.43,2.54,2.63,-0.009962907290484435,-0.010012869172037262,0.12870328453047447,0.23404423703844354,-0.11034254565302973,0.009662126974079754,15.720000267028809,-0.03970681361522943,-0.2444008792978074,0.19999999999999973,-0.07000000000000028
2019-02-11,82.4100570678711,83.33317135628268,82.32019627461789,83.1289434138967,10978500,15.970000267028809,2.45,2.55,2.65,-0.0047355369174699735,-0.004746785097247781,0.12867835008749642,0.2304894189076752,-0.23058189062327528,0.00970864075664224,15.970000267028809,0.015903307617898044,-0.2969893437527878,0.19999999999999973,-0.08000000000000007
2019-02-12,83.81513214111328,84.07654361387829,83.23512563068282,83.28413833415716,12852300,15.43000030517578,2.43,2.55,2.68,0.01704980099801401,0.016906084400457225,0.137255740747193,0.23302200310228569,-0.07191983977776277,0.016445014553003734,15.43000030517578,-0.033813397171188364,-0.3823575321370929,0.25,-0.029999999999999805
2019-02-13,84.2154312133789,84.83628590247945,84.0602222155104,84.0602222155104,10754100,15.649999618530272,2.44,2.55,2.71,0.004775976151796479,0.004764607361373006,0.13595316316706177,0.22957710338619952,-0.176607730428441,0.013866782373208153,15.649999618530272,0.014257894297040163,-0.3650192697983337,0.27,0.009999999999999787
2019-02-14,83.66809844970703,84.22359867911955,82.7940031420696,83.70894652949666,11518500,16.219999313354492,2.43,2.53,2.66,-0.006499198018532826,-0.006520409762139209,0.13533985491105738,0.22350797504383843,-0.09374508261211645,-0.0007805842892537607,16.219999313354492,0.03642170662734823,-0.4185322721436913,0.22999999999999998,0.010000000000000231
2019-02-15,86.22503662109375,86.34756839601907,84.681073931615,84.8771310040375,14716900,14.90999984741211,2.43,2.55,2.66,0.030560491020644953,0.030102820276356572,0.17231390350140519,0.23245868810060258,0.1557655359322855,0.02555380027536991,14.90999984741211,-0.08076445877921923,-0.47979266440947854,0.22999999999999998,0.03000000000000025
2019-02-19,85.92278289794922,86.0779981335041,84.80361149442557,85.7022194554881,12764900,14.880000114440918,2.45,2.54,2.65,-0.0035054055641953186,-0.003511563894121309,0.16377002057913784,0.23190785478847767,0.01710121889759388,0.005641001462822537,14.880000114440918,-0.002012054545821984,-0.49800475311758025,0.19999999999999973,0.0
2019-02-20,86.33938598632812,86.42924675779646,85.67768337528486,85.94726568968987,10030300,14.020000457763672,2.45,2.54,2.65,0.004848575364158059,0.004836858879536831,0.152765182257592,0.22800301825724414,-0.17768283199857676,0.026714297703049894,14.020000457763672,-0.05779567540746344,-0.3744552195400584,0.19999999999999973,-0.03000000000000025
2019-02-21,86.15968322753906,86.58447459501267,85.7430564901312,86.14334150232352,8400100,14.460000038146973,2.45,2.55,2.69,-0.002081353217146087,-0.0020835222429485,0.15262450504507052,0.22754210002439182,-0.30059053602019936,0.027171779049032674,14.460000038146973,0.03138370656326539,-0.4137053047454968,0.23999999999999977,-0.020000000000000018
2019-02-22,85.77574920654297,86.66618018287589,85.59602759195093,86.34758504156932,10647300,13.510000228881836,2.46,2.55,2.65,-0.004456075122539205,-0.004466033018387217,0.1540029507342494,0.2269419972490293,-0.11108049892300756,0.021997658899024497,13.510000228881836,-0.0656984651977136,-0.367563880836087,0.18999999999999995,-0.010000000000000231
2019-02-25,86.67435455322266,87.63014001580702,86.33942390274193,86.38843662414315,11230700,14.850000381469728,2.47,2.56,2.67,0.010476216821095896,0.010421721534186305,0.1565243770888089,0.2223545541445583,-0.04992570340664579,0.026211497696245978,14.850000381469728,0.09918579791902782,-0.19459124025976107,0.19999999999999973,0.009999999999999787
2019-02-26,86.01264953613281,86.15969391860844,84.90981978383705,85.3672884259644,15465400,15.170000076293944,2.45,2.55,2.64,-0.007634380671199814,-0.00766367172994351,0.15907786932948095,0.22264562601063642,0.29093704663947684,0.01357337918478807,15.170000076293944,0.021548800444713745,-0.27215158631277664,0.18999999999999995,-0.009999999999999787
2019-02-27,85.90644073486328,86.08615608058089,85.37544686251705,85.92277622718602,9968800,14.699999809265137,2.45,2.54,2.69,-0.001234804436816117,-0.0012355674359825527,0.15900992200042435,0.22132918342441235,-0.1686608282452504,0.009503739714943338,14.699999809265137,-0.030982219160517577,-0.27464368294184943,0.23999999999999977,0.040000000000000036
2019-02-28,85.25292205810547,85.94729589137437,85.10587767426264,85.78391601267916,15156900,14.779999732971191,2.45,2.54,2.73,-0.00760733038369954,-0.007636413713032719,0.16138936811038423,0.22128466197268232,0.25028201028064095,-0.00047881753447165387,14.779999732971191,0.005442171751297131,-0.2832052887574635,0.2799999999999998,0.040000000000000036
2019-03-01,85.31009674072266,86.51912890760605,85.12220429053252,85.8574261330601,13813300,13.56999969482422,2.44,2.55,2.76,0.0006706477764857333,0.0006704229927605363,0.158060862717578,0.22012586300674164,0.15714283320851574,0.008985410551184625,13.56999969482422,-0.08186739242272822,-0.33704392735619554,0.31999999999999984,0.10999999999999988
2019-03-04,85.11405181884766,86.52730589841208,84.3624881432678,85.71039400836088,12466300,14.630000114440918,2.46,2.54,2.72,-0.002298027189804097,-0.002300671706510981,0.1578685709035528,0.21908892381765163,0.046647571783174704,0.0029843003719811634,14.630000114440918,0.07811351830914148,-0.3295011775506145,0.26000000000000023,0.050000000000000266
2019-03-05,85.04869079589844,85.40813399414273,84.35431698955227,85.06502629011744,10856600,14.739999771118164,2.46,2.54,2.72,-0.0007679228229944268,-0.000768217826761884,0.15737641086876744,0.19843625705384194,-0.09225373015773478,-0.0013429795655862664,14.739999771118164,0.007518773466629547,-0.32459157647276954,0.26000000000000023,0.08000000000000007
2019-03-06,84.7300796508789,85.42445332584788,84.5912061623934,84.84444678640126,9070800,15.739999771118164,2.47,2.54,2.69,-0.0037462204536944377,-0.003753255111954455,0.15714863290591005,0.1946573954829371,-0.229678293790243,-0.0006746907899668475,15.739999771118164,0.0678426062094939,-0.3407445342642632,0.21999999999999975,0.0
2019-03-07,84.11740112304688,84.5258569845883,83.45570462176316,84.34613540830338,12705700,16.59000015258789,2.45,2.52,2.64,-0.0072309447879254085,-0.007257214783719522,0.15923139870843023,0.1915675229784679,0.061162788269806964,-0.007422475783866678,16.59000015258789,0.05400256631702249,-0.3642950412578825,0.18999999999999995,-0.08999999999999986
2019-03-08,84.15008544921875,84.32980704068729,83.31683193105415,83.31683193105415,10582400,16.049999237060547,2.46,2.53,2.62,0.0003885560625447315,0.00038848059418635395,0.15185107818578714,0.18745440601123073,-0.10648940104461305,0.006153656973350907,16.049999237060547,-0.03254978363837502,-0.30816588306006243,0.16000000000000014,-0.13999999999999968
2019-03-11,85.24473571777344,85.4081217993479,84.68107087583134,84.94248237380873,9763200,14.329999923706056,2.46,2.53,2.64,0.013008308461139428,0.012924427070166557,0.152999912107339,0.18795178249017,-0.1646209726066663,0.02949881535561527,14.329999923706056,-0.10716507134672593,-0.44137729839269674,0.18000000000000016,-0.08000000000000007
2019-03-12,84.99148559570312,85.60416931000385,84.75458047826858,85.4407832466657,10219100,13.770000457763672,2.46,2.52,2.61,-0.002970859372580681,-0.0029752811350811322,0.15217473277961532,0.18772972280912786,-0.12276228884779873,0.031324192940505036,13.770000457763672,-0.0390788184873595,-0.414086929963822,0.1499999999999999,-0.11000000000000032
2019-03-13,85.27742767333984,85.75940890661239,84.91798446429203,85.11404779606873,13022200,13.40999984741211,2.45,2.53,2.61,0.0033643614490623808,0.0033587146467938035,0.14123895463664696,0.1878121030968212,0.11704949743409385,0.01744667692898938,13.40999984741211,-0.026143834305291547,-0.40624112674477497,0.1599999999999997,-0.08000000000000007
2019-03-14,86.0534896850586,86.48645819283264,85.3346095141596,85.36728673545628,10926500,13.5,2.45,2.52,2.63,0.009100438801830535,0.009059279332994864,0.1436144532249679,0.18765435486998858,-0.06341302015764216,0.02182567310048622,13.5,0.006711420851004624,-0.3978872507954211,0.17999999999999972,-0.010000000000000231
2019-03-15,87.0419692993164,87.24619728337623,85.96364579278226,86.11069019060707,24811700,12.880000114440918,2.45,2.52,2.59,0.011486804519787341,0.011421332083118423,0.145134745474883,0.18661985471947407,1.0121474776284562,0.040324459526678735,12.880000114440918,-0.04592591744882091,-0.3974363274024159,0.13999999999999968,-0.03000000000000025
2019-03-18,87.56476593017578,88.05491169702186,87.00109487040493,87.04194294786775,12935500,13.100000381469728,2.44,2.52,2.6,0.006006259222623989,0.005988293549467909,0.10197871984179792,0.1864149803551695,0.05665916646006722,0.015537590490907194,13.100000381469728,0.017080765921899888,-0.25694960023886687,0.16000000000000014,-0.040000000000000036
2019-03-19,87.24617767333984,88.55323523103102,87.04194973518365,88.38984914098084,12889300,13.5600004196167,2.46,2.5,2.61,-0.0036383156335960676,-0.003644950401730071,0.10205408340321113,0.1843515325021202,0.05235054728874385,0.015402140512166929,13.5600004196167,0.03511450570624808,-0.27759368489754144,0.1499999999999999,0.0
2019-03-20,85.38362121582031,87.12364739208383,85.2937666489999,86.94392579335778,14920700,13.90999984741211,2.48,2.47,2.54,-0.021348287193659776,-0.021579457862612166,0.12788194481209675,0.18928198766184334,0.1943606727969502,-0.011069858322355408,13.90999984741211,0.025811166442818223,-0.2647390100932765,0.06000000000000005,-0.06999999999999984
2019-03-21,84.0357437133789,84.54222518883746,83.5537623693442,84.54222518883746,19751000,13.630000114440918,2.49,2.48,2.54,-0.01578613653588712,-0.015912064626185596,0.13900858113594808,0.18536247120217622,0.5123080327438311,-0.024651199198946094,13.630000114440918,-0.020129384330890843,-0.20770793826808978,0.04999999999999982,-0.08999999999999986
2019-03-22,81.49512481689453,83.58641707933499,81.29906149288382,83.17796116979318,31115200,16.479999542236328,2.46,2.45,2.44,-0.030232598466072624,-0.030699028472527496,0.17387823175446288,0.1909784152359158,1.2093269708344443,-0.049904832417621225,16.479999542236328,0.20909753513324247,-0.5446713152000753,-0.020000000000000018,-0.1499999999999999
2019-03-25,80.81709289550781,82.15682788603586,80.13088367234735,81.35625149777249,21032300,16.329999923706055,2.46,2.41,2.43,-0.008319907760251155,-0.00835471136913578,0.16795891130238064,0.17367335882867768,0.44317361922840853,-0.06757779377656825,16.329999923706055,-0.009101918852961188,-0.6726468874174316,-0.029999999999999805,-0.16999999999999993
2019-03-26,81.62582397460938,82.01794437331111,80.72722225857318,81.54413404270468,15987100,14.68000030517578,2.46,2.44,2.41,0.010006931085076332,0.009957193290093124,0.17371111223151334,0.17337123825519596,0.09502709981622948,-0.05100209777493936,14.68000030517578,-0.10104100589339204,-0.7002540763795433,-0.04999999999999982,-0.19999999999999973
2019-03-27,81.34809112548828,82.05880051261774,80.93963516229448,81.59316096387853,12753200,15.149999618530272,2.44,2.4,2.39,-0.0034025120433391898,-0.003408313751434448,0.17365307103186925,0.17347521987861325,-0.13472805050563302,-0.05306179106457953,15.149999618530272,0.032016301334052644,-0.6997230015487902,-0.04999999999999982,-0.1499999999999999
2019-03-28,82.27118682861328,82.34471213171275,81.47878138349444,81.69118019711883,12454100,14.43000030517578,2.43,2.4,2.39,0.011347478353253893,0.011283578666604357,0.17944740468031226,0.17417957349939195,-0.14720199728700936,-0.03497516750757168,14.43000030517578,-0.04752470834876099,-0.7114366723867429,-0.040000000000000036,-0.1499999999999999
2019-03-29,82.69596862792969,83.31681699116743,82.17313944079811,82.94920924365715,14523400,13.710000038146973,2.4,2.4,2.41,0.005163190367015291,0.005149906803723599,0.18095684003429144,0.17102733301432868,-0.007918061739910645,-0.030642657934592643,13.710000038146973,-0.049896067345927664,-0.7324163191981187,0.010000000000000231,-0.029999999999999805
2019-04-01,85.48163604736328,85.5143132618378,83.42302139579927,83.4475277485198,17499300,13.399999618530272,2.43,2.41,2.49,0.03368564956252018,0.03313071590187793,0.21877707494184478,0.18088468960709367,0.17516225442743302,0.004318725529574907,13.399999618530272,-0.022611263220579825,-0.6572689010065389,0.06000000000000005,0.06000000000000005
2019-04-02,85.89009857177734,86.13517458316116,85.22840206659964,85.44896549081157,10295400,13.359999656677246,2.42,2.41,2.48,0.004778365778911109,0.004766985627105631,0.2193285655735763,0.16577815935208662,-0.30730903548128713,0.009893247832563734,13.359999656677246,-0.0029850718650552555,-0.6554951611490902,0.06000000000000005,0.06999999999999984
2019-04-03,86.06168365478516,86.8867665745564,85.60421489889347,86.43746245177395,11499200,13.739999771118164,2.44,2.41,2.52,0.001997728327956416,0.0019957355223350474,0.21880133951170538,0.1657987265816465,-0.23258471769665967,0.01571583562051382,13.739999771118164,0.028443123069318066,-0.6522801219747862,0.08000000000000007,0.1299999999999999
2019-04-04,86.8930435180664,87.03298593541317,85.97933251417196,86.06165379975205,11952100,13.579999923706056,2.44,2.41,2.51,0.009660046468717098,0.009613686540093855,0.21877759420362855,0.1666925452441941,-0.20034897463611398,0.03299724382781788,13.579999923706056,-0.011644821694133611,-0.6393777469207661,0.06999999999999984,0.11999999999999966
2019-04-05,86.68724822998047,87.34578079801976,86.42383645881117,87.09060241101474,9933700,12.81999969482422,2.44,2.43,2.5,-0.0023683747254537035,-0.0023711837609827523,0.21920306137589854,0.16674403722761236,-0.3339439366885675,0.03015044806214484,12.81999969482422,-0.05596467107154646,-0.6221737688593731,0.06000000000000005,0.08999999999999986
2019-04-08,86.96713256835938,86.96713256835938,86.3579939844571,86.52262399732828,8056300,13.18000030517578,2.43,2.43,2.52,0.003228667930909257,0.0032234669743727608,0.21515598338283345,0.16679608122083106,-0.4567149947079564,0.020205316329308776,13.18000030517578,0.028081171522718495,-0.5941005276251594,0.08999999999999986,0.029999999999999805
2019-04-09,86.32508850097656,86.59672746271055,85.81472528396705,86.4979519421651,9092200,14.279999732971191,2.42,2.42,2.51,-0.007382605915840057,-0.007409992222352087,0.21681226533991493,0.16726841060547296,-0.38451936433323497,0.015691017705200094,14.279999732971191,0.0834597422098271,-0.6203175920297058,0.08999999999999986,0.029999999999999805
2019-04-10,86.71194458007812,87.02475038493978,85.99579714312056,86.53908118908036,10882300,13.300000190734863,2.43,2.41,2.48,0.00448138641754392,0.004471374904594331,0.21702376142979304,0.16630873970226362,-0.25796723949534706,0.016821765687319745,13.300000190734863,-0.06862742020741086,-0.6142224195146074,0.04999999999999982,-0.040000000000000036
2019-04-11,87.44458770751953,87.85616911081529,86.89306385412551,87.016539531161,11183800,13.020000457763672,2.43,2.44,2.51,0.008449160389487176,0.008413666025419798,0.21671110372860086,0.16650837907561497,-0.23807720056491208,0.016165503892429323,13.020000457763672,-0.021052611199678495,-0.6259643407246342,0.07999999999999963,0.0
2019-04-12,91.5438995361328,92.07072302603017,89.62592943185236,90.08690469568609,25834100,12.010000228881836,2.44,2.44,2.56,0.0468789657093982,0.04581332416443989,0.26749805578027325,0.1898315826232928,0.7539008425942207,0.0517213738735085,12.010000228881836,-0.07757297952163933,-0.6312777540202412,0.1200000000000001,0.06000000000000005
2019-04-15,90.4985122680664,91.37106274951326,89.8235190827478,91.30520822405944,15163800,12.31999969482422,2.43,2.43,2.55,-0.011419518650216287,-0.011485222032911847,0.27165301657358804,0.19159462801686492,0.021755719404282416,0.03350373071550261,12.31999969482422,0.02581177852077743,-0.6400268049718664,0.11999999999999966,0.029999999999999805
2019-04-16,91.453369140625,91.69208706270508,90.4326492132947,90.465576472916,11583200,12.18000030517578,2.43,2.45,2.6,0.010551078118612667,0.01049580395527824,0.2726345016719178,0.19007600560618615,-0.216059969057136,0.04822207206643925,12.18000030517578,-0.011363587103598416,-0.6365165222633895,0.16999999999999993,0.0900000000000003
2019-04-17,94.08751678466795,94.38385591471686,91.37931023964204,91.94728833870728,17791900,12.600000381469728,2.44,2.44,2.59,0.02880317771554708,0.028396163255727504,0.2721580255076709,0.19474165119541478,0.19255213758396908,0.10193870258614579,12.600000381469728,0.03448276402057826,-0.55884106391823,0.1499999999999999,0.10999999999999988
2019-04-18,93.3960418701172,94.6225525698696,93.28903297692844,94.27682573319842,12501900,12.09000015258789,2.42,2.44,2.57,-0.007349273720692273,-0.007376412682330246,0.2651155494517466,0.19546157319735463,-0.14115984192873055,0.11138472444134617,12.09000015258789,-0.040476207415983345,-0.5643726830571523,0.1499999999999999,0.06000000000000005
2019-04-22,93.51126861572266,93.78291377665516,92.73750005459507,92.87743618711228,7975900,12.420000076293944,2.44,2.46,2.59,0.0012337433503413209,0.0012329829144049897,0.22947325530082419,0.19544898040506636,-0.40477292130605325,0.14744616718885117,12.420000076293944,0.027295278704807524,-0.3456075802495337,0.1499999999999999,0.029999999999999805
2019-04-23,93.62652587890624,94.14512241110532,92.8939115615846,93.01738722545264,9193100,12.279999732971191,2.45,2.43,2.57,0.0012325494551594929,0.0012317904896574495,0.2234784151875293,0.19522592541724187,-0.2822264557535252,0.15849905662853203,12.279999732971191,-0.011272169280414968,-0.35063941993344805,0.11999999999999966,0.020000000000000018
2019-04-24,93.47012329101562,93.9640196348577,92.86097839605208,93.2314053641082,9245700,13.140000343322754,2.44,2.42,2.53,-0.0016704944076735284,-0.001671891239272891,0.2254866825035439,0.19524492785726455,-0.2586079563906844,0.14510480555872318,13.140000343322754,0.07003262451565884,-0.3933188701713869,0.08999999999999986,-0.07000000000000028
2019-04-25,93.51949310302734,93.96400161129228,92.60578221607686,93.02559685392124,9311800,13.25,2.43,2.42,2.54,0.0005281881554601853,0.0005280487131954089,0.2235535446387453,0.1952416560055248,-0.24286060432599973,0.14962123645610004,13.25,0.008371358736922963,-0.37813462743921256,0.10999999999999988,-0.04999999999999982
2019-04-26,94.22743225097656,94.31798064749036,93.51127846406725,93.79938414377808,7889300,12.729999542236328,2.42,2.41,2.51,0.007569963485252185,0.007541455092933448,0.22299014868756836,0.1956201451465527,-0.3463939117280095,0.14532725104927002,12.729999542236328,-0.039245317567069615,-0.36854556754795104,0.08999999999999986,-0.06000000000000005
2019-04-29,95.5856704711914,96.44176057151876,94.21098376649452,94.33445944754604,14242200,13.109999656677246,2.44,2.42,2.54,0.014414467080002158,0.01431156631048578,0.224465917283274,0.1960861901132125,0.181301819122853,0.15586856357237666,13.109999656677246,0.029850756331933237,-0.3589847725297191,0.10000000000000009,-0.04999999999999982
2019-04-30,95.52803802490234,96.0795555507664,94.87773870983428,95.8408376036984,11389100,13.119999885559082,2.43,2.39,2.51,-0.000602940231574034,-0.0006031220731321938,0.20385734773846723,0.19613064106446812,-0.030785007042043767,0.11752702032951956,13.119999885559082,0.0007627939850283205,-0.3431483937711945,0.07999999999999963,-0.06000000000000005
2019-05-01,94.79540252685548,96.310018608408,94.75424188715228,95.2563715464181,10412900,14.800000190734863,2.43,2.39,2.52,-0.007669324244426345,-0.007698884747992355,0.20922884357438193,0.1970966992759708,-0.11430266507041714,0.1036825443579632,14.800000190734863,0.12804880486507653,-0.4023818313998685,0.08999999999999986,-0.009999999999999787
2019-05-02,95.001220703125,95.30578691637908,94.31799407948776,94.80365711155976,8613300,14.420000076293944,2.47,2.41,2.55,0.002171183103644836,0.002168829491742646,0.2091975183185242,0.1966723896609576,-0.25826894112601756,0.10387360168549042,14.420000076293944,-0.02567568307727508,-0.38881124612059237,0.07999999999999963,0.009999999999999787
2019-05-03,95.5856704711914,96.04663964820074,95.21524342803689,95.4868886703034,8185400,12.869999885559082,2.43,2.41,2.54,0.006152023771281767,0.006133177329381959,0.208530228839567,0.196798017247418,-0.2834968546742652,0.10003823782875854,12.869999885559082,-0.10748961043925487,-0.3565756747579009,0.10999999999999988,0.03000000000000025
2019-05-06,94.73778533935548,95.0505911622882,93.61005654052028,93.98871060175708,9387000,15.4399995803833,2.44,2.39,2.51,-0.008870420928746459,-0.008909997325832635,0.21274808654569172,0.19557598386229016,-0.17634485590641552,0.09286875836705555,15.4399995803833,0.19968917775266748,-0.4479560379230089,0.06999999999999984,-0.03000000000000025
2019-05-07,93.19023895263672,93.86523204617733,92.4329308535877,93.86523204617733,15017700,19.31999969482422,2.43,2.37,2.45,-0.016335049222180764,-0.01646993708922263,0.22535322789778917,0.197716878555335,0.2786647401452384,0.07155699171046903,19.31999969482422,0.2512953510290572,-0.5337771913005578,0.020000000000000018,-0.05999999999999961
2019-05-08,92.69634246826172,93.56889282945843,92.57286682011085,92.73750311105611,9575800,19.39999961853028,2.43,2.37,2.49,-0.0052998735696558885,-0.005313967719781585,0.22413234101610596,0.19780257247087882,-0.1863546721431964,0.07380535691212264,19.39999961853028,0.0041407828659278945,-0.5082694462456332,0.06000000000000005,-0.029999999999999805
2019-05-09,92.62226104736328,92.8033578399569,91.02532973497908,91.4862988214117,12205900,19.100000381469727,2.43,2.36,2.45,-0.0007991838612596558,-0.0007995033789286233,0.22462857552918364,0.195402148151625,0.031322691059459125,0.06816034971776008,19.100000381469727,-0.01546387850306985,-0.5087014558049352,0.020000000000000018,-0.09999999999999964
2019-05-10,92.6140365600586,92.88567547639384,90.99240504629644,91.9884311534802,13189000,16.040000915527344,2.43,2.36,2.47,-8.879601093392253e-05,-8.879995353309454e-05,0.22408668628386053,0.1953264840120091,0.10502746021306276,0.05911685317597448,16.040000915527344,-0.16020939292289793,-0.43204306096832307,0.040000000000000036,-0.06999999999999984
2019-05-13,90.09515380859376,90.9183164976818,89.70827262011802,90.61375032206828,13783700,20.549999237060547,2.41,2.32,2.4,-0.027197634883686095,-0.027574336526979125,0.18568998605611908,0.20364628625823994,0.21625210779560097,-0.015825693846122535,20.549999237060547,0.28117194913420174,-0.5684357415525642,-0.010000000000000231,-0.10999999999999988
2019-05-14,90.8113250732422,91.96375431563992,90.13633178958888,90.1774924440522,10503600,18.059999465942383,2.41,2.32,2.42,0.007949054242916809,0.007917626946238213,0.1836396905840072,0.19510978278746097,-0.05372290971466461,0.003456551907165206,18.059999465942383,-0.12116787657235606,-0.598455113143987,0.009999999999999787,-0.03000000000000025
2019-05-15,90.46558380126952,91.28874651778656,89.40370314333457,89.89759951719817,10142000,16.440000534057617,2.42,2.3,2.37,-0.0038072483987413586,-0.003814514417147309,0.1799586464397691,0.19513978499880208,-0.08032927512681518,-0.010800972655655716,16.440000534057617,-0.08970094018772068,-0.5659389475606296,-0.04999999999999982,-0.1200000000000001
2019-05-16,91.6262435913086,92.33416405794291,91.0335654071279,91.05826556499656,9672700,15.289999961853027,2.4,2.33,2.4,0.012829849112439895,0.012748243845959838,0.1531607241769553,0.1964974997278302,-0.08936254342443442,-0.0261594021977678,15.289999961853027,-0.06995137073275715,-0.7368364438293867,0.0,-0.050000000000000266
2019-05-17,91.18173217773438,91.98843441058844,90.40796348770274,90.54789964353223,9570100,15.960000038146973,2.39,2.33,2.39,-0.004851354766402194,-0.0048631607868762665,0.15209992956439242,0.19676562386828464,-0.0864136717672317,-0.02370881729080332,15.960000038146973,0.043819494961774064,-0.7669885548167316,0.0,-0.08000000000000007
2019-05-20,91.65916442871094,92.03781851311612,90.85246850809256,91.02533191965364,8518200,16.309999465942383,2.39,2.34,2.41,0.005236051559603272,0.00522239110544872,0.15359805138170937,0.1966295587715625,-0.18893017564990944,-0.019806213886615076,16.309999465942383,0.021929788656569915,-0.7597650199659028,0.020000000000000018,0.010000000000000231
2019-05-21,91.97197723388672,92.12837388653044,91.5521624710358,91.73325928168651,7967900,14.949999809265137,2.39,2.36,2.43,0.003412782640180856,0.0034069723133418723,0.15421013242619266,0.19573351763910735,-0.2368763447373928,-0.017671793644885025,14.949999809265137,-0.08338440841258887,-0.7606405953354689,0.040000000000000036,0.010000000000000231
2019-05-22,91.222900390625,92.02136930398596,91.16527924637388,91.70033631741065,7918900,14.75,2.38,2.37,2.39,-0.008144620413637504,-0.008177969032475094,0.15636110237518336,0.19583343369157125,-0.23671965551226165,-0.02404215187984704,14.75,-0.013377913833897748,-0.7427747629396917,0.010000000000000231,0.020000000000000018
2019-05-23,89.42840576171875,90.37504423429492,88.49000067557783,90.25156855870088,14558000,16.920000076293945,2.37,2.32,2.31,-0.019671536656059585,-0.019867596795832727,0.16954696940745242,0.2004031902292905,0.36860160184109725,-0.04374582459297094,16.920000076293945,0.1471186492402674,-0.7588163620550192,-0.06000000000000005,-0.08999999999999986
2019-05-24,90.30917358398438,90.5149642464983,89.88113176925775,90.15277067079934,8537300,15.850000381469728,2.35,2.33,2.32,0.00984885970809346,0.009800675802036715,0.17145399363077518,0.20050245290086938,-0.19984329213972304,-0.041582993119836154,15.850000381469728,-0.06323875236403564,-0.7624406558291852,-0.03000000000000025,-0.07000000000000028
2019-05-28,89.32959747314453,90.40794468794977,89.2637492418919,89.8893482602991,11665500,17.5,2.37,2.31,2.26,-0.010846917007039991,-0.010906173702540928,0.1625275301915339,0.20197220522866405,0.10671018053829442,-0.06544990443868248,17.5,0.10410091979930103,-0.8310402686553828,-0.11000000000000032,-0.15000000000000036
2019-05-29,89.08265686035156,89.23082637836914,88.12778523752006,88.44881814651943,9966400,17.899999618530273,2.37,2.3,2.25,-0.002764376195327767,-0.0027682041394149494,0.16221751546360366,0.20200480900823592,-0.04805978089825126,-0.06747109328122691,17.899999618530273,0.02285712105887283,-0.8307602545667953,-0.1200000000000001,-0.18000000000000016
2019-05-30,88.12779235839844,89.87289945825395,87.69975053855681,89.43662425334824,10367800,17.299999237060547,2.38,2.29,2.22,-0.01071885971530906,-0.010776720531540263,0.16363766891031786,0.20336488218655313,-0.009506740509261691,-0.07033685169033499,17.299999237060547,-0.03351957509812453,-0.8019983331881292,-0.1599999999999997,-0.16999999999999993
2019-05-31,87.22232818603516,87.7409184811343,86.30038360340299,86.8930618150784,10952800,18.709999084472656,2.35,2.21,2.14,-0.010274445190694648,-0.010327591649675828,0.16375949319856076,0.20440861016282083,0.034817184155566484,-0.08188202698361713,18.709999084472656,0.08150288494762292,-0.804249610074554,-0.20999999999999996,-0.16999999999999993
2019-06-03,87.6339111328125,87.96317750960486,86.67904554837183,87.09062694930384,11680700,18.86000061035156,2.35,2.11,2.07,0.004718779644353077,0.004707681104368481,0.1626325389077124,0.20394365289983066,0.08566276762353553,-0.08318986830537001,18.86000061035156,0.00801718509988536,-0.7817262112033123,-0.28000000000000025,-0.25
2019-06-04,90.33386993408205,90.46557897621184,88.18541485614355,88.77809298526215,12858600,16.969999313354492,2.35,2.11,2.12,0.030809520725118,0.030344436002078357,0.202753659889705,0.21280663723846882,0.17616712538520007,-0.04648531089784702,16.969999313354492,-0.10021215460405208,-0.7524942822139815,-0.22999999999999998,-0.13999999999999968
2019-06-05,90.6548843383789,90.8606749644555,89.42837396542721,90.43263322551805,8340500,16.09000015258789,2.35,2.04,2.12,0.003553643882755253,0.003547344609504033,0.19666273345057583,0.21146006403325582,-0.21306906367436976,-0.027206225059111522,16.09000015258789,-0.05185616949754901,-0.7449668012003511,-0.22999999999999998,-0.1299999999999999
2019-06-06,90.85247039794922,91.26405175219884,89.66711408803567,90.67137359724208,8726700,15.93000030517578,2.33,2.02,2.12,0.0021795412460381414,0.0021771694916157378,0.1964724198024191,0.21130727788600465,-0.17331947748811968,-0.019891529926801876,15.93000030517578,-0.00994405505871776,-0.7450836841422157,-0.20999999999999996,-0.10000000000000009
2019-06-07,89.85643768310547,90.5643517826732,89.69180138534225,90.30093998648466,10618900,16.299999237060547,2.28,1.97,2.09,-0.01096318801768359,-0.011023726634211266,0.19965701746899306,0.21270508575442917,0.013547339329662742,-0.029861324189046523,16.299999237060547,0.023226548951449377,-0.7427532271152117,-0.18999999999999995,-0.050000000000000266
2019-06-10,90.8277587890625,91.5439125160428,90.72898329584608,91.1652584715046,11380600,15.9399995803833,2.29,2.03,2.15,0.010809699683205443,0.010751692531769972,0.20433790422176729,0.21301139107783004,0.09570603121634769,-0.019287333079772706,15.9399995803833,-0.02208586954156,-0.780579139141807,-0.14000000000000012,0.08000000000000007
2019-06-11,91.10765838623048,91.8402727712365,90.8524799294989,91.22290067509206,9847700,15.989999771118164,2.27,2.05,2.15,0.003081652579560057,0.003076914020814784,0.17878394828383018,0.21193470338253478,-0.033567572103129176,0.011238169144899501,15.989999771118164,0.003136774909103357,-0.7018710804806524,-0.1200000000000001,0.029999999999999805
2019-06-12,89.94699096679688,91.28875026920711,89.63419138255014,91.12411395099828,9670500,15.90999984741211,2.24,2.02,2.13,-0.01273951542595042,-0.012821358892990818,0.18257796301964674,0.21345339465293284,-0.04706205798332494,-0.00951791096262733,15.90999984741211,-0.00500312225460775,-0.6800329370948144,-0.11000000000000032,0.009999999999999787
2019-06-13,90.1692352294922,90.67959832089474,89.7658872993214,90.10338071184688,8406900,15.81999969482422,2.19,2.0,2.1,0.002470835992472109,0.0024677884960981585,0.18241713766053574,0.21332041053987097,-0.16443493830590075,-0.0032758156121373005,15.81999969482422,-0.005656829255251572,-0.7388933046523322,-0.08999999999999986,-0.020000000000000018
2019-06-14,90.39971160888672,90.79483239889468,89.42014615800404,90.19392096997736,9077400,15.279999732971191,2.2,2.0,2.09,0.002556042299881156,0.002552781179620594,0.17633389531552293,0.2083021229166625,-0.09511671652592765,-0.013386251955200934,15.279999732971191,-0.03413400583248427,-0.7199841546298017,-0.11000000000000032,0.0
2019-06-17,89.90583038330078,90.85246873681334,89.77412133783717,90.30094495922567,8128600,15.350000381469728,2.23,2.03,2.09,-0.0054633053225070505,-0.005478283754438396,0.1765411204716639,0.20577650562179972,-0.18383412010347913,-0.0139929541143895,15.350000381469728,0.0045811943535241095,-0.7159878743089364,-0.14000000000000012,-0.06000000000000005
2019-06-18,91.13235473632812,91.7085724764942,89.70828657953835,89.73298045921632,11057300,15.149999618530272,2.22,2.04,2.06,0.013642322725881506,0.013550104012870736,0.1826194902251449,0.19631131865527734,0.0962528937336724,-0.005747485215104153,15.149999618530272,-0.013029365340009647,-0.7169928053965896,-0.16000000000000014,-0.08999999999999986
2019-06-19,90.47382354736328,91.85673097930884,90.30095383813652,91.2228984063338,13126500,14.329999923706056,2.18,1.96,2.03,-0.007226096493063938,-0.007252331187683294,0.1836754779435165,0.19607911634012992,0.26894990323247986,-0.01628924082727501,14.329999923706056,-0.054125393760489415,-0.6815663910984996,-0.15000000000000036,-0.10000000000000009
2019-06-20,90.70430755615234,91.44514902431357,89.74943572928056,91.2722855963937,13638000,14.75,2.14,1.91,2.01,0.002547521479164594,0.0025442820468370942,0.18191433869021534,0.1953622589083631,0.28293228764662637,-0.005684897457239324,14.75,0.029309147140966774,-0.6862424472662909,-0.13000000000000034,-0.0900000000000003
2019-06-21,90.0869140625,91.92256308465817,89.79880213756064,90.70428599268658,27089500,15.399999618530272,2.11,1.95,2.07,-0.006806661230175148,-0.006829932207280905,0.16870724292395167,0.19587388362852268,1.4064774436324,0.007363524991554016,15.399999618530272,0.04406777074781498,-0.6222316646755921,-0.040000000000000036,-0.020000000000000018
2019-06-24,89.44485473632812,90.3585594813489,89.3460729594623,89.95521154955365,13039600,15.260000228881836,2.13,1.92,2.02,-0.0071271097789677995,-0.007152628950114352,0.1668564447827072,0.19566533357203175,0.135653336410607,-0.009570665009490553,15.260000228881836,-0.009090869682878422,-0.5867960811214927,-0.10999999999999988,-0.06999999999999984
2019-06-25,88.70401000976562,89.70826945991269,88.62992210463652,89.4613181497926,18660100,16.280000686645508,2.12,1.93,2.0,-0.0082826980796874,-0.008317190214093748,0.16495319491783064,0.19650569672489238,0.5771202158935846,-0.007003137605842036,16.280000686645508,0.06684144446034601,-0.580407828602488,-0.1200000000000001,-0.06000000000000005
2019-06-26,89.29669952392578,89.97991984600102,89.03328769029552,89.14852997499416,10324600,16.209999084472656,2.15,1.96,2.05,0.00668165412245636,0.006659430808956002,0.1665084084559128,0.18528384427954991,-0.12870110674014834,0.0024027422521732955,16.209999084472656,-0.004299852531964188,-0.5733235482196181,-0.10000000000000009,0.020000000000000018
2019-06-27,89.59303283691406,90.1774839299888,89.2637727532309,89.59303283691406,10906600,15.81999969482422,2.14,1.93,2.01,0.003318524811870338,0.003313030660037508,0.1617212971363216,0.18517238738061265,-0.08167359274809594,0.016626315482371146,15.81999969482422,-0.024059186408098676,-0.6426493365708541,-0.13000000000000034,0.0
2019-06-28,92.02959442138672,92.54818467305068,91.2887467188431,91.40398899699063,21634700,15.079999923706056,2.12,1.92,2.0,0.027195882395318893,0.026832645373989987,0.18044400570143687,0.19275333456319207,0.743229632494541,0.05511508733289272,15.079999923706056,-0.04677621905139906,-0.6323103780613192,-0.1200000000000001,-0.06999999999999984
2019-07-01,93.57713317871094,94.26858681144674,93.08323682958068,93.20671248692145,12724500,14.0600004196167,2.21,1.94,2.03,0.016815664211648373,0.016675846175358305,0.18710361946350004,0.19461725992441128,0.020991118432402114,0.06781874697902346,14.0600004196167,-0.06763922475131434,-0.6714425828846043,-0.18000000000000016,0.009999999999999787
2019-07-02,93.67593383789062,94.00519395017363,93.19849788275252,93.43721586032156,10174900,12.93000030517578,2.2,1.91,1.98,0.0010558205388810915,0.0010552635523933037,0.15744894062869969,0.1944727004765392,-0.17469839695247796,0.03699679761585917,12.93000030517578,-0.08036984926859092,-0.48149667703323645,-0.2200000000000002,-0.020000000000000018
2019-07-03,93.5267105102539,94.39715308889488,93.06247784148312,93.95778279915596,6849400,12.56999969482422,2.21,1.91,1.96,-0.001592974006482284,-0.0015942441386124705,0.15775673796570777,0.19451898546165367,-0.44105466311412866,0.03167867007756153,12.56999969482422,-0.02784227392534966,-0.47512885535636434,-0.25,-0.08999999999999986
2019-07-05,94.08212280273438,94.72873433080824,93.60959850724232,94.09870615328222,7929400,13.279999732971191,2.23,1.98,2.04,0.005938541935777586,0.005920978296253224,0.15850913334002437,0.19391283491037786,-0.35080931876077887,0.03554831685521287,13.279999732971191,0.05648369573464018,-0.3978802333649353,-0.18999999999999995,0.03000000000000025
2019-07-08,93.56814575195312,94.0738303858616,93.26141703680868,93.64275184972917,6917200,13.960000038146973,2.26,1.99,2.05,-0.005463068173524599,-0.005478045302749839,0.1537337373571311,0.19431883356386162,-0.4249659162704087,0.04130709122854004,13.960000038146973,0.0512048432868184,-0.39835178627251544,-0.20999999999999996,0.04999999999999982
2019-07-09,93.96607971191406,94.08213788557454,92.9712935591968,93.07906005625406,8947300,14.09000015258789,2.26,2.0,2.07,0.004252878549243055,0.004243860620329034,0.15053576451486894,0.19385127723021078,-0.24860183068955918,0.034552442608872136,14.09000015258789,0.009312329089232074,-0.3827574589293402,-0.18999999999999995,0.040000000000000036
2019-07-10,93.6925048828125,94.36399149832154,93.4603885514052,93.9826566217673,9242300,13.029999732971191,2.2,1.93,2.07,-0.002911421120688429,-0.002915667551260657,0.15130886471762278,0.17023509287095479,-0.22184947460547524,0.028371341579476628,13.029999732971191,-0.0752306890090424,-0.3197012602908877,-0.13000000000000034,0.08999999999999986
2019-07-11,94.5877914428711,94.8033306905955,93.7753844951848,93.98263206904066,11595200,12.93000030517578,2.17,1.97,2.13,0.009555583567526504,0.00951021774782632,0.14406358078452217,0.16941708942115802,-0.03159477178769783,0.05159483853981661,12.93000030517578,-0.007674553326534106,-0.32541872345902245,-0.040000000000000036,0.16999999999999993
2019-07-12,95.58258056640624,95.62402628504898,94.446861620739,94.61265714469758,10783400,12.390000343322754,2.14,1.96,2.12,0.010517098542637715,0.010462178591848602,0.14679744265932038,0.16940883003661336,-0.10824427891245067,0.06003539148509329,12.390000343322754,-0.041763337131312195,-0.34628469903470627,-0.020000000000000018,0.08000000000000007
2019-07-15,94.42200469970705,95.80641710395822,94.11527598496916,95.78154840473252,12946600,12.68000030517578,2.16,1.95,2.09,-0.012142127360673993,-0.012216445186112366,0.15633259529842555,0.16134027996911957,0.05378695785413793,0.044494534542573794,12.68000030517578,0.023405968831091473,-0.38180308704152466,-0.07000000000000028,0.040000000000000036
2019-07-16,95.4333953857422,95.74840952112892,93.60961236195068,94.0738513755737,16945000,12.859999656677246,2.15,2.0,2.13,0.010711387554751761,0.010654427032882188,0.15634368183277025,0.16202124044923766,0.33146271138296507,0.06148171902617916,12.859999656677246,0.014195532111146214,-0.34649772574325294,-0.020000000000000018,0.06000000000000005
2019-07-17,94.4966278076172,95.28417259813256,94.28109482573343,94.86138566110624,13120900,13.970000267028809,2.14,1.95,2.06,-0.009815930517179883,-0.009864424365587736,0.15744240661360567,0.16335646059847256,0.022690559506648007,0.036916340865139174,13.970000267028809,0.0863142021761425,-0.42269714180127493,-0.08000000000000007,-0.009999999999999787
2019-07-18,95.0603256225586,95.391923040425,94.13186044216626,94.44687451055728,9397200,13.529999732971191,2.05,1.9,2.04,0.005965269110861815,0.00594754733493097,0.15430319342496307,0.16377215202956663,-0.2567458547280303,0.05069424387479615,13.529999732971191,-0.03149610061898722,-0.5066727786141996,-0.009999999999999787,-0.08999999999999986
2019-07-19,94.12356567382812,95.43337195276844,94.00750753009362,95.24270138823633,10402800,14.449999809265137,2.06,1.94,2.05,-0.00985437344755069,-0.009903249143555365,0.1604308251726905,0.16504926612089335,-0.16654648938113506,0.037696755642602886,14.449999809265137,0.0679970505876657,-0.5541600534485697,-0.010000000000000231,-0.07000000000000028
2019-07-22,94.72872924804688,94.87794777149554,93.48524366087292,93.601308134395,9061100,13.529999732971191,2.09,1.95,2.05,0.006429458657737808,0.006408877856923866,0.15779146973272923,0.16555122450105977,-0.21753104884742325,0.05152596505111173,13.529999732971191,-0.06366782618945466,-0.537596475525376,-0.040000000000000036,-0.040000000000000036
2019-07-23,96.46131896972656,96.53592506640788,95.18467305405836,95.23441045184592,12752200,12.609999656677246,2.06,1.97,2.08,0.018290013340545475,0.018124762959476244,0.16269143940785485,0.16893807642907901,0.10258115110364463,0.07844458190560055,12.609999656677246,-0.0679970505876657,-0.5940157578723865,0.020000000000000018,-0.04999999999999982
2019-07-24,96.85095977783205,96.8924055072208,95.76497794284006,95.81472167268026,10011000,12.06999969482422,2.1,1.98,2.05,0.004039347712296637,0.004031211450094921,0.15629644085707806,0.1666176034297241,-0.10080690252633649,0.09184421050603575,12.06999969482422,-0.042823154365994376,-0.5474338272312735,-0.050000000000000266,-0.010000000000000231
2019-07-25,95.9224853515625,97.19083974319872,95.5991795781923,96.9006943471864,10138400,12.739999771118164,2.1,1.99,2.08,-0.00958663113302527,-0.009632878690793647,0.16368810542446008,0.16783118683604376,-0.08860163223587188,0.07419967213750644,12.739999771118164,0.05550953547921367,-0.590739956368486,-0.020000000000000018,0.040000000000000036
2019-07-26,96.3452606201172,96.58566858340308,95.7732552479992,95.97221116342064,12800400,12.15999984741211,2.12,2.0,2.08,0.004407467832022949,0.004397783391158468,0.16371003300897174,0.16726994797733563,0.14098832350821552,0.07536554539340345,12.15999984741211,-0.04552589749812441,-0.5879708256045352,-0.040000000000000036,0.03000000000000025
2019-07-29,96.03854370117188,97.14110253290907,95.98880629738368,96.54422838866952,8500400,12.829999923706056,2.12,1.98,2.06,-0.0031835184935010696,-0.0031885966690081615,0.14029240657019354,0.1673705379318414,-0.19518878089146163,0.043561522844802525,12.829999923706056,0.055098691176097114,-0.6150754157405941,-0.06000000000000005,0.010000000000000231
2019-07-30,95.822998046875,96.2292078998208,95.1349408162812,95.49140694404684,7121100,13.9399995803833,2.08,1.97,2.06,-0.002244366126245678,-0.0022468884906795728,0.1299743630182692,0.16697830235281114,-0.3074079369293928,0.024000146102733932,13.9399995803833,0.08651595193124617,-0.5719096117576254,-0.020000000000000018,-0.020000000000000018
2019-07-31,96.16289520263672,96.3121137412838,95.21784656610367,96.24579298528612,13648000,16.1200008392334,2.08,2.0,2.02,0.003547135475717944,0.0035408592280979116,0.13024043622083256,0.16607465676876282,0.3053460558664775,0.026548562291888844,16.1200008392334,0.15638460003383692,-0.47961791567936435,-0.06000000000000005,-0.029999999999999805
2019-08-01,93.6261749267578,96.82607827853666,93.34431491056606,95.60746141598167,15664500,17.8700008392334,2.07,1.88,1.9,-0.02637940830019192,-0.026733587471049203,0.16389748314370284,0.17172380407320859,0.4376086385920989,0.001063486740432218,17.8700008392334,0.10856078839281391,-0.5701147019153591,-0.16999999999999993,-0.18000000000000016
2019-08-02,93.61788177490234,94.03237695564223,92.34952753378936,93.17851789526917,11025500,17.610000610351562,2.06,1.85,1.86,-8.857727939803883e-05,-8.858120259692418e-05,0.1624254652195171,0.17135656333919974,-0.002309740499184465,-0.00493442339524397,17.610000610351562,-0.014549536467340696,-0.5948404797589164,-0.19999999999999996,-0.21999999999999997
2019-08-05,90.83248138427734,92.0013609292899,89.75479129276343,91.84385072330224,15855300,24.59000015258789,2.05,1.78,1.75,-0.029752867057196375,-0.030204463704966163,0.19369162975326457,0.182309760755175,0.37896995372210474,-0.029237133489082523,24.59000015258789,0.39636566157376074,-0.7354636250298815,-0.2999999999999998,-0.31000000000000005
2019-08-06,91.54541778564452,91.6034468655127,89.81282441581723,91.23040368417382,10203500,20.170000076293945,2.05,1.8,1.73,0.007848914732946799,0.00781827223748904,0.1955006139577505,0.1830721407095593,-0.11740078922283521,-0.025761018589803175,20.170000076293945,-0.17974786697302148,-0.7320270226561032,-0.31999999999999984,-0.33000000000000007
2019-08-07,89.55583190917969,89.76307950920082,87.82324500885656,89.53096320912833,17320900,19.489999771118164,2.02,1.75,1.71,-0.021733320187838245,-0.021972967372870064,0.20883205076009562,0.17982501582374166,0.44767051661266044,-0.04415158906047845,19.489999771118164,-0.03371345079839605,-0.6575858963024115,-0.31000000000000005,-0.31000000000000005
2019-08-08,91.0728759765625,91.25525485674156,90.12782752899288,90.40139584926148,10903300,16.90999984741211,2.02,1.79,1.72,0.016939645749941556,0.016797769926794374,0.21576581965621566,0.18241830432700112,-0.08606609765655288,-0.037160350323133695,16.90999984741211,-0.13237557485912876,-0.6920676495441916,-0.30000000000000004,-0.17999999999999994
2019-08-09,90.9734115600586,91.56199402931632,89.77137791962588,90.65010578574372,9980800,17.969999313354492,2.0,1.78,1.74,-0.0010921409413874317,-0.0010927377618863315,0.2108318884568795,0.1822573676363438,-0.1605680261767401,-0.04822185150300906,17.969999313354492,0.0626847708756546,-0.6834721991127752,-0.26,-0.1200000000000001
2019-08-12,89.26567077636719,89.95373420490294,88.87604434515553,89.89570514012846,9393700,21.09000015258789,2.0,1.75,1.65,-0.018771867014836463,-0.018950294989714248,0.2162456285919995,0.18442120544769466,-0.19796282540577,-0.05460945189353572,21.09000015258789,0.17362275784366643,-0.7171988112710556,-0.3500000000000001,-0.10000000000000009
2019-08-13,90.64180755615234,91.4625126082506,88.72684175064612,89.48951140287342,12124700,17.520000457763672,2.0,1.86,1.68,0.015416192673135543,0.015298570491984088,0.22066348943812408,0.18696471872713,0.05696092460434903,-0.05020871163833418,17.520000457763672,-0.16927452200071014,-0.7572729453663188,-0.32000000000000006,-0.050000000000000044
2019-08-14,86.8781967163086,88.62736697164839,86.58804501566293,88.12168232012202,19491800,22.100000381469727,1.96,1.79,1.59,-0.0415217981780891,-0.04240845872487773,0.26139896333459517,0.20571624526660393,0.653272354223937,-0.08062119535967716,22.100000381469727,0.26141551392919693,-0.791604393843389,-0.3699999999999999,-0.11999999999999988
2019-08-15,87.20977783203125,88.18798664801382,86.4968456615002,86.8947637920245,13365600,21.18000030517578,1.91,1.72,1.52,0.0038166206051144513,0.0038093557875272695,0.26040604762098174,0.20575381735132528,0.11489166475507268,-0.08258490320870882,21.18000030517578,-0.041628962009672255,-0.7919701014862477,-0.3899999999999999,-0.19999999999999996
2019-08-16,89.29884338378906,89.5143826502167,87.76521246911508,88.17970765279425,11830600,18.46999931335449,1.87,1.71,1.55,0.02395448771560238,0.023672080039349477,0.27754927098083704,0.21121385479875893,-0.018992275059620353,-0.05125945086651784,18.46999931335449,-0.12795094205730706,-0.8029748500278855,-0.32000000000000006,-0.18999999999999995
2019-08-19,90.10297393798828,90.98170179014554,89.87914297489847,90.8822206593617,8265400,16.8799991607666,1.94,1.75,1.6,0.009004938067822765,0.008964635381124332,0.27879877405036735,0.20807918136963294,-0.31235443356013864,-0.048831598890618166,16.8799991607666,-0.08608555558733877,-0.8048768248466974,-0.33999999999999986,-0.04999999999999982
2019-08-20,88.95897674560547,89.89574014491176,88.90094765823486,89.40663241590565,8374000,17.5,1.94,1.72,1.55,-0.012696553092355733,-0.012777843124353002,0.2699110561204852,0.20873888411193556,-0.2903958115218739,-0.07777565457585778,17.5,0.036729909363647284,-0.8010846692687746,-0.3899999999999999,-0.1299999999999999
2019-08-21,89.20767211914062,89.88744410593343,89.07503059747575,89.70506517599216,8189300,15.800000190734863,1.97,1.77,1.59,0.002795618639435782,0.0027917181654480167,0.26945442490562355,0.20763717367449835,-0.3006491964891126,-0.07891803732481828,15.800000190734863,-0.09714284624372205,-0.7984405519567004,-0.3799999999999999,0.0
2019-08-22,90.12783813476562,90.5837790641719,89.47293495373617,89.83769275701711,9343400,16.68000030517578,2.0,1.79,1.62,0.01031487532144193,0.010262040010822373,0.2732734754156035,0.20861617772895064,-0.19937344206695568,-0.06040968596215057,16.68000030517578,0.05569620910238671,-0.7739216581437576,-0.3799999999999999,0.10000000000000009
2019-08-23,87.88957977294922,90.17759557757527,87.13520162314016,89.53098392782572,14762300,19.8700008392334,1.97,1.73,1.52,-0.024834262178458077,-0.025147834921255666,0.28246945895570147,0.21385739225441494,0.2544224034166638,-0.08776436736735971,19.8700008392334,0.19124703091688589,-0.7861017732455666,-0.44999999999999996,-0.030000000000000027
2019-08-26,88.5942153930664,88.6936902034436,87.8812830701177,88.3869677718533,8209500,19.31999969482422,2.01,1.75,1.54,0.008017282844422713,0.007985315181182185,0.28596924398193774,0.2133892223462713,-0.3015367128196664,-0.07751396492713203,19.31999969482422,-0.02767997590232607,-0.7883856797088806,-0.46999999999999975,-0.06000000000000005
2019-08-27,87.65745544433594,89.16621793138741,86.9113627145422,88.99213068188482,14331800,20.309999465942383,1.98,1.77,1.49,-0.010573601725285764,-0.010629899450148934,0.2868212638409324,0.2143367802150573,0.18305838728863122,-0.085214852060302,20.309999465942383,0.051242224987373186,-0.7929937913303793,-0.49,-0.06000000000000005
2019-08-28,88.53617858886719,88.87606136916615,87.07715369188688,87.11031406735177,10585500,19.350000381469727,1.99,1.74,1.47,0.010024511207597842,0.00997459908106636,0.29009015884499656,0.20592135641009623,-0.11500392523411367,-0.07931038887398656,19.350000381469727,-0.04726731214751967,-0.834606348591892,-0.52,-0.1200000000000001
2019-08-29,90.5423355102539,91.09775757879352,89.54754320236269,89.64702433056033,10002200,17.8799991607666,1.99,1.75,1.5,0.02265917677227347,0.02240627092377663,0.29174678590029546,0.21100431780832954,-0.14349729897058175,-0.0329377913699489,17.8799991607666,-0.07596905383582586,-0.8309138460738862,-0.49,-0.1200000000000001
2019-08-30,91.0728759765625,91.65316666377396,90.74957026158836,91.05629262853124,10170300,18.979999542236328,1.99,1.76,1.5,0.005859584506172855,0.005842483909955216,0.29293165553096684,0.21130088418937293,-0.1259020583668774,-0.027185039333181393,18.979999542236328,0.06152127701904009,-0.818325130822889,-0.49,-0.020000000000000018
2019-09-03,89.99522399902344,90.35169023570566,88.96727735184322,90.3434048828898,9868800,19.65999984741211,1.98,1.72,1.47,-0.011832853261561582,-0.01190341868229293,0.27574446428332366,0.2115052171092609,-0.12941838606123748,-0.009217598952425354,19.65999984741211,0.035827203455014445,-0.8041954971465743,-0.51,-0.07000000000000006
2019-09-04,91.08116912841795,91.37131447673146,89.99518750373855,90.73298838574752,6929200,17.329999923706055,1.97,1.69,1.47,0.012066697332808518,0.01199447514888318,0.2777987712216133,0.2117895513287869,-0.3797794606322594,-0.005071238609818951,17.329999923706055,-0.11851474780213478,-0.8254318783613779,-0.5,-0.020000000000000018
2019-09-05,93.15365600585938,94.27279181072645,92.18373240525924,92.22518445624117,13224700,16.270000457763672,1.97,1.73,1.57,0.02275428496662535,0.022499267470635735,0.2765337145113996,0.21666094853794987,0.20582511081761357,0.04017409050845866,16.270000457763672,-0.061165578223251416,-0.8768032661006708,-0.3999999999999999,0.10000000000000009
2019-09-06,93.35260009765624,93.65932879181749,92.81375512670026,93.3940521433814,7836600,15.0,1.96,1.73,1.55,0.0021356552209217394,0.0021333779510429034,0.27094710704490965,0.2149327148694998,-0.2753289482809799,0.025031867025703924,15.0,-0.07805780098535009,-0.8619953868779826,-0.4099999999999999,0.050000000000000044
2019-09-09,95.66548919677734,96.21261954775431,94.17330401285004,94.2644934587953,13985100,15.270000457763672,1.96,1.74,1.63,0.024775840166225693,0.024473896152919766,0.2829645044379621,0.22040297500681816,0.2697307345727911,0.05157636232671292,15.270000457763672,0.018000030517578036,-0.814186787580297,-0.33000000000000007,0.1299999999999999
2019-09-10,96.88412475585938,97.21571590549428,95.9390760650692,96.41160041046427,14333100,15.199999809265137,1.95,1.81,1.72,0.012738507577956248,0.012658055297897403,0.2732401500050313,0.2216790401330028,0.2727867690773493,0.08534584362871489,15.199999809265137,-0.004584194263265062,-0.7886381774927304,-0.22999999999999998,0.25
2019-09-11,97.14939880371094,97.15768415493734,95.64892169660806,96.9006991236156,9919200,14.609999656677246,1.96,1.79,1.75,0.002738054851814331,0.002734313207956527,0.27002821343720074,0.22126803751374566,-0.11045904732524311,0.07179458820398255,14.609999656677246,-0.038815799999435296,-0.7907121060407524,-0.20999999999999996,0.28
2019-09-12,97.74626159667967,98.21049419913696,96.09656613851432,96.6188341409736,12283500,14.220000267028809,1.95,1.82,1.79,0.006143762085184745,0.0061249661248909135,0.20864839029530433,0.22003080764652377,0.1383619209666276,0.1250954242968414,14.220000267028809,-0.02669400402553701,-0.6526779237400924,-0.15999999999999992,0.21999999999999997
2019-09-13,99.6695327758789,99.81045964603156,98.442624026202,98.64987165573086,16257200,13.739999771118164,1.96,1.88,1.9,0.01967616098848901,0.019485087658833417,0.21392463100543987,0.22247010748009788,0.4867008349729334,0.14287107768862262,13.739999771118164,-0.03375530850189912,-0.6503795622636294,-0.06000000000000005,0.34999999999999987
2019-09-16,98.78250122070312,99.37108365837652,98.13588338207666,98.56696194116095,11993900,14.670000076293944,1.99,1.86,1.84,-0.008899726229984473,-0.008939565341063709,0.21086101557420653,0.22350730009123207,0.09600895529207502,0.10620135130032016,14.670000076293944,0.06768561285791752,-0.6351954381367886,-0.1499999999999999,0.2100000000000002
2019-09-17,98.29340362548828,98.32656400455076,97.1908447392694,98.1690537851779,10735400,14.4399995803833,1.99,1.87,1.81,-0.004951257451176305,-0.0049635555371370325,0.21321145863071894,0.2232455633715279,-0.02994103960060542,0.09090076974747707,14.4399995803833,-0.015678288664927376,-0.6247662910468642,-0.17999999999999994,0.09000000000000008
2019-09-18,99.2798843383789,99.54516099271903,97.61361199331115,98.0861362315012,10665600,13.949999809265137,1.95,1.87,1.8,0.010036082549844894,0.009986055511910995,0.20407291255082194,0.22318681457986356,-0.04612420883741022,0.11601873099651283,13.949999809265137,-0.033933503141082344,-0.6201185536801251,-0.1499999999999999,0.050000000000000044
2019-09-19,98.96484375,99.76067355047572,98.724435842873,99.23012035015856,9382600,14.050000190734863,1.93,1.88,1.79,-0.0031732570044616937,-0.0031783024609840257,0.20620834847277758,0.22244512362731514,-0.16532299854238883,0.10937592472795687,14.050000190734863,0.0071684862248750925,-0.6616420936864802,-0.1399999999999999,0.0
2019-09-20,98.56695556640624,99.7606973900388,98.54208686743186,99.26330443646737,21862800,15.31999969482422,1.91,1.84,1.74,-0.004020500296033291,-0.004028604235903432,0.20777955184841213,0.222531268507928,0.8423244696516758,0.0936349701301149,15.31999969482422,0.09039142255149901,-0.7032473768017904,-0.16999999999999993,-0.15999999999999992
2019-09-23,98.55036163330078,98.74932385311708,97.5555758329947,97.63847359557124,9135100,14.90999984741211,1.94,1.81,1.72,-0.00016835188842045934,-0.00016836606119032408,0.1772165277868509,0.22253426529030892,-0.21151290761250707,0.1212974494575152,14.90999984741211,-0.02676239266183711,-0.546430627294887,-0.21999999999999997,-0.1200000000000001
2019-09-24,97.26545715332033,98.86540907575592,97.02504914868852,98.44262214866583,11696500,17.049999237060547,1.92,1.78,1.64,-0.01303804936567865,-0.013123790814216729,0.18908768075765467,0.21819797205039418,-0.00539585398073377,0.09787593605047662,17.049999237060547,0.1435277942018136,-0.6186549981455773,-0.28,-0.17000000000000015
2019-09-25,97.82087707519533,98.11931415529868,97.09136772644015,97.215711239237,9389400,15.960000038146973,1.89,1.82,1.73,0.005710351219544441,0.005694108967327772,0.18024179931466158,0.21596069217942968,-0.1844406699131882,0.11594474855950332,15.960000038146973,-0.0639295746444557,-0.5858384916914462,-0.15999999999999992,-0.07000000000000006
2019-09-26,97.0167465209961,97.86232027972352,96.95042577037142,97.72138710347237,9899200,16.06999969482422,1.83,1.79,1.7,-0.008220439013045144,-0.00825441313808522,0.18575021043309245,0.21674385657779693,-0.1375891665476037,0.09578646907169852,16.06999969482422,0.00689220904851684,-0.5743579945432087,-0.13000000000000012,-0.09000000000000008
2019-09-27,97.58875274658205,98.35142241108696,97.22399493977753,97.78770867543224,10207800,17.219999313354492,1.8,1.74,1.69,0.0058959534935771885,0.0058786403779965135,0.17357087273707805,0.21696403153746077,-0.11149989555044913,0.07782455794427934,17.219999313354492,0.0715618942357954,-0.5039959967469254,-0.1100000000000001,-0.050000000000000044
2019-09-30,97.56388854980467,98.45919343330716,97.17426202449484,98.11931063602734,9755000,16.239999771118164,1.88,1.75,1.68,-0.0002547854755551304,-0.00025481793888864837,0.17394365731469458,0.21669932209518242,-0.1493747621105098,0.07127273080639984,16.239999771118164,-0.056910544791736295,-0.5016889522873377,-0.19999999999999996,-0.040000000000000036
2019-10-01,95.7898406982422,98.6498549721796,95.67378255130932,98.15246201036804,11250300,18.559999465942383,1.82,1.73,1.65,-0.018183447563765887,-0.018350798225261075,0.18276946855010034,0.21982619524077418,-0.024859778575397132,0.06438804685103783,18.559999465942383,0.14285712607891754,-0.5893893022335962,-0.17000000000000015,0.010000000000000009
2019-10-02,93.88314819335938,95.25098340548617,93.61787155961974,95.17637099225328,12548700,20.559999465942383,1.79,1.67,1.6,-0.019904955379237976,-0.02010572771329326,0.19705682779193176,0.22363443790173684,0.0618217756937778,0.03076353862993164,20.559999465942383,0.10775862379037249,-0.6282018028609851,-0.18999999999999995,-0.1299999999999999
2019-10-03,93.7494659423828,94.3511214237082,92.35395699944638,93.81631159280558,12735200,19.1200008392334,1.7,1.58,1.54,-0.0014239216893456863,-0.0014249364292221827,0.1809037375423087,0.2235727030869642,0.07983899755884755,0.006395990904382254,19.1200008392334,-0.07003884553082507,-0.5640590931235471,-0.15999999999999992,-0.15999999999999992
2019-10-04,95.78004455566406,96.04744626822402,93.81630625600222,93.87480018139472,9453100,17.040000915527344,1.71,1.58,1.52,0.02165962859488957,0.02142839188219959,0.19582101187633563,0.22704301960329434,-0.20391159663596625,0.02600296569638627,17.040000915527344,-0.10878660211342595,-0.642243165780291,-0.18999999999999995,-0.16999999999999993
2019-10-07,95.57113647460938,96.51539737457313,95.32044458063544,95.42072261329696,6771600,17.860000610351562,1.75,1.64,1.56,-0.0021811232394371993,-0.0021835053531493696,0.17578740490919184,0.22608085395717162,-0.4118689290032101,-0.0009862775276661129,17.860000610351562,0.04812204523281527,-0.7321404231680747,-0.18999999999999995,-0.11999999999999988
2019-10-08,93.44027709960938,94.4764579644794,93.3065794277035,94.4764579644794,10806300,20.280000686645508,1.72,1.62,1.54,-0.022296055625184552,-0.022548370138038357,0.1861489249262555,0.22943176318367592,-0.046846637065575764,-0.03554604704257003,20.280000686645508,0.13549831990998507,-0.7837334857818572,-0.17999999999999994,-0.10999999999999988
2019-10-09,94.11712646484376,94.56001629357873,93.64917509906698,94.15055247316484,7273700,18.63999938964844,1.69,1.59,1.59,0.0072436575130534475,0.007217548234600872,0.18826858666916768,0.2288462941519363,-0.3508606983666878,-0.031212466327185773,18.63999938964844,-0.0808679113150631,-0.7887372698666358,-0.09999999999999987,-0.010000000000000009
2019-10-10,95.43743133544922,96.43183442800792,94.4263184253186,94.54330627440083,10994100,17.56999969482422,1.68,1.63,1.67,0.0140283168451667,0.013930830661878611,0.19444622115465657,0.2297621730817596,-0.013156743195542461,-0.02362065027875071,17.56999969482422,-0.05740341898393175,-0.7949493115227436,-0.010000000000000009,0.1299999999999999
2019-10-11,97.05020904541016,98.59612552199611,96.82459142194833,96.95828910149898,15076500,15.579999923706056,1.68,1.67,1.76,0.01689879628352786,0.01675760010251045,0.19080577428015916,0.23198152281230475,0.36049357315343217,-0.026280084370001733,15.579999923706056,-0.11326122969167596,-0.8372070601051279,0.08000000000000007,0.24
2019-10-14,97.30925750732422,97.6602274811868,96.6491144233916,96.80788002726985,8779000,14.56999969482422,1.6749999999999998,1.66,1.765,0.0026692210605425704,0.0026656650165137416,0.18910778872897135,0.23103801687070985,-0.1961281561630251,-0.014914015085397914,14.56999969482422,-0.06482671590678568,-0.8292080821010857,0.09000000000000008,0.20499999999999985
2019-10-15,100.24231719970705,101.60439374988036,98.4958510655957,99.31476606496273,23379000,13.539999961853027,1.67,1.65,1.77,0.030141630585990953,0.029696298211832423,0.21685359179757766,0.23837113962487225,1.0236170889568361,0.019827511331730774,13.539999961853027,-0.07069318836959793,-0.8078371959003857,0.10000000000000009,0.22999999999999998
2019-10-16,100.0083465576172,100.79384195940068,99.75765463672788,100.24232228358836,11087700,13.68000030517578,1.66,1.59,1.75,-0.002334050614808847,-0.002336778756852884,0.2144655501998309,0.23574564982540158,-0.04203148732782797,0.007337460393844308,13.68000030517578,0.01033975950643895,-0.8065389995426722,0.09000000000000008,0.15999999999999992
2019-10-17,100.56822204589844,101.58769321511762,100.17547432903262,100.90247582889236,10818500,13.789999961853027,1.66,1.59,1.76,0.005598287618510778,0.005582675446896652,0.2147999229251876,0.23586345799296438,-0.0710524451580911,0.016201493733964956,13.789999961853027,0.008040910396444279,-0.8034165936776853,0.10000000000000009,0.09000000000000008
2019-10-18,100.74369049072266,101.12808005882634,100.15875122955616,100.27573908178944,10417400,14.25,1.66,1.58,1.76,0.0017447702788673247,0.0017432499353808477,0.21405356844728524,0.23489998614502608,-0.059266975235479004,0.022083820199254367,14.25,0.03335750829727768,-0.8047375633884213,0.10000000000000009,0.0
2019-10-21,103.24224090576172,103.4260744208616,101.93865185311677,101.98879406210791,12714600,14.0,1.67,1.59,1.8,0.02480106101800139,0.024498506941382885,0.22947910463768578,0.23977022658505487,0.12991749521002996,0.047608950334643074,14.0,-0.01754385964912286,-0.7706169491173933,0.13000000000000012,0.03500000000000014
2019-10-22,104.27841186523438,104.5374554813502,102.88290937627016,103.15866281021034,12549100,14.460000038146973,1.65,1.59,1.78,0.01003630830154556,0.00998627902043642,0.22342604004453162,0.24027117594211225,0.11100093755726935,0.07210118491356576,14.460000038146973,0.03285714558192665,-0.7335496454050365,0.13000000000000012,0.010000000000000009
2019-10-23,104.55419158935548,104.57925950854666,103.76033802125596,103.78540594044716,8828300,14.010000228881836,1.65,1.58,1.77,0.0026446482947737326,0.002641157365970271,0.22328772964772575,0.24016553389863396,-0.2164639923388616,0.06883310307046453,14.010000228881836,-0.031120318677592684,-0.7356070007771156,0.1200000000000001,0.020000000000000018
2019-10-24,104.47895050048828,105.00540214896525,103.67674544724996,104.69621636137336,8020500,13.710000038146973,1.67,1.59,1.77,-0.0007196372304489884,-0.0007198962936158356,0.219676417662571,0.24016609403965736,-0.2821739644080721,0.07691665869126263,13.710000038146973,-0.02141328949562815,-0.7369727460317326,0.10000000000000009,0.010000000000000009
2019-10-25,105.31459045410156,105.8326840506194,104.24498362613146,104.45389140894936,9055700,12.649999618530272,1.66,1.6,1.8,0.007998165655476841,0.007966349861287768,0.22007502118259498,0.2332440495435943,-0.1853245607682457,0.07916729633364539,12.649999618530272,-0.07731585825436438,-0.7636382968677607,0.14000000000000012,0.040000000000000036
2019-10-28,105.71570587158205,106.30064516682992,105.62378592870591,105.76584170392894,9522200,13.109999656677246,1.65,1.6,1.85,0.003808735482433434,0.003801500614093493,0.21955185267760252,0.2332343144846697,-0.14245896213777373,0.08355363283430428,13.109999656677246,0.03636364047577878,-0.7758851162535283,0.20000000000000018,0.050000000000000044
2019-10-29,105.64886474609376,106.47613794197956,105.23940719717098,105.33967887221118,9797300,13.199999809265137,1.63,1.59,1.84,-0.0006322724228836618,-0.0006324723913861872,0.2040782902570964,0.22344882291412918,-0.11187357934265066,0.10292348307488597,13.199999809265137,0.0068650003771777435,-0.7338892615899429,0.2100000000000002,0.06000000000000005
2019-10-30,105.06391143798828,105.5067949448964,104.3870458445506,105.33131316151922,8513700,12.329999923706056,1.62,1.59,1.78,-0.00553676851626661,-0.005552153233091168,0.18618235589765736,0.22377416645074427,-0.21385452472027092,0.11909233403210218,12.329999923706056,-0.06590908319168487,-0.6095160069046378,0.15999999999999992,0.010000000000000009
2019-10-31,104.38703918457033,105.0639047348234,103.50127222726674,104.86334867345084,11589100,13.220000267028809,1.54,1.53,1.69,-0.006442481001837308,-0.006463323348406814,0.1895417308882615,0.2187918341407961,0.07581711359710074,0.11346809430066762,13.220000267028809,0.07218169901295846,-0.6745791075442402,0.1499999999999999,-0.08000000000000007
2019-11-01,106.79366302490234,106.95242860742148,105.30623422949792,105.4566480908148,11682600,12.300000190734863,1.52,1.53,1.73,0.0230548146506655,0.022793067792726537,0.1911300609717978,0.22079472011062334,0.07338904587487234,0.11498865468618091,12.300000190734863,-0.06959153235332838,-0.6556722815419919,0.20999999999999996,-0.07000000000000006
2019-11-04,107.6460189819336,108.147390059315,107.4287467060866,107.86327850706016,9159900,12.829999923706056,1.53,1.56,1.79,0.00798133459316297,0.007949652209042608,0.1891420688053004,0.2209169787177945,-0.16752853245310936,0.12634444825851987,12.829999923706056,0.04308940851646681,-0.6213211225337,0.26,-0.06000000000000005
2019-11-05,107.87997436523438,108.88272908168982,107.66270213034504,108.12230176101322,13747600,13.100000381469728,1.56,1.62,1.86,0.00217337701397069,0.0021710186466110345,0.15744167638027187,0.21622397288661105,0.2329326723660521,0.15453397307707006,13.100000381469728,0.021044462928233587,-0.45801661328642385,0.30000000000000004,0.020000000000000018
2019-11-06,108.04710388183594,108.49833906594442,107.44544846921218,107.53736840032744,11231100,12.619999885559082,1.56,1.58,1.81,0.0015492172443027918,0.0015480184452415086,0.158707186952005,0.21475735305618715,-0.010318381028877279,0.14800682872734683,12.619999885559082,-0.03664125816283326,-0.4596821003115433,0.25,0.030000000000000027
2019-11-07,108.6320571899414,109.71001583943232,108.56520516312268,108.9913724895316,13528900,12.729999542236328,1.56,1.58,1.92,0.005413873089511023,0.0053992707583325,0.15657026824713335,0.19288681336379693,0.1789957851613103,0.13825420141616052,12.729999542236328,0.008716296170740545,-0.4430308175398094,0.3599999999999999,0.22999999999999998
2019-11-08,108.9496078491211,108.96631129381568,108.00534044430952,108.5317922187756,9293400,12.06999969482422,1.55,1.58,1.94,0.002923176338495148,0.0029189121664722154,0.15215963043135666,0.1928937689865065,-0.16917729474386228,0.12261074881500944,12.06999969482422,-0.051846022870803865,-0.3594345292142134,0.3899999999999999,0.20999999999999996
2019-11-11,108.5652084350586,108.71562868761416,108.08890526186092,108.29781307044534,8679000,12.6899995803833,1.57,1.58,1.93,-0.003528231277296845,-0.0035344701644171605,0.1554013883615971,0.1888844986205682,-0.2237571976194863,0.115671943410802,12.6899995803833,0.05136701750083272,-0.4345770401720065,0.3599999999999999,0.1399999999999999
2019-11-12,107.93013763427734,109.15015214514467,107.8047852936455,108.3228853502922,9099000,12.68000030517578,1.59,1.58,1.92,-0.005849671454931538,-0.00586684779973457,0.13127780461126232,0.1894148451107379,-0.1306782028474851,0.07669236555310555,12.68000030517578,-0.0007879649754266582,-0.30247477239208026,0.32999999999999985,0.05999999999999983
2019-11-13,107.3618621826172,107.64598639959355,106.47609540503268,107.06939899701436,8023300,13.0,1.57,1.57,1.88,-0.0052652156674325434,-0.005279125763365367,0.13346796939624264,0.18735769828059218,-0.2220629927978312,0.07352901910805487,13.0,0.025236568385065494,-0.319445567796969,0.30999999999999983,0.06999999999999984
2019-11-14,107.46216583251952,107.66270913843378,106.6181702510676,106.72680637558372,8483400,13.050000190734863,1.57,1.55,1.82,0.0009342577323379064,0.0009338215852107685,0.1335479122066814,0.18741086989486525,-0.16803351638086636,0.06854992209641275,13.050000190734863,0.0038461685180664062,-0.3245597379175573,0.25,-0.09999999999999987
2019-11-15,108.2393035888672,108.2393035888672,107.29503629387516,107.98861168967149,10163600,12.050000190734863,1.57,1.54,1.84,0.007231733609006641,0.007205710012005059,0.13410162723555433,0.18701645111393947,-0.0020144116597269374,0.07440280440028957,12.050000190734863,-0.07662835137044455,-0.3350473176581354,0.27,-0.09999999999999987
2019-11-18,109.1501235961914,109.17519150761684,107.78805365611026,108.26435672391148,8749300,12.460000038146973,1.57,1.54,1.81,0.008414873129485745,0.008379665458762947,0.11097868916366409,0.17781959774093983,-0.12383021976096176,0.05722350307973589,12.460000038146973,0.03402488306409768,-0.3244475566028618,0.24,-0.11999999999999988
2019-11-19,109.1167221069336,109.67659347305248,108.78246198115512,109.45933395433651,8824500,12.859999656677246,1.57,1.54,1.79,-0.00030601421379405913,-0.000306061045697977,0.10809349130066297,0.1777602378982454,-0.09950589920833665,0.04639800467955024,12.859999656677246,0.032102698018110276,-0.3977360805503607,0.21999999999999997,-0.1299999999999999
2019-11-20,108.32286834716795,109.1501350121668,107.74628082264196,108.88273967875602,11782800,12.779999732971191,1.57,1.54,1.73,-0.007275271328144095,-0.007301865178080708,0.11327569336168647,0.1767605678721855,0.18451707465660436,0.03604520010650769,12.779999732971191,-0.006220834046796964,-0.37756641504049204,0.15999999999999992,-0.1499999999999999
2019-11-21,108.57353973388672,109.2336954252383,108.12230456254125,108.6320400296321,7705500,13.130000114440918,1.58,1.55,1.77,0.002314113266603801,0.002311439830127292,0.11290220446256803,0.1762638202414873,-0.2241427484709153,0.03919056626989481,13.130000114440918,0.02738657189223237,-0.3821646806810105,0.18999999999999995,-0.050000000000000044
2019-11-22,109.29220581054688,109.65153387918905,108.71563095742138,108.7574023194338,8167900,12.34000015258789,1.58,1.56,1.77,0.00661916410224439,0.0065973536273780005,0.11203137418278918,0.17190674418134969,-0.17389191384218292,0.03776889165399022,12.34000015258789,-0.06016755178731126,-0.36586840222830946,0.18999999999999995,-0.07000000000000006
2019-11-25,109.87713623046876,110.36180379106165,109.35903628599029,109.67658017931078,10068500,11.869999885559082,1.61,1.58,1.76,0.0053519865902957875,0.005337715606163136,0.11251728391057525,0.17187592063665025,0.015530756910067256,0.03936435295566976,11.869999885559082,-0.0380875414276427,-0.3977394258320564,0.1499999999999999,-0.050000000000000044
2019-11-26,110.02755737304688,110.15290970211088,108.93288255310964,110.15290970211088,10490700,11.539999961853027,1.6,1.59,1.74,0.0013689940213093,0.001368057803347897,0.11213634207131912,0.1690471336103202,0.05442754636307076,0.0414457139456863,11.539999961853027,-0.027801173284553227,-0.3895223097352566,0.1399999999999999,-0.050000000000000044
2019-11-27,110.35344696044922,110.66262640384625,110.01083513085185,110.54563855358364,6607900,11.75,1.62,1.6,1.77,0.0029618905952570884,0.002957512839466832,0.10851428237568773,0.1680850139578177,-0.32941271983681586,0.05034588423431163,11.75,0.018197577022630362,-0.5059829235286017,0.1499999999999999,0.040000000000000036
2019-11-29,110.10275268554688,110.64592056844096,109.8437090763336,110.19467261953083,5712000,12.619999885559082,1.59,1.6,1.78,-0.0022717394137420355,-0.0022743237283921595,0.10490638454092498,0.1635414559461229,-0.40251327268856996,0.05475501121236315,12.619999885559082,0.0740425434518368,-0.466070486592747,0.18999999999999995,0.010000000000000009
2019-12-02,109.86042785644533,110.92168298276002,109.76015619909002,110.5623549593712,8615600,14.90999984741211,1.6,1.6,1.83,-0.0022008971001263866,-0.002203322633702433,0.074378749593546,0.16385657212720733,-0.0840991442796859,0.028716730418993697,14.90999984741211,0.1814580017923335,-0.341170858521985,0.22999999999999998,0.06000000000000005
2019-12-03,108.4482421875,108.59866247003636,107.45383878032467,108.43989046375148,10361300,15.960000038146973,1.57,1.57,1.72,-0.012854361634114797,-0.012937693832352628,0.08607589785461271,0.16054043543057483,0.094492152282221,0.007452418706733965,15.960000038146973,0.07042254872437903,-0.46301922778459176,0.1499999999999999,-0.040000000000000036
2019-12-04,110.58743286132812,110.69606900042068,108.62370714002458,108.94960280658172,10318200,14.800000190734863,1.55,1.56,1.77,0.019725452719921543,0.01953342706497177,0.10970997453612924,0.16307187473742993,0.11004545848195244,0.025096951607788576,14.800000190734863,-0.07268169452628592,-0.5417902794097683,0.21999999999999997,0.030000000000000027
2019-12-05,111.18910217285156,111.39801000430536,110.45374252590312,110.87155818881072,9587400,14.520000457763672,1.54,1.56,1.8,0.005440666230835722,0.005425919270994526,0.11071363680541918,0.16320244521964283,0.04062580388164257,0.02907989365871222,14.520000457763672,-0.0189189006326147,-0.5547191878229468,0.26,0.030000000000000027
2019-12-06,112.84361267089844,113.46198424522166,112.51771706770388,112.55114945048788,10170600,13.619999885559082,1.53,1.57,1.84,0.0148801498142761,0.014770526521163422,0.11979122877490843,0.1650308213842749,0.12442020321286605,0.03876899314898541,13.619999885559082,-0.061983508528291376,-0.5979079733889442,0.31000000000000005,0.06000000000000005
2019-12-09,112.31720733642578,113.19462276128236,112.31720733642578,112.50104724451847,8498200,15.859999656677246,1.54,1.56,1.83,-0.004664910330440142,-0.004675824981777221,0.12195000049749773,0.16173875121021752,-0.05632543014301919,0.03090969810527744,15.859999656677246,0.16446400807192196,-0.6101389634830579,0.29000000000000004,0.0
2019-12-10,112.39240264892578,112.61802665567195,111.0386841098906,111.34786359085028,7532900,15.68000030517578,1.56,1.56,1.85,0.0006694905819262242,0.0006692665730822117,0.12054297193474052,0.1601561532574284,-0.15815930255818814,0.03525249266349029,15.68000030517578,-0.01134926578801565,-0.5981073805187772,0.29000000000000004,0.13000000000000012
2019-12-11,112.125,112.82693997182048,111.98294421125772,112.21691995162402,9011900,14.989999771118164,1.57,1.55,1.79,-0.0023791879399629456,-0.0023820227047745396,0.11824197052747655,0.15975319891952666,0.0076170297217897365,0.03886645989405668,14.989999771118164,-0.04400513524415273,-0.5863139688645559,0.21999999999999997,0.020000000000000018
2019-12-12,115.33380126953124,115.70983269246908,112.15004900422336,112.38402467852772,13717400,13.9399995803833,1.56,1.55,1.9,0.02861807152313256,0.02821622325269461,0.1474214781522651,0.1677209331898502,0.4864202989007941,0.07425298821060089,13.9399995803833,-0.07004671159221365,-0.5999463297371943,0.33999999999999986,0.09999999999999987
2019-12-13,114.32269287109376,116.01067132413,113.82967356449774,115.27531184939754,10592100,12.630000114440918,1.57,1.54,1.82,-0.008766800255499696,-0.008805454732066786,0.15366264559370593,0.1689265086882753,0.1347971349642674,0.0638413248553582,12.630000114440918,-0.09397413955347922,-0.46687579117701783,0.25,-0.020000000000000018
2019-12-16,114.76557159423828,116.01901823747124,114.74886815284592,115.6346350739489,11372000,12.140000343322754,1.57,1.54,1.89,0.0038739353668295617,0.0038664510022855354,0.1529330784832342,0.1684164641886735,0.21051676356016685,0.060294807791449356,12.140000343322754,-0.03879649775758176,-0.45754476957953477,0.31999999999999984,0.05999999999999983
2019-12-17,115.467529296875,115.87699323258606,114.67368209563452,115.09149775425814,11546800,12.289999961853027,1.56,1.53,1.89,0.006116448451270129,0.00609781890628243,0.15206613474761285,0.16847629867608588,0.21109142760648233,0.057878136025345084,12.289999961853027,0.012355816662952268,-0.47249892854795705,0.32999999999999985,0.039999999999999813
2019-12-18,115.35051727294922,116.16944497292238,115.08312193778688,115.44243720863112,10381500,12.579999923706056,1.56,1.54,1.92,-0.0010133760082883247,-0.0010138898209083296,0.15227931838349165,0.16543709738118073,0.0800494378936461,0.05712960438736925,12.579999923706056,0.023596416822877275,-0.472018328565631,0.3599999999999999,0.1299999999999999
2019-12-19,114.77394104003906,115.50093604439272,114.56503325711267,115.11654011349177,9350400,12.5,1.57,1.52,1.92,-0.004998471151592909,-0.005011005293662342,0.15047455026598527,0.1661022322329434,-0.014755901728476234,0.059554116238833554,12.5,-0.006359294450813402,-0.4787782667070631,0.34999999999999987,0.020000000000000018
2019-12-20,114.68201446533205,116.05244893195092,114.39789020645664,115.3338056902655,29992600,12.510000228881836,1.58,1.52,1.92,-0.0008009359430721785,-0.0008012568636339483,0.15103853757499552,0.16470617597138862,1.8282112006879907,0.05626117326944646,12.510000228881836,0.0008000183105467684,-0.47754075809772284,0.33999999999999986,0.09999999999999987
2019-12-23,114.64861297607422,115.24191681542696,114.38121758772957,114.9828731499074,9738400,12.609999656677246,1.59,1.53,1.93,-0.0002912530741071562,-0.0002912954965210502,0.15068214283806003,0.16469704049062905,-0.08844816030971646,0.04900996485341724,12.609999656677246,0.00799355922988254,-0.47013491143123504,0.33999999999999986,0.040000000000000036
2019-12-24,114.96613311767578,115.00791722458209,114.5316013571448,114.75722533386346,3324300,12.670000076293944,1.58,1.53,1.9,0.00276950704731016,0.0027656790288548773,0.15029141304058702,0.1645830351987402,-0.6786908316265727,0.04631533967660739,12.670000076293944,0.004758161875518141,-0.4659124838949659,0.31999999999999984,0.010000000000000009
2019-12-26,116.1861801147461,116.23632870757064,115.13328917844144,115.2252091392022,6770900,12.649999618530272,1.58,1.53,1.9,0.010612229566958842,0.010556315095701483,0.15307823837828916,0.15934312542172888,-0.333580705739696,0.055973456911512676,12.649999618530272,-0.0015785680854961681,-0.46793404657661436,0.31999999999999984,-0.020000000000000018
2019-12-27,116.26971435546876,116.79616604505104,115.87696670621196,116.40341839579426,7868200,13.43000030517578,1.57,1.51,1.88,0.000718968819184651,0.00071871048491861,0.1532389742772648,0.1518639457413891,-0.230353507021085,0.053611985470104484,13.43000030517578,0.061660135191065946,-0.46907310540445724,0.30999999999999983,-0.040000000000000036
2019-12-30,115.8435516357422,117.05521426597404,115.70984759014873,116.90479402700149,6963000,14.81999969482422,1.57,1.57,1.9,-0.003665294286555709,-0.0036720279365673866,0.15390885018999945,0.15224860467083032,-0.3230397392103686,0.05214037624101042,14.81999969482422,0.10349957990043746,-0.47650359320862784,0.32999999999999985,-0.020000000000000018
2019-12-31,116.4869613647461,116.55381337773898,115.55941040438606,115.74325025243708,7201600,13.779999732971191,1.55,1.59,1.92,0.005554126405127979,0.005538759120036527,0.153195210406152,0.14768275058833785,-0.29499651737129323,0.06031774714148819,13.779999732971191,-0.0701754374675353,-0.49475549939253366,0.3699999999999999,-0.010000000000000009
2020-01-02,117.89922332763672,117.90758780154351,116.37001643721484,116.81290002971312,10803700,12.470000267028809,1.54,1.56,1.88,0.01212377717080737,0.012050872843401507,0.14429011397062258,0.14832070014579377,0.05534719044104754,0.08714738892490836,12.470000267028809,-0.09506527513262342,-0.47373855824441147,0.33999999999999986,-0.020000000000000018
2020-01-03,116.34335327148438,117.09183900332124,115.28370320708147,115.63691989521575,10386800,14.020000457763672,1.52,1.55,1.8,-0.013196609886298005,-0.013284458871038879,0.14499106818308313,0.14247164525491174,0.014282945178157196,0.0520485941415596,14.020000457763672,0.12429832859211132,-0.5262492226177562,0.28,-0.09999999999999987
2020-01-06,116.2508544921875,116.2845015129349,114.7959352430351,114.84639294157772,10259000,13.850000381469728,1.56,1.54,1.81,-0.0007950499680117185,-0.0007953661878556968,0.14502871277281854,0.14256190508124322,-0.0014711729428763451,0.04552381681675133,13.850000381469728,-0.012125539995956669,-0.5189122945480212,0.25,-0.06999999999999984
2020-01-07,114.2745132446289,115.93968133309129,114.22405554991452,115.45190222988968,10531300,13.789999961853027,1.54,1.53,1.83,-0.017000659962386866,-0.017146830210970916,0.15247381516610392,0.14702569536688836,0.023236155710905884,0.012680386065834437,13.789999961853027,-0.004332160141813257,-0.429650232137159,0.29000000000000004,-0.06999999999999984
2020-01-08,115.16596221923828,115.70419899603492,114.03903097291044,114.12312284994236,9695300,13.449999809265137,1.54,1.55,1.87,0.007800943091317736,0.007770673056061862,0.15312875800840334,0.14456752992174174,-0.06343746935980035,0.025363476802620077,13.449999809265137,-0.024655558631502927,-0.4385182681131438,0.33000000000000007,-0.04999999999999982
2020-01-09,115.58648681640624,116.2508679785906,115.25008073279776,116.09949486540174,9469000,12.539999961853027,1.54,1.54,1.85,0.0036514660153441625,0.0036448155975799083,0.1533425966626587,0.14457605351253944,-0.09377240087627203,0.028419039830099857,12.539999961853027,-0.0676579821796911,-0.4387045665298322,0.31000000000000005,-0.029999999999999805
2020-01-10,114.4343032836914,115.42667215607004,114.2156361654825,115.39303797081033,10190900,12.5600004196167,1.54,1.53,1.83,-0.009968150814592347,-0.0100181654766224,0.15816124119295671,0.13573959208605232,-0.030154856981887673,0.02059579294262126,12.5600004196167,0.0015949328408704222,-0.4511727350749024,0.29000000000000004,0.030000000000000027
2020-01-13,115.38460540771484,115.38460540771484,114.17356956818428,114.53520438564932,12355200,12.31999969482422,1.57,1.53,1.85,0.008304346657903583,0.008270055285360154,0.12505219379014598,0.13596349284733128,0.18348795218230496,0.00044049652074562573,12.31999969482422,-0.01910833732279471,-0.39105072958240855,0.28,0.040000000000000036
2020-01-14,116.73020935058594,118.3785537875188,115.79670358130076,116.00695251282826,24906000,12.390000343322754,1.57,1.53,1.82,0.011661901846579559,0.011594425960675133,0.12690453887820696,0.13712093338035347,1.2326517019419838,0.021058955304759985,12.390000343322754,0.005681870960430491,-0.5119173041645477,0.25,-0.010000000000000009
2020-01-15,114.98092651367188,116.56200244510828,114.50155283262244,115.93125570640656,16293400,12.420000076293944,1.57,1.54,1.79,-0.014985690907657778,-0.015099110918262226,0.13862161412238513,0.14177479351489033,0.42906823407445477,0.0018764766858392345,12.420000076293944,0.0024212858869980813,-0.4628932605308134,0.21999999999999997,-0.08000000000000007
2020-01-16,115.42667388916016,115.97331602773536,115.0818625303284,115.59487048313888,10783800,12.31999969482422,1.55,1.54,1.81,0.00387670711137722,0.0038692120468983653,0.1375630416514633,0.1340093746748209,-0.05099458650308692,-0.0003538259453859105,12.31999969482422,-0.008051560455349271,-0.4784717257143303,0.26,-0.040000000000000036
2020-01-17,116.2255859375,116.30127245945764,115.48551855740196,115.6705257779959,14697700,12.100000381469728,1.56,1.56,1.84,0.006921381526656667,0.006897538719093957,0.13965375274178257,0.13335722638097827,0.26933282667225145,0.007586170268141457,12.100000381469728,-0.017857087565263163,-0.48319181724273946,0.28,0.010000000000000009
2020-01-21,115.08187103271484,116.11630518563538,114.95572678605552,115.37622471835796,8474200,12.850000381469728,1.56,1.54,1.78,-0.009840474414989697,-0.009889211880110164,0.14317938933092184,0.1354783813755363,-0.265365815176331,0.0026829260186191917,12.850000381469728,0.06198346912026298,-0.5271653767795647,0.21999999999999997,-0.07000000000000006
2020-01-22,114.9473114013672,115.55282946516932,114.695022901932,115.41827987633012,7549100,12.90999984741211,1.55,1.55,1.77,-0.0011692513350725076,-0.0011699354427293115,0.14321730468509253,0.13551441667957054,-0.2750374768680574,0.0023133264380819085,12.90999984741211,0.004669219000872804,-0.5275083538926636,0.21999999999999997,-0.050000000000000044
2020-01-23,114.82958221435548,114.99779167166106,113.29897624699778,114.13156686337284,9345700,12.979999542236328,1.55,1.55,1.74,-0.0010242013108130443,-0.0010247261633759721,0.14326859073193107,0.13495947326639798,-0.1008091149670634,0.0015784686232447331,12.979999542236328,0.005422129794854458,-0.5274945363742907,0.18999999999999995,-0.050000000000000044
2020-01-24,111.97858428955078,114.73704945375246,111.28056907661808,114.686591759572,15166400,14.5600004196167,1.54,1.55,1.7,-0.024828078878512905,-0.02514149417311204,0.16837433409931524,0.14542670044176384,0.38057595607324524,-0.025986338299010536,14.5600004196167,0.12172580378289855,-0.6378849490781167,0.15999999999999992,-0.1100000000000001
2020-01-27,111.0366668701172,111.80197607571016,109.08556342020316,109.55651898285218,12860500,18.229999542236328,1.55,1.53,1.61,-0.008411585352767093,-0.008447162383471844,0.16405849208227735,0.14666858111503653,0.13910136722279107,-0.04432121995527527,18.229999542236328,0.25206037203646203,-0.5714227597886655,0.06000000000000005,-0.22999999999999998
2020-01-28,113.05506896972656,113.50921392707716,111.4151295850241,111.7178886123983,13062800,16.280000686645508,1.57,1.53,1.65,0.018177797987851463,0.018014557090094602,0.17903661871589244,0.1501988211459029,0.13100087707374258,-0.027648174793946212,16.280000686645508,-0.10696647858234709,-0.6392084098076332,0.07999999999999985,-0.13000000000000012
2020-01-29,112.88687896728516,113.98858157140788,112.43274681593982,113.37465814174011,9326000,16.389999389648438,1.56,1.51,1.6,-0.001487682100184684,-0.001488789797938008,0.17883706933440838,0.14945583358773185,-0.20071443753471055,-0.025522980146136964,16.389999389648438,0.006756676803653994,-0.6485327570746924,0.040000000000000036,-0.16999999999999993
2020-01-30,114.2829132080078,114.4847568099499,111.59172934499789,111.59172934499789,9048900,15.489999771118164,1.57,1.48,1.57,0.012366665227118379,0.012290822662269205,0.1837952765053726,0.14447312165076726,-0.23055436156521716,-0.01892098592766056,15.489999771118164,-0.054911510191921864,-0.654724293808855,0.0,-0.16999999999999993
2020-01-31,111.314208984375,113.39146971877474,110.56572320620596,113.10553421533444,12785200,18.84000015258789,1.55,1.45,1.51,-0.025976798633312925,-0.02632015491829291,0.197722266881339,0.1543000915001701,0.0780682937359183,-0.055852906892883025,18.84000015258789,0.216268588183969,-0.7066352090512329,-0.040000000000000036,-0.18999999999999995
2020-02-03,112.16361236572266,112.8952874810996,111.56651249869196,111.56651249869196,10021100,17.969999313354492,1.57,1.46,1.54,0.007630682453727777,0.007601716058625701,0.19703475788979818,0.15494255089200465,-0.15370014969080087,-0.03592591057615813,17.969999313354492,-0.046178388120336256,-0.7013190818343827,-0.030000000000000027,-0.07000000000000006
2020-02-04,113.77828979492188,114.8800048172296,113.6016879040503,113.996956865148,9157100,16.049999237060547,1.57,1.48,1.61,0.014395733118280685,0.0142930983811347,0.20519522352600805,0.15743986128579696,-0.22305145605202112,-0.02126921740116583,16.049999237060547,-0.106844749563629,-0.7272007127244533,0.040000000000000036,-0.039999999999999813
2020-02-05,115.7126007080078,115.83033959822458,114.3838258998032,114.85479429324693,10150700,15.149999618530272,1.57,1.49,1.66,0.017000703003819062,0.016857808318710102,0.2053716571802156,0.16057067601823707,-0.13735504952430325,0.012584498700076274,15.149999618530272,-0.05607474525307854,-0.7768600180505076,0.08999999999999986,0.05999999999999983
2020-02-06,115.72941589355467,116.30128679560409,115.3089180540799,116.25924727771714,8992300,14.960000038146973,1.57,1.51,1.65,0.00014531853440313824,0.00014530797668772647,0.2036291835683723,0.16053357318661007,-0.2335106292299562,0.004892536505219924,14.960000038146973,-0.0125412267437226,-0.7738876173222619,0.07999999999999985,0.07999999999999985
2020-02-07,115.35939025878906,115.7798881511806,114.62772803245248,114.98935006027212,6379800,15.470000267028809,1.56,1.49,1.59,-0.0031973343329232407,-0.0032024567279286226,0.20356301881424965,0.16049490039390316,-0.44894077568767954,-0.0019647327630770706,15.470000267028809,0.03409092430356764,-0.7789041289644444,0.030000000000000027,0.08000000000000007
2020-02-10,115.83877563476562,115.93128569367391,115.00618510459094,115.17438171190278,5960700,15.039999961853027,1.58,1.45,1.56,0.004155581742423697,0.004146971159027579,0.20059596336930954,0.15997303621626777,-0.47555963796748674,0.012273176056242674,15.039999961853027,-0.02779575292524339,-0.799539782825641,-0.020000000000000018,0.020000000000000018
2020-02-11,116.05743408203124,116.7470568789682,115.872413957613,116.27608839608054,6578600,15.18000030517578,1.57,1.48,1.59,0.0018876101380338461,0.0018858308407451209,0.19863295905196598,0.15941059257227963,-0.40610273539767083,0.005831182348277064,15.18000030517578,0.009308533489218451,-0.7986535883781736,0.020000000000000018,-0.020000000000000018
2020-02-12,116.05743408203124,117.14231314559372,115.88923746871802,116.56203675454996,7958000,13.739999771118164,1.58,1.49,1.62,0.0,0.0,0.19409363356014256,0.15943119084060237,-0.22206146867912724,-0.005763506056380763,13.739999771118164,-0.09486169335363137,-0.7863056857344217,0.040000000000000036,-0.039999999999999813
2020-02-13,115.95651245117188,116.34336335775208,114.71182934784672,115.84717888373132,7447500,14.149999618530272,1.59,1.48,1.61,-0.0008695835097304316,-0.0008699618167995884,0.18610055587883179,0.15900815891412173,-0.2390652993852751,0.008484763230569348,14.149999618530272,0.02983987294337065,-0.8255572646124054,0.020000000000000018,-0.039999999999999813
2020-02-14,115.6032943725586,116.21721774560972,115.16597294051893,115.92286406715304,6627600,13.68000030517578,1.58,1.49,1.59,-0.0030461254063847143,-0.0030507742895014437,0.18602174397495902,0.1585124858011487,-0.30814724575773567,0.0015301531045417427,13.68000030517578,-0.03321550007245233,-0.8121991118968196,0.010000000000000009,0.0
2020-02-18,114.0726547241211,115.81352195970462,113.57647034750993,115.5023448286736,8996400,14.829999923706056,1.58,1.47,1.55,-0.013240450081851929,-0.013328886332329197,0.18999767618221633,0.16118018073675766,-0.03206544134497758,-0.018523728626643754,14.829999923706056,0.0840642977248458,-0.8179576211535714,-0.030000000000000027,-0.010000000000000009
2020-02-19,115.6285400390625,116.38543127578392,114.66138697816284,115.14076083864512,7071200,14.380000114440918,1.58,1.47,1.56,0.013639424090762464,0.013547244385565755,0.19352810604725804,0.162395856955954,-0.23341442367317558,0.004750261717523241,14.380000114440918,-0.03034388479974326,-0.8095535248771264,-0.020000000000000018,-0.030000000000000027
2020-02-20,115.6285400390625,116.36020242339856,114.82117826499028,115.3594151701784,7422800,15.5600004196167,1.58,1.46,1.52,0.0,0.0,0.1934598476498602,0.16239055529085578,-0.19474634585833206,0.005926442553463529,15.5600004196167,0.08205843503372323,-0.8003039164323548,-0.06000000000000005,-0.10000000000000009
2020-02-21,114.21565246582033,115.14915843907582,113.46716661934188,114.83799405885038,9772800,17.079999923706055,1.56,1.43,1.46,-0.012219194091397045,-0.012294462215844529,0.1985488831329689,0.1642385992471509,0.05774018001324773,-0.00534644241227944,17.079999923706055,0.09768634081610128,-0.8091653521717991,-0.10000000000000009,-0.15000000000000013
2020-02-24,111.14599609375,112.02062598566172,110.00224141504935,110.54047815605108,13618400,25.030000686645508,1.53,1.35,1.38,-0.0268759693246855,-0.027243732489101787,0.20214945634730738,0.17364221613470168,0.48641332821068073,-0.007435244882609826,25.030000686645508,0.46545672122078363,-0.8427977159950915,-0.15000000000000013,-0.2100000000000002
2020-02-25,106.18413543701172,111.20487515926854,105.62066335376448,110.1704538800812,20797200,27.850000381469727,1.53,1.3,1.33,-0.04464272966300131,-0.045669903396338835,0.25747669085381136,0.19741225405465793,1.1757226751810252,-0.0437020632002727,27.850000381469727,0.11266478695419302,-0.7554216394692139,-0.19999999999999996,-0.21999999999999997
2020-02-26,106.50371551513672,108.44641390432542,106.25141418986762,106.74760508521972,24825600,27.559999465942383,1.53,1.26,1.33,0.0030096782048441018,0.0030051581903175802,0.2471251562158606,0.1974159378004176,1.446620370073801,-0.05794833893157092,27.559999465942383,-0.010412959122266252,-0.7395833334151602,-0.19999999999999996,-0.22999999999999998
2020-02-27,102.07164764404295,105.6458792718774,102.01277820329486,103.36678175678928,23005500,39.15999984741211,1.45,1.18,1.3,-0.041614208947141074,-0.04250487742695265,0.2839726143409015,0.21528809172366448,1.1240675956779096,-0.09580592024673196,39.15999984741211,0.4208998768597427,-0.8085659057651257,-0.1499999999999999,-0.21999999999999997
2020-02-28,97.64801788330078,103.94707916419183,99.13658218825124,98.83381856450109,45931400,40.11000061035156,1.27,0.97,1.13,-0.04333847706827276,-0.044305635637452115,0.30820159898468613,0.2326635733531458,2.6237805222013892,-0.14555890165688745,40.11000061035156,0.024259467993900774,-0.6972890641780083,-0.14000000000000012,-0.33000000000000007
2020-03-02,102.19781494140624,102.24827905650628,96.2603861732076,98.08534566480844,27355400,33.41999816894531,1.13,0.89,1.1,0.046593849590914616,0.045540938377375814,0.35337822428664994,0.2510247668067845,1.0409139251263009,-0.08189784687998292,33.41999816894531,-0.16679138218910172,-0.7118848319715846,-0.029999999999999805,-0.2799999999999998
2020-03-03,98.36287689208984,103.40044039302924,97.75735883473226,101.7352721515852,32547700,36.81999969482422,0.95,0.73,1.02,-0.037524657953940666,-0.038246831801805915,0.37002886601477225,0.2586614028564576,1.2400598492687631,-0.12304111094990322,36.81999969482422,0.10173553896356191,-0.6950259125102988,0.07000000000000006,-0.31000000000000005
2020-03-04,100.79334259033205,101.07928449098247,96.4622130555183,99.51503183245724,25795900,31.989999771118164,0.72,0.59,1.02,0.024709176622686346,0.024408842207156056,0.37921966961422016,0.2638477908174548,0.6792265216747414,-0.11412499896064854,31.989999771118164,-0.13117870623950623,-0.7047476427383417,0.30000000000000004,-0.31000000000000005
2020-03-05,95.84831237792967,97.91716170821402,94.6793284850002,97.2780029701155,25025600,39.619998931884766,0.62,0.48,0.92,-0.04906107968361684,-0.050305445296028595,0.3997706115952053,0.2797887061314054,0.5538523437926872,-0.17166918908169893,39.619998931884766,0.23851201048320303,-0.7213776058233569,0.30000000000000004,-0.38
2020-03-06,90.89483642578124,93.67012947108512,89.6333506397447,92.60486709434744,38159400,41.93999862670898,0.45,0.39,0.74,-0.05168036691785338,-0.053063667856229284,0.42660614831380944,0.29820079846230874,1.1726071268441616,-0.21459176369312816,41.93999862670898,0.05855627858074364,-0.6698330748549608,0.29,-0.3899999999999999
2020-03-09,87.49721527099608,89.42309723395624,84.58737279448923,87.9317312185794,40352000,54.459999084472656,0.33,0.31,0.54,-0.037379693813074044,-0.038096227190264995,0.4348786140073297,0.30634247298948647,1.0948491329130172,-0.24152498487803165,54.459999084472656,0.29852171835290586,-0.686766466366177,0.21000000000000002,-0.56
2020-03-10,84.09959411621094,85.17606499682735,79.54139494923373,83.25859534281136,31102700,47.29999923706055,0.44,0.43,0.76,-0.03883119187578765,-0.03960522661992929,0.43861622577161796,0.3147944678722373,0.5157567757827461,-0.27399444913529536,47.29999923706055,-0.13147263987842284,-0.5841128447929119,0.32,-0.26
2020-03-11,80.70197296142578,84.1416498343842,79.51617197358185,82.16530416082749,38127000,53.900001525878906,0.42,0.4,0.82,-0.04039997089748426,-0.041238717688840874,0.4419787457510532,0.3158659296428842,0.7254374518175654,-0.3046376253296764,53.900001525878906,0.13953493436099507,-0.5833490439644986,0.39999999999999997,-0.20000000000000007
2020-03-12,79.20780181884766,81.5429518446184,78.03391221929556,80.47826553326009,49725200,75.47000122070312,0.33,0.39,0.88,-0.018514679229618247,-0.018688221291489854,0.43673822610409174,0.31689503721282297,1.056003703065883,-0.3175120366450431,75.47000122070312,0.40018551176604067,-0.5257979886758558,0.55,-0.040000000000000036
2020-03-13,77.71363067626953,81.6775123342457,76.55165246500927,78.79122690569268,38543300,57.83000183105469,0.28,0.38,0.94,-0.0188639390093841,-0.019044132815432685,0.43140842083037456,0.31729068958005896,0.4973996854331297,-0.329803656271622,57.83000183105469,-0.2337352471753954,-0.48105027550470886,0.6599999999999999,0.19999999999999996
2020-03-16,76.2194595336914,81.81207282387301,75.06939271072298,77.10418827812526,38589700,82.69000244140625,0.24,0.29,0.73,-0.019226628965546166,-0.01941386441911776,0.4267622587257523,0.3172727431946571,0.41156386690301433,-0.3406809040574881,82.69000244140625,0.4298806817087415,-0.43505976481418224,0.49,0.18999999999999995
2020-03-17,74.72528839111328,81.94663331350031,73.58713295643669,75.41714965055786,35239800,75.91000366210938,0.19,0.3,1.02,-0.01960353893506228,-0.019798237019580518,0.42587153548039447,0.3181128694050548,0.22999201059111504,-0.3449325031329148,75.91000366210938,-0.08199296866753814,-0.4265456787209787,0.8300000000000001,0.26
2020-03-18,73.23111724853516,78.02338781176155,69.13406231835302,73.73011102299046,41525600,76.44999694824219,0.02,0.21,1.18,-0.019995521927698823,-0.02019813786642759,0.4057772169395256,0.3191799999490213,0.3671812110367216,-0.36666918717649055,76.44999694824219,0.00711359847295534,-0.40443237921956504,1.16,0.36
2020-03-19,71.73694610595703,74.10014231002278,64.68099168026936,73.1540309856536,32175100,72.0,0.04,0.2,1.12,-0.020403500570763344,-0.020614527380051234,0.3968893034117689,0.319988625849402,0.017852620776498133,-0.37959135277741707,72.0,-0.05820794147650399,-0.40629719723024715,1.08,0.2400000000000001
2020-03-20,70.22315979003906,75.2354947368344,65.17717563615622,72.57795094831674,30150800,66.04000091552734,0.05,0.15,0.92,-0.021101906313130137,-0.021327734119989238,0.3946844716195186,0.3207780625205189,-0.07596967360835608,-0.3851704361531907,66.04000091552734,-0.0827777650621202,-0.4057871066146236,0.87,-0.019999999999999907
2020-03-23,66.46389770507812,77.15086541308395,65.67335959204307,69.53353368871103,32536600,61.59000015258789,0.02,0.17,0.76,-0.05353308076994534,-0.05501925957212102,0.409451167425693,0.3339532271802947,-0.030944369530529262,-0.4020126676536615,61.59000015258789,-0.06738341461611286,-0.3709054877336635,0.74,0.030000000000000027
2020-03-24,71.80422592163086,79.06623608933349,68.38557567958975,71.40052641992521,34363200,61.66999816894531,0.01,0.25,0.84,0.08034930843582933,0.07728442257959159,0.5413243514918069,0.3760971507902503,0.0031916097083906567,-0.3237763284871775,61.66999816894531,0.0012988799506288284,-0.3133976479105744,0.83,-0.18000000000000005
2020-03-25,77.1445541381836,80.98160676558302,71.09779176713643,75.05046979781439,38111700,63.95000076293945,0.0,0.19,0.88,0.07437345292714825,0.07173765717920877,0.6274556019030127,0.40979823796343956,0.09145722944322986,-0.27566325958628635,63.95000076293945,0.03697101770212585,-0.2740202453947057,0.88,-0.29999999999999993
2020-03-26,77.64073689778645,82.89697744183258,73.62498252839256,79.12090710827121,29826300,61.0,0.0,0.13,0.83,0.006431857247033657,0.0064112611202683375,0.624195476111334,0.4106510118043681,-0.1540850875317151,-0.23935060626683557,61.0,-0.0461298002774857,-0.24211188823426302,0.83,-0.29000000000000015
2020-03-27,78.13691965738933,79.76003967426142,76.15217328964872,78.37240171846678,30041500,65.54000091552734,0.03,0.11,0.72,0.00639075283708479,0.0063704185643981386,0.6170963775437677,0.41076013387132093,-0.12834064394826886,-0.1998104892331679,65.54000091552734,0.07442624451684177,-0.24313484030213792,0.69,-0.20000000000000007
2020-03-30,78.63310241699219,79.12928682836122,75.10092284285119,76.2362658190902,21656900,57.08000183105469,0.12,0.14,0.7,0.00635017046715558,0.006330093086374781,0.5841402516251492,0.40981360495736346,-0.366383068362015,-0.23057941637915214,57.08000183105469,-0.1290814611885116,-0.18956118862965246,0.58,-0.06000000000000005
2020-03-31,75.71485137939453,79.1965735025553,75.1345622201048,77.41366650045273,23379300,53.540000915527344,0.11,0.17,0.7,-0.03711224596127649,-0.03781843260810561,0.58389763477474,0.4145414185930154,-0.3066920748794978,-0.2302497266071386,53.540000915527344,-0.06201823409195106,-0.15711508259632828,0.59,-0.14
2020-04-01,74.65520095825195,76.56426183581974,72.45178948702164,73.82261677519637,28029600,57.060001373291016,0.09,0.16,0.62,-0.013995278361346175,-0.014094135710791034,0.5668528913859029,0.41456531518492756,-0.17153234565062314,-0.25932408788462213,57.060001373291016,0.06574524463152964,-0.11291179603922961,0.53,-0.26
2020-04-02,73.59555053710938,73.93195016908417,69.76901675393847,70.23156704993998,24018000,50.90999984741211,0.09,0.14,0.63,-0.014193926311110605,-0.014295623552228154,0.5513128395834259,0.41431955160330214,-0.28904407686955613,-0.23216644392316177,50.90999984741211,-0.10778130700777788,-0.0549230516938405,0.54,-0.19999999999999996
2020-04-03,71.42024230957031,74.33483414803463,70.33257586641446,73.0772232672107,21199400,46.79999923706055,0.1,0.15,0.62,-0.02955760520389339,-0.030003234346873645,0.5350392113962004,0.4156677662883707,-0.356319940512563,-0.2142541301794696,46.79999923706055,-0.0807307134682792,-0.027685064952623552,0.52,-0.09999999999999998
2020-04-06,74.22010040283203,77.31738165037291,73.56580075431118,75.61791174234779,26820800,45.2400016784668,0.15,0.2,0.67,0.03920258462755921,0.03845367350314521,0.554278615721095,0.4258172147131618,-0.16855675895607697,-0.15174328493818023,45.2400016784668,-0.033333281709936435,0.024654998824475263,0.52,-0.029999999999999916
2020-04-07,77.01995849609375,80.29993520401645,76.79902564220791,76.93925168916542,22563800,46.70000076293945,0.14,0.2,0.75,0.03772371740357938,0.03702958111000931,0.563417791036714,0.43538249385809835,-0.2911415787916125,-0.08418156703984048,46.70000076293945,0.032272303941305536,-0.006364727892513186,0.61,0.050000000000000044
2020-04-08,80.13001251220703,80.60586203420857,76.94350628531062,78.26059163598303,22903300,43.34999847412109,0.22,0.23,0.77,0.04037984539125672,0.039585882423998076,0.566358896060401,0.4445834034821836,-0.2628482881957335,-0.007087316805651556,43.34999847412109,-0.07173452321390295,0.011588271380909421,0.55,0.15000000000000002
2020-04-09,81.78275299072266,84.11102536801289,79.81136800836575,82.35630834153528,42055900,41.66999816894531,0.25,0.25,0.73,0.020625735934633127,0.02041590580504718,0.5665803425892657,0.44644472836860943,0.3705003465689995,0.03250880737435491,41.66999816894531,-0.03875433366344161,0.10055132924088213,0.48,0.09999999999999998
2020-04-13,83.43549346923828,87.61618870181721,82.67922973142088,84.09826963083425,26911900,41.16999816894531,0.26,0.27,0.76,0.02020891224709831,0.020007422252788717,0.5646626354392567,0.4491542115988258,-0.106064249877761,0.07362753153052681,41.16999816894531,-0.011999040604053213,0.05140627065005647,0.5,0.14
2020-04-14,81.14969635009766,86.67297411214618,79.56918865647435,85.84023092013322,46151300,37.7599983215332,0.2,0.25,0.76,-0.027395980105078044,-0.02777824787795176,0.5699307324281753,0.45105996091670325,0.5139992599163338,0.06468475172310728,37.7599983215332,-0.08282730141057637,0.4177529015984724,0.56,0.08999999999999997
2020-04-15,77.1474380493164,81.81673650930007,76.58660986205513,81.25591151879985,30118600,40.84000015258789,0.14,0.19,0.63,-0.04931944888018591,-0.05057718125797032,0.596221927002588,0.4594121255640921,-0.003585538482508011,0.032414055674506725,40.84000015258789,0.08156784872784995,0.21112777378061623,0.49,-0.12
2020-04-16,74.20735931396484,76.96049890645396,73.96943455057195,76.67159211746647,32449600,40.11000061035156,0.14,0.17,0.61,-0.0381098687097311,-0.038855043476707776,0.6088117873794149,0.4640477176302945,0.08989365596822375,0.013330973254394918,40.11000061035156,-0.01787462143753371,0.21614738210850173,0.47,-0.16000000000000003
2020-04-17,76.06828308105469,78.71945555355211,77.2918798004581,78.17560480666282,30191900,38.150001525878906,0.12,0.16,0.65,0.02507734791122851,0.024768071120113335,0.6090886145664931,0.4685371859395089,0.017452303395360656,0.060378050784322124,38.150001525878906,-0.048865595977249154,0.19276208940590212,0.53,-0.07999999999999996
2020-04-20,77.92920684814453,80.47841220065027,76.86703795126715,78.57500735267604,23679400,43.83000183105469,0.12,0.15,0.63,0.02446385920274996,0.024169411552136227,0.6064596503486624,0.47270850723861974,-0.19321850261239606,0.1097365467624336,43.83000183105469,0.14888597845331075,0.20116216210672921,0.51,-0.13
2020-04-21,75.66888427734375,77.64876137526849,75.05707420230911,75.30349806491816,23035000,45.40999984741211,0.11,0.17,0.58,-0.029004819402375315,-0.029433774042342025,0.578936258739004,0.4735141635844687,-0.20226130435731213,0.13849603905433194,45.40999984741211,0.03604832193362939,0.11148343103835996,0.47,-0.18000000000000005
2020-04-22,75.91533660888672,78.06517202428162,75.77938235348584,77.06248426921155,16662400,41.97999954223633,0.12,0.16,0.63,0.0032569838170160015,0.0032516913337983636,0.5149656584306994,0.4739189056919046,-0.40470869761092493,0.0572544391989247,41.97999954223633,-0.07553403031714068,0.10006507698646278,0.51,0.0
2020-04-23,75.95780944824219,77.56380804401839,75.84734623455678,76.25521539505937,16638800,41.380001068115234,0.11,0.17,0.61,0.0005594764016432219,0.0005593199530713603,0.4459079969896855,0.4714315576512651,-0.381840668715334,-0.015383389057063934,41.380001068115234,-0.014292484055828392,0.013630946824846078,0.5,0.0
2020-04-24,77.07943725585938,77.41083328482677,75.19302510145324,77.01995608355655,15809200,35.93000030517578,0.12,0.18,0.6,0.014766458060924803,0.014658495438482255,0.4486235792569376,0.47334102043440623,-0.3969597758300996,-0.007229447637340458,35.93000030517578,-0.13170615326877966,-0.023793841576690015,0.48,-0.050000000000000044
2020-04-27,80.40191650390625,81.26014406309918,77.78473152330993,78.12462677116028,22870200,33.290000915527344,0.12,0.17,0.67,0.04310461215509598,0.04220147027480464,0.47311677798268703,0.48225973997001387,-0.11552130513416635,0.028987536960099813,33.290000915527344,-0.07347618611815432,-0.08420419222911679,0.55,0.040000000000000036
2020-04-28,80.97122955322266,83.57991511969986,80.75029669085751,81.15817825054285,20238900,33.56999969482422,0.11,0.16,0.62,0.007080839289306473,0.007055887862242763,0.4732235059452388,0.4810611897207983,-0.21513171786717517,0.029734641828467634,33.56999969482422,0.00841089731440281,-0.07193834117797208,0.51,0.040000000000000036
2020-04-29,83.1550521850586,84.50612747247649,82.65370525696754,84.1917297299254,20462600,31.229999542236328,0.1,0.18,0.63,0.026970352851076518,0.026613062809269745,0.4572830088223849,0.4848029045842974,-0.20194317356154495,0.09826606894309875,31.229999542236328,-0.06970509901281496,-0.1424197007232264,0.53,0.0
2020-04-30,81.37062072753906,82.28832954761835,80.34244221472716,81.23466002354914,19127600,34.150001525878906,0.09,0.16,0.64,-0.021459086497214175,-0.021692680549212726,0.4621912215464448,0.4842993043630934,-0.24083057919630663,0.08995247059936862,34.150001525878906,0.0934999047852525,-0.17187905180130122,0.55,0.030000000000000027
2020-05-01,79.23778533935547,79.65415365620386,78.03965592910423,79.45021908021165,18547700,37.18999862670898,0.12,0.17,0.64,-0.026211369276942897,-0.026561010467991763,0.47071077738209033,0.4838788576256746,-0.2557674640973617,0.07666543372620183,37.18999862670898,0.08901894480228223,-0.2859795508212029,0.52,0.040000000000000036
2020-05-04,78.29457092285156,78.74492936966685,77.15592930131574,78.1926004039082,15725900,35.970001220703125,0.13,0.16,0.64,-0.011903593878404783,-0.011975008948450537,0.45776560252184595,0.4838256731776517,-0.3619869004845782,0.09625182428651735,35.970001220703125,-0.03280444880494504,-0.3514273663221811,0.51,-0.030000000000000027
2020-05-05,78.17559814453125,80.05351119156947,78.09062596487954,79.57766179915052,18064100,33.61000061035156,0.13,0.16,0.66,-0.0015195533600604882,-0.0015207090521731183,0.44020511524352185,0.48388709386695433,-0.25387039167663655,0.053294157785163554,33.61000061035156,-0.06561024548960048,-0.3332618634161774,0.53,0.040000000000000036
2020-05-06,76.70557403564453,78.82141881029622,76.41666725334966,78.3115791172701,20978000,34.119998931884766,0.12,0.16,0.72,-0.018804129981441653,-0.018983175719422724,0.42679094004973706,0.48403824216747443,-0.13066594726352262,-0.004081857048328086,34.119998931884766,0.015174005125609291,-0.4058023860138034,0.6,0.08999999999999997
2020-05-07,77.50432586669922,78.94887920605416,76.96899516925221,77.61478907897653,16771900,31.440000534057617,0.11,0.15,0.63,0.010413217567259325,0.010359373488038944,0.4025728801997186,0.4850035024309376,-0.29602433120968313,-0.032767830219767036,31.440000534057617,-0.07854626265309517,-0.38107720966363856,0.52,-0.010000000000000009
2020-05-08,78.77042388916016,79.94306221889974,78.26908340201166,78.85540256688145,20487800,27.979999542236328,0.12,0.15,0.69,0.01633583684913953,0.01620384261717114,0.39977651509408285,0.48709610751996263,-0.0992845379479771,-0.03683330520683514,27.979999542236328,-0.11005092026233321,-0.4010332102514135,0.57,0.04999999999999993
2020-05-11,76.45066833496094,77.4193658347673,75.90683838710348,77.4193658347673,31907600,27.56999969482422,0.12,0.16,0.73,-0.029449575610554057,-0.029891920598174453,0.40277547353014825,0.48930003430747304,0.3875327911358208,-0.08371527324702133,27.56999969482422,-0.01465331858898733,-0.4031393098245375,0.61,0.08999999999999997
2020-05-12,73.95243072509766,77.14743591188332,73.84196751686271,76.60360606940445,27962900,33.040000915527344,0.13,0.16,0.69,-0.03267777331805011,-0.033223615992963,0.40740975922526906,0.4921737883534118,0.26606269303359675,-0.0886912206541034,33.040000915527344,0.1984041088593127,-0.5217681885480282,0.5599999999999999,0.029999999999999916
2020-05-13,71.40325164794922,73.80800394882323,70.86792077710784,73.40012817844497,35451600,35.279998779296875,0.13,0.15,0.64,-0.034470524527103974,-0.03507864886604741,0.3874598728027368,0.4952927618855855,0.5859774604524507,-0.0744572541436207,35.279998779296875,0.0677965436349861,-0.5095583562367073,0.51,-0.07999999999999996
2020-05-14,74.3687973022461,74.87014427589257,70.01815866349595,70.29007357841785,35152500,32.61000061035156,0.12,0.15,0.63,0.0415323614240759,0.040693053174789995,0.3950082020377267,0.5033507576376633,0.5631461693413908,0.002175498357221084,32.61000061035156,-0.07568022282676867,-0.5734369684366438,0.51,0.0
2020-05-15,72.99223327636719,74.16486516988216,72.48239360453299,73.79947888319107,26099000,31.88999938964844,0.12,0.15,0.64,-0.01850996756454648,-0.018683420757378125,0.38909901900047583,0.5036408376207712,0.17121719933287424,-0.04043800753869797,31.88999938964844,-0.022079153855476097,-0.5513084509603109,0.52,-0.04999999999999993
2020-05-18,76.85851287841797,77.45333114995455,74.67469462184901,75.36298424344189,30504400,29.299999237060547,0.13,0.17,0.73,0.052968369763561896,0.05161319448944008,0.42424672237279454,0.5179590100208594,0.3482664347098916,-0.013739315630569071,29.299999237060547,-0.08121668868481113,-0.7320082379763736,0.6,0.0
2020-05-19,75.34600067138672,77.49582917775825,75.2780203156764,76.5186391170174,19597300,30.530000686645508,0.13,0.16,0.7,-0.01967917606503633,-0.019875389529623873,0.41695196685133773,0.516923893209725,-0.1271864542052695,-0.004267059162304965,30.530000686645508,0.04197957275129127,-0.7332911671710728,0.57,0.010000000000000009
2020-05-20,77.60628509521484,78.50700195805506,76.79054042044142,77.07944715646096,20552400,27.989999771118164,0.12,0.16,0.68,0.029998731235730824,0.029557570430815652,0.4301003990216859,0.5155522107158748,-0.09250990836965814,0.022274135396907147,27.989999771118164,-0.08319688366854172,-0.7504683744521241,0.56,0.040000000000000036
2020-05-21,76.62059783935547,77.97167976254767,76.19573037015691,76.70557003660255,14621400,29.530000686645508,0.12,0.16,0.68,-0.012701126650374261,-0.012782475508273163,0.4329215565848125,0.5154909498732463,-0.35150454723872504,0.008725743882397108,29.530000686645508,0.055019683033953104,-0.7537474424208463,0.56,0.050000000000000044
2020-05-22,76.02580261230469,76.78206635433341,75.38850126904691,76.48466035740603,13557900,28.15999984741211,0.12,0.17,0.66,-0.007762863300777689,-0.007793151172987839,0.43046618844336276,0.5097209239312109,-0.3956562079532105,-0.013669464659650132,28.15999984741211,-0.04639352547841158,-0.7491696356372362,0.54,0.020000000000000018
2020-05-26,81.08171844482422,81.97393957198068,78.69395938137478,78.93188414565084,41233900,28.01000022888184,0.14,0.17,0.69,0.06650263014390378,0.06438472507147226,0.46555295102950645,0.5223549981585307,0.765734123492063,0.00845504647746731,28.01000022888184,-0.005326691027807473,-0.6348345469932639,0.5499999999999999,-0.040000000000000036
2020-05-27,86.13763427734375,87.16581278962795,81.57880241655347,83.20179587332917,39402000,27.6200008392334,0.15,0.18,0.68,0.062355805100012374,0.060488899759565964,0.5119744547080415,0.5291540644963584,0.6207861442159074,0.06380543746992506,27.6200008392334,-0.013923576810481508,-0.5872111682804071,0.53,-0.019999999999999907
2020-05-28,84.85452270507812,87.48020028178112,84.46364545173216,87.47170760100751,24713900,28.59000015258789,0.15,0.17,0.7,-0.014896062366123175,-0.015008122936454154,0.5079145763205634,0.5246382617769854,0.007784939764686117,0.020437369412473316,28.59000015258789,0.03511945271111783,-0.5794341631448897,0.5499999999999999,0.019999999999999907
2020-05-29,82.68771362304688,84.27672046163589,82.23735509481162,83.83486109892313,26526400,27.51000022888184,0.14,0.17,0.65,-0.02553557562938924,-0.02586726724722214,0.5105986544479416,0.5237567553703508,0.06561983663634614,0.016186344453706036,27.51000022888184,-0.037775443089960725,-0.5315791720318849,0.51,-0.030000000000000027
2020-06-01,83.78385925292969,84.55712111830216,82.74718164496176,83.06158588961256,15176800,28.229999542236328,0.14,0.17,0.66,0.013256451071798514,0.013169353218866656,0.5017582534181741,0.5155149021324681,-0.38616066688817535,0.05737255141728825,28.229999542236328,0.026172275803857836,-0.4900677896706568,0.52,0.0
2020-06-02,84.06427001953125,85.33037314661163,83.2145351589206,85.21141078476315,21195000,26.84000015258789,0.15,0.17,0.68,0.0033468351673207053,0.003341246979526413,0.49871698107897167,0.5046092849775642,-0.15212674375066007,0.07369219894397183,26.84000015258789,-0.0492383780442075,-0.49798175242521653,0.53,-0.009999999999999898
2020-06-03,88.60187530517578,89.15420441228453,85.8742264342761,86.3160923131488,25941100,25.65999984741211,0.16,0.17,0.77,0.05397781107943089,0.052571397790770066,0.5275438163383986,0.5105481419805946,0.021637393966293696,0.1333699697617714,25.65999984741211,-0.04396424360906748,-0.5181528322018039,0.61,0.08999999999999997
2020-06-04,90.44580078125,90.5902541838142,87.34426655268182,88.21949261675955,26784700,25.809999465942383,0.15,0.17,0.82,0.020811359463025925,0.020597761547085813,0.5210938336355915,0.5053773999563297,0.04293567193396938,0.1791294429166319,25.809999465942383,0.005845659369534406,-0.5050214453355925,0.6699999999999999,0.12
2020-06-05,94.51600646972656,93.81074903413982,91.2318033222941,92.2939721118727,42231000,24.520000457763672,0.15,0.18,0.91,0.04500159933705117,0.04401841588168084,0.5363833074305924,0.5049931212687462,0.5667234774427583,0.21949330457097282,24.520000457763672,-0.049980590270097824,-0.528293022797109,0.76,0.26
2020-06-08,96.40243530273438,97.03124388446544,95.1193400919064,96.36845160698584,24881800,25.809999465942383,0.17,0.19,0.88,0.019958829233988284,0.019762262985461968,0.5370843266871663,0.5042065275818234,-0.0843756025829927,0.22384050437997716,25.809999465942383,0.0526100727608374,-0.5238883548483734,0.71,0.21999999999999997
2020-06-09,93.9297103881836,94.85591845308568,92.62961683794514,94.02318175951768,17031100,27.56999969482422,0.19,0.19,0.84,-0.025650025404292287,-0.025984723045060387,0.5333920274120663,0.5057170974727654,-0.3556356765605956,0.22863164487509757,27.56999969482422,0.06819063406817372,-0.5835856359927424,0.6499999999999999,0.15999999999999992
2020-06-10,90.12288665771484,93.90421107227657,89.94444309629861,93.8617217316218,24913300,27.56999969482422,0.17,0.18,0.75,-0.04052843040541998,-0.04137259441153825,0.5429096310777745,0.5118682433485324,-0.051946705228158134,0.21866023569566484,27.56999969482422,0.0,-0.5200459324901614,0.58,-0.020000000000000018
2020-06-11,87.49296188354492,89.91895480901226,86.32457625971966,89.71926656595605,36259200,40.790000915527344,0.17,0.19,0.66,-0.029181541689386026,-0.02961579180548636,0.5372251398561059,0.5141094243487759,0.37769434762396625,0.22533581964761717,40.790000915527344,0.47950675977645907,-0.4268595344436413,0.49,-0.15999999999999992
2020-06-12,84.863037109375,85.93369854574796,82.7047094231407,85.5768114002903,24856800,36.09000015258789,0.16,0.18,0.71,-0.03005870092351437,-0.030519725731894924,0.5429850945385787,0.5164965012769598,-0.036706367276043185,0.14111079092053513,36.09000015258789,-0.11522433580407998,-0.3183451809370751,0.5499999999999999,-0.20000000000000007
2020-06-15,86.0356674194336,86.18861997638668,81.46409552400115,81.93144587699531,22153600,34.400001525878906,0.18,0.17,0.71,0.013817915903095335,0.013723318929057307,0.5350988474412162,0.5147361637157419,-0.13485142560345534,0.17869619215075438,34.400001525878906,-0.046827337754605125,-0.3368671028024259,0.53,-0.17000000000000004
2020-06-16,86.72395324707031,89.79999632426723,84.38718196415387,84.52737853104921,22193600,33.66999816894531,0.17,0.18,0.75,0.008000005675335098,0.007968175279469613,0.5099948748013542,0.5123109110439058,-0.11899253547673072,0.12835846023014286,33.66999816894531,-0.021221026876537152,-0.302285532053029,0.58,-0.08999999999999997
2020-06-17,84.53162384033203,87.13181034864253,84.3021918055033,87.12331118510309,15639800,33.470001220703125,0.17,0.19,0.74,-0.02527939888178865,-0.025604412006980038,0.5142435312380091,0.5013858369766403,-0.3742399208427384,0.12191255125812717,33.470001220703125,-0.005939915625735037,-0.2822154975692077,0.57,-0.010000000000000009
2020-06-18,84.07276153564453,85.41533756622975,83.38447195274601,83.84332951369105,16591900,32.939998626708984,0.16,0.19,0.71,-0.005428291612547542,-0.005443078322789549,0.507720140209724,0.4778577968828037,-0.33084387903171814,0.0833241332515271,32.939998626708984,-0.01583515311216377,-0.25379727547641623,0.5499999999999999,0.04999999999999993
2020-06-19,83.1125717163086,85.48333295716662,82.19486291578536,85.42385177117934,40371200,35.119998931884766,0.15,0.18,0.7,-0.011420938265824021,-0.011486658048141573,0.5071725256000119,0.456406436716467,0.5478122513922037,0.08472883349937255,35.119998931884766,0.06618094705711841,-0.25529078241273406,0.5499999999999999,-0.010000000000000009
2020-06-22,82.21185302734375,83.23153233217215,82.03340947314693,82.6367204848494,16216900,31.770000457763672,0.16,0.17,0.71,-0.010837333875786004,-0.010896485530914797,0.5082534842823655,0.4569471477789112,-0.38140503591359376,0.08136777518265692,31.770000457763672,-0.095387203189226,-0.2383222256055682,0.5499999999999999,0.0
2020-06-23,83.21454620361328,84.94800632728891,83.14656584983071,84.09827135389673,15381400,31.3700008392334,0.16,0.18,0.72,0.012196455125954131,0.012122677643865837,0.4570566835674065,0.4573902556777704,-0.3828450141084116,0.026304668915477558,31.3700008392334,-0.0125904819882533,-0.25313077347890917,0.5599999999999999,-0.030000000000000027
2020-06-24,80.43589782714844,82.28831343405024,80.13848546615007,82.2118404152531,22919800,33.84000015258789,0.15,0.17,0.69,-0.03339137810913395,-0.033961599798327524,0.41594038930847305,0.46282463438350824,-0.048930109654086805,-0.06619332534530731,33.84000015258789,0.07873762343880286,-0.2845081519312427,0.5399999999999999,-0.050000000000000044
2020-06-25,83.24003601074219,83.45246975101551,80.09601924788235,80.17249228255838,25743600,32.220001220703125,0.16,0.17,0.68,0.03486177514447175,0.03426786721360749,0.43411912379469975,0.46098903012853293,0.06596771488730023,-0.019026524961401003,32.220001220703125,-0.04787230864598202,-0.3022259846657953,0.52,-0.029999999999999916
2020-06-26,78.67695617675781,81.03922479149597,78.1756156663719,80.81829188851349,41896300,34.72999954223633,0.14,0.17,0.64,-0.05481833084977894,-0.056378127477606885,0.4694113109041254,0.4750594979795127,0.6813031209788376,-0.0485048778174364,34.72999954223633,0.07790186922526843,-0.3479891859514613,0.5,-0.05999999999999994
2020-06-29,79.02534484863281,80.29144802076307,78.328562497458,79.36524010156357,18499700,31.780000686645508,0.14,0.16,0.64,0.004428090368573834,0.004418315222614181,0.4665594987974207,0.47405410745291804,-0.26252207984902587,-0.05679512076343607,31.780000686645508,-0.0849409413899711,-0.3563810937721472,0.5,-0.06999999999999995
2020-06-30,79.92607116699219,80.43591734788694,78.65996784582079,78.88090075867761,19137000,30.43000030517578,0.16,0.16,0.66,0.011397942268833505,0.011333475124236245,0.4688398150928985,0.469989842191117,-0.23397428327940825,-0.04922660782729216,30.43000030517578,-0.04247955797046343,-0.36095226314964224,0.5,-0.05999999999999994
2020-07-01,79.24627685546875,81.32812472173669,79.05083498024102,80.6313423782995,18755700,28.6200008392334,0.14,0.16,0.69,-0.008505288719911186,-0.008541665095928753,0.4213715459227876,0.46420036575640067,-0.23828286815698543,-0.10559142701532087,28.6200008392334,-0.05948075740355885,-0.3448916618075871,0.5499999999999999,0.0
2020-07-02,79.50366973876953,81.47710022909257,78.87731593449513,81.28833588955413,27845600,27.68000030517578,0.14,0.16,0.68,0.0032480123169724706,0.0032427489189418082,0.4114582753889211,0.45815305435808246,0.12845029566219598,-0.12097997859452692,27.68000030517578,-0.03284418261683031,-0.3564521408410036,0.54,0.0
2020-07-06,81.51142883300781,81.6830292226232,80.2072488519792,81.02236052185518,18625300,27.940000534057617,0.15,0.16,0.69,0.025253665658897306,0.02494006066417863,0.3851551026372391,0.45378266754127566,-0.20728831853344956,-0.13759127286957595,27.940000534057617,0.009393071749107529,-0.33001728861917246,0.5399999999999999,0.04999999999999993
2020-07-07,79.21195983886719,80.7392257864948,78.93739524767723,80.49898258747062,25757200,29.43000030517578,0.15,0.15,0.65,-0.028210387513284085,-0.02861594600889406,0.3781206916251748,0.4556140652428819,0.09421418087508417,-0.17831992946945396,29.43000030517578,0.0533285519913258,-0.37112099877750193,0.5,0.010000000000000009
2020-07-08,80.05281829833984,80.08713314467664,78.76579553821307,79.18622114026967,18762200,28.07999992370605,0.15,0.15,0.67,0.010615296745379421,0.010559350061711645,0.37964802020723404,0.4542040873272592,-0.20586658641611225,-0.14773698367103094,28.07999992370605,-0.04587157211929449,-0.371264630850936,0.52,0.010000000000000009
2020-07-09,78.31963348388672,80.75640027601123,77.89062584513087,80.24158587259457,25600800,29.26000022888184,0.13,0.15,0.62,-0.021650515888071764,-0.02188832706237621,0.36285525994267775,0.4528621530713945,0.08201136245487181,-0.1309684322324991,29.26000022888184,0.042022803005052456,-0.4014845469817411,0.49,-0.06999999999999995
2020-07-10,82.60112762451172,83.09019606930114,78.82586565230977,78.93740528142418,28954200,27.290000915527344,0.13,0.15,0.65,0.05466693280052004,0.053225013576570626,0.41045907491283623,0.4538894604324746,0.24292931612744809,-0.05591117449589078,27.290000915527344,-0.06732738543897743,-0.47222239984943964,0.52,-0.030000000000000027
2020-07-13,83.78517150878906,85.1751517096699,82.56679170061548,81.67017699405423,32079200,32.189998626708984,0.14,0.16,0.64,0.014334476033544874,0.014232708799042327,0.40111872838264956,0.4468956175885716,0.3560560105680317,-0.012701237633019669,32.189998626708984,0.1795528599045837,-0.40689787760516155,0.5,-0.04999999999999993
2020-07-14,84.26566314697266,85.75860760508982,82.91857968644726,84.40294870668428,42731700,29.520000457763672,0.15,0.17,0.63,0.005734805211124794,0.005718423815290073,0.39831381314686864,0.44445311850739255,0.7310687334148803,-0.020572912671578014,29.520000457763672,-0.08294496063538004,-0.3964593533028441,0.48,-0.020000000000000018
2020-07-15,85.56986236572266,86.90836403910548,84.64320433977912,86.56515663548157,22508400,27.76000022888184,0.16,0.15,0.64,0.015477232007007125,0.015358681311338948,0.40138256878952405,0.4429152250325407,-0.08876176349075611,-0.013307636911566223,27.76000022888184,-0.059620603034880926,-0.40940561268083514,0.48,-0.030000000000000027
2020-07-16,85.81011199951172,86.8483097271397,84.55741044684974,84.75475030004415,16886900,28.0,0.11,0.14,0.62,0.0028076431017529657,0.002803709033778465,0.390495424368445,0.4381824635304098,-0.31806608583283696,0.015124377139549061,28.0,0.008645524824904882,-0.4183832100191547,0.51,0.0
2020-07-17,84.22277069091797,85.87015821615381,84.2056067219952,85.80151543273496,16137700,25.68000030517578,0.11,0.14,0.64,-0.018498301326104527,-0.01867153457542717,0.39606178397379466,0.4402341481744853,-0.34772240217877215,0.0017842777200773874,25.68000030517578,-0.08285713195800781,-0.3608206465868819,0.53,-0.010000000000000009
2020-07-20,83.4848861694336,84.4201196467182,83.45056477400983,83.59642579495822,14458100,24.459999084472656,0.13,0.14,0.62,-0.008761104810862563,-0.00879970893150626,0.39513395436753107,0.4407580347203082,-0.3833153798792359,0.004479640630010051,24.459999084472656,-0.04750783513258894,-0.333550102100775,0.49,-0.020000000000000018
2020-07-21,85.29529571533203,85.84442492956325,83.77660511805465,83.83666592129441,17798100,24.84000015258789,0.13,0.15,0.61,0.021685476605001197,0.02145369158321165,0.3997183769876686,0.44183826210589755,-0.24340496460096298,0.037506059946887715,24.84000015258789,0.015535612524060216,-0.35369985507682644,0.48,-0.020000000000000018
2020-07-22,84.67750549316406,85.9130426862718,83.68220491518835,85.50119913728095,14271200,24.31999969482422,0.13,0.14,0.6,-0.00724295773860506,-0.007269315305284144,0.39902897476066324,0.43402657543851053,-0.39189809631532735,0.017580571622311636,24.31999969482422,-0.020933995755611834,-0.35031722965053325,0.47,-0.040000000000000036
2020-07-23,84.92634582519531,85.24380725386982,84.05974865610473,84.51449565641734,12870200,26.07999992370605,0.12,0.14,0.59,0.002938682836510109,0.0029343733488505948,0.37720699942675084,0.4338575753267492,-0.4395965680504033,0.05582641730060067,26.07999992370605,0.07236843137199522,-0.26748820366567294,0.47,-0.030000000000000027
2020-07-24,84.32573699951172,85.62992383416474,84.03401495915897,85.45831685795419,12744200,25.84000015258789,0.11,0.16,0.59,-0.007072114310909261,-0.007097240243714644,0.3594775545977696,0.43077887737697945,-0.42892056971717807,0.01304301440510458,25.84000015258789,-0.009202445238506551,-0.2404653219648936,0.48,-0.050000000000000044
2020-07-27,83.14167022705078,83.76801762736532,82.51531628060009,83.66505999779919,11959100,24.739999771118164,0.11,0.14,0.62,-0.014041582257001695,-0.014141097943237781,0.29632837207822316,0.42941304192785673,-0.4255714397218903,0.05674741712506548,24.739999771118164,-0.04256967395410638,-0.06105895211070786,0.51,0.0
2020-07-28,83.50204467773438,83.99111311313058,82.79847242775848,82.79847242775848,11754300,25.440000534057617,0.11,0.14,0.59,0.004334462486734303,0.004325095760936894,0.29632163679178675,0.4257929082947628,-0.42611155093129993,0.05664891229106739,25.440000534057617,0.02829429140725548,-0.05520373628348721,0.48,-0.020000000000000018
2020-07-29,85.52696228027344,85.55270169096288,83.22748109738676,83.28754190437444,12743500,24.100000381469727,0.11,0.13,0.58,0.02424991639850238,0.02396055582267984,0.30444837684297466,0.42752674989931727,-0.3679502910895548,0.07007589678190396,24.100000381469727,-0.052672960867039875,-0.08065887064462404,0.47,-0.020000000000000018
2020-07-30,83.24462890625,83.86240087598095,82.41235969017293,83.69080046044958,14834800,24.76000022888184,0.09,0.11,0.55,-0.026685542350308067,-0.02704806540162156,0.3207175600510272,0.4314727788357248,-0.2570019184984976,0.05045476215966005,24.76000022888184,0.027385885351254302,-0.144746122351146,0.4600000000000001,-0.039999999999999925
2020-07-31,82.9185791015625,83.16740426718285,81.72593863105736,82.78130008895498,14535000,24.459999084472656,0.09,0.11,0.55,-0.003916766870985744,-0.003924457490490664,0.3214940205235035,0.4295864679308267,-0.24691479878480493,0.042952852038321776,24.459999084472656,-0.0121163627478178,-0.14229549080600865,0.4600000000000001,-0.039999999999999925
2020-08-03,82.45526885986328,83.71655239578388,82.24076503528188,83.2446413632499,12962800,24.280000686645508,0.1,0.12,0.56,-0.0055875323325516035,-0.00560320098466024,0.3108216132965015,0.42939390658924137,-0.3183744639142515,0.011579235456528503,24.280000686645508,-0.007358888166983268,-0.16081548571223003,0.4600000000000001,-0.05999999999999994
2020-08-04,81.98332977294922,82.32653051052411,81.53715834028674,82.29221567367418,13366200,23.76000022888184,0.09,0.14,0.52,-0.005723577079302822,-0.005740019516314233,0.2923865497508592,0.4284361920935444,-0.2734943550714673,0.034986761339064865,23.76000022888184,-0.021416822201725805,-0.0877332512167163,0.43000000000000005,-0.06999999999999995
2020-08-05,83.40763854980469,84.48873929808644,82.12919801455402,82.25790157561006,15260900,22.989999771118164,0.1,0.12,0.55,0.01737315111255011,0.017223963351757344,0.2959938138248866,0.4249494780691754,-0.1625411262169807,0.04190758455201582,22.989999771118164,-0.03240742636137217,-0.08927085443155476,0.45000000000000007,-0.029999999999999916
2020-08-06,83.43339538574219,84.17128897409835,82.8327873701669,83.72512395483334,10482100,22.64999961853028,0.1,0.14,0.55,0.00030880667988353316,0.00030875900891458606,0.28235415986377055,0.4187744660944154,-0.3998888184701032,0.06529348612066177,22.64999961853028,-0.014789045496860664,-0.03291576992230765,0.45000000000000007,0.0
2020-08-07,85.26956176757812,85.36394397826511,82.8499587809812,83.16742681203172,14743700,22.209999084472656,0.1,0.14,0.57,0.022007571109226465,0.021768899884431207,0.22454068755349685,0.41344166897582724,-0.12011556178070415,0.03230505708344045,22.209999084472656,-0.019426072470997036,0.1359623824493873,0.47,0.019999999999999907
2020-08-10,86.35065460205078,87.55187726636599,85.827264773643,85.89590756500658,14989900,22.1299991607666,0.11,0.13,0.59,0.012678531612715815,0.012598831973419072,0.2233924796325818,0.4064392984995424,-0.057354008378851885,0.030619774920346066,22.1299991607666,-0.0036019778029610094,-0.019915871122158885,0.48,0.029999999999999916
2020-08-11,89.07913970947266,91.08689872445277,88.81315708654124,89.1134611037439,31518600,24.030000686645508,0.11,0.15,0.64,0.031597735072144806,0.031108799474120537,0.246703913357206,0.40816660586041575,1.0544954350303772,0.05712263314304589,24.030000686645508,0.08585637586680717,0.24024267683620912,0.53,0.12
2020-08-12,88.32408905029297,91.3185603422513,87.2687274468988,91.08689911260396,19240800,22.280000686645508,0.11,0.13,0.69,-0.008476178167439063,-0.00851230525688729,0.24510427311778524,0.39620572399552323,0.2676848352918272,0.03218687758078698,22.280000686645508,-0.07282563254243057,0.34330000340199807,0.58,0.1399999999999999
2020-08-13,87.83502197265625,88.68445522247593,87.20866797074122,87.51755397906415,13598600,22.1299991607666,0.1,0.14,0.71,-0.005537187905308993,-0.005552574957210812,0.24634440439513156,0.39385944821820734,-0.09424124570636142,0.023597568234802635,22.1299991607666,-0.006732563790665225,0.33917540037357413,0.61,0.15999999999999992
2020-08-14,87.86934661865234,88.64155512189367,87.0199067912677,87.08854958368732,12134400,22.049999237060547,0.1,0.13,0.71,0.00039078542049875153,0.00039070908376318903,0.23501714482679736,0.3898342131758575,-0.1808456237880422,0.04329679370341122,22.049999237060547,-0.0036149989489328016,0.2501620652354047,0.61,0.14
2020-08-17,85.5527114868164,87.51756746344398,85.39826845885894,87.08855977979964,14988000,21.350000381469727,0.1,0.13,0.69,-0.026364542596293505,-0.02671831911031611,0.25390663973755045,0.39313420980261254,0.009985296317610321,0.02476885831988951,21.350000381469727,-0.0317459809438132,0.26046765813424694,0.59,0.09999999999999998
2020-08-18,84.36006164550781,85.72430933787064,84.18846120882155,85.72430933787064,13246500,21.51000022888184,0.09,0.13,0.67,-0.013940526496256989,-0.014038608243441726,0.2475770319252375,0.3939951154386693,-0.0934654782565849,-0.010964661790323182,21.51000022888184,0.007494137918188537,0.20964680395798366,0.5800000000000001,0.030000000000000027
2020-08-19,84.5573959350586,86.30774108633982,84.37720699235342,84.87485735209813,13533000,22.540000915527344,0.11,0.13,0.68,0.0023391909121641685,0.002336459264170476,0.2464654150849985,0.3717453136141956,-0.07151330364389691,-0.0014184352432909941,22.540000915527344,0.047884736201095235,0.20320196044397243,0.5700000000000001,-0.009999999999999898
2020-08-20,83.54493713378906,84.11122372623396,83.05586876234918,83.45055494402557,13672600,22.71999931335449,0.11,0.12,0.65,-0.011973627972733603,-0.012045889255213403,0.24975689649290342,0.35106322814233204,-0.06451050087407503,-0.01626596173406092,22.71999931335449,0.007985731611179547,0.18583878244528323,0.54,-0.05999999999999994
2020-08-21,83.50204467773438,84.5745637506328,83.17600123618254,83.45914129636367,12228300,22.540000915527344,0.1,0.13,0.64,-0.0005134058092114424,-0.0005135376471000648,0.24865314731246044,0.34976073401134034,-0.1618513254768533,-0.009767982481814652,22.540000915527344,-0.00792246493252946,0.18487783130423033,0.54,-0.06999999999999995
2020-08-24,85.85301971435547,85.98172333490997,83.58785955869337,84.47161438242254,17898300,22.3700008392334,0.12,0.14,0.65,0.028154700231525887,0.027765642317542538,0.2622634002344787,0.35026470474287325,0.2023082480469872,0.032611198210239056,22.3700008392334,-0.007542150372178313,0.12422312162686887,0.53,-0.039999999999999925
2020-08-25,86.23052978515625,87.50039519363578,85.62992174839091,86.89119862559812,13648900,22.030000686645508,0.11,0.13,0.69,0.004397167065955276,0.004387527773574943,0.26227208335635993,0.34938274697576077,-0.08894027872664304,0.03267566821809109,22.030000686645508,-0.015198933385446534,0.11649747535771314,0.58,0.019999999999999907
2020-08-26,85.02070617675781,86.033164173958,84.9863913361583,85.75002418913338,12052400,23.270000457763672,0.11,0.12,0.69,-0.014030107566458394,-0.014129459902966022,0.2539335591063593,0.35060404330396194,-0.19364626117045866,-0.0059192573899282674,23.270000457763672,0.0562868693812546,0.14100623750927216,0.58,0.009999999999999898
2020-08-27,87.81787109375,88.07527832110488,84.94352093692991,84.94352093692991,22163900,24.46999931335449,0.11,0.13,0.74,0.03289980809118309,0.03237019423430904,0.25846286228578336,0.33999655630525505,0.44736794846552774,0.05493738452063224,24.46999931335449,0.051568492994612525,0.34925535552113074,0.63,0.08999999999999997
2020-08-28,88.17823028564453,88.59008051361113,87.35453637584864,88.49569830607997,13756700,22.959999084472656,0.1,0.12,0.74,0.004103483578072886,0.004095087250957995,0.2573124522189623,0.33736758698447133,-0.09935820425511299,0.06343151608567443,22.959999084472656,-0.061708225224908375,0.31621059903331605,0.64,0.09999999999999998
2020-08-31,85.96454620361328,87.67199464294387,85.81867864247798,87.62051582497645,14219400,26.40999984741211,0.11,0.12,0.72,-0.02510465536516493,-0.025425152581581605,0.2751788753555136,0.32818848641122955,-0.07287920319016036,0.04255977079783935,26.40999984741211,0.15026136326253647,-0.025788508742893235,0.61,0.06999999999999995
2020-09-01,85.92164611816406,86.54800012736933,84.97783065780844,85.41542026571523,11595600,26.1200008392334,0.12,0.12,0.68,-0.0004990439354801701,-0.0004991684993485592,0.27382804754851003,0.3251735805678565,-0.23956447234931924,0.04803801402214214,26.1200008392334,-0.010980651641583683,-0.036209755680577875,0.56,-0.009999999999999898
2020-09-02,87.21725463867188,87.46607985574339,85.42399929706583,85.75862473302547,14475700,26.56999969482422,0.12,0.13,0.66,0.015078953663504313,0.014966396329105078,0.27231424970362944,0.3230515591016572,-0.04823802695312166,0.045674666674472286,26.56999969482422,0.01722813327459405,0.006568760952763229,0.54,-0.029999999999999916
2020-09-03,86.94268035888672,90.08301253531027,86.35064778584821,88.65012874592067,23281200,33.599998474121094,0.11,0.12,0.63,-0.003148164671344822,-0.00315313056678703,0.27291532273906044,0.3120789779392948,0.4689079818856639,0.04206091525964939,33.599998474121094,0.2645840745216983,-0.05245547268972868,0.52,-0.10999999999999999
2020-09-04,88.82173156738281,90.27177936555243,86.97700410469275,89.27648512696896,26325500,30.75,0.11,0.13,0.72,0.021612529090886623,0.02138228984548938,0.2725482258444932,0.3093146438445036,0.6024369971174943,0.041658121915613355,30.75,-0.0848213870103649,-0.09874576130458264,0.61,-0.020000000000000018
2020-09-08,85.73287200927734,88.86462860841927,85.35534979556427,88.35840281329071,22108600,31.459999084472656,0.13,0.15,0.69,-0.03477594394522887,-0.035395022153145064,0.2997731298408873,0.3115395348612791,0.31721514386914,-0.007154347533559591,31.459999084472656,0.02308940112106206,-0.08478319240292917,0.5599999999999999,-0.030000000000000027
2020-09-09,86.54798889160156,87.25156103937934,85.42398461509933,86.48792809408893,13434000,28.809999465942383,0.12,0.14,0.71,0.009507635323776631,0.009462722212956227,0.2787457154697367,0.31086949094998745,-0.15403661937063448,-0.02841463025043034,28.809999465942383,-0.08423393819608227,-0.21137165570071517,0.59,0.029999999999999916
2020-09-10,85.65564727783203,87.87790319990118,85.49262231735409,87.00273069583848,15922800,29.709999084472656,0.12,0.15,0.68,-0.010310367984253888,-0.010363888020242533,0.2794452862790773,0.3111575106194063,0.01327332823391807,-0.03021193653003873,29.709999084472656,0.03123914041005804,-0.24696134792265087,0.56,0.020000000000000018
2020-09-11,86.71958923339844,86.96841440751318,85.44972395621566,85.7757738962937,13784300,26.8700008392334,0.11,0.13,0.67,0.012421153646944072,0.012344644025012433,0.2832273257655704,0.30762673003786944,-0.12333159813921896,-0.012699179828349783,26.8700008392334,-0.09559065408128964,-0.28895063788043795,0.56,0.040000000000000036
2020-09-14,87.92082977294922,88.77026309605998,86.97701424214425,87.09713586173012,19017400,25.850000381469727,0.11,0.14,0.68,0.013852009103937801,0.013756946888347141,0.2878087683568924,0.3085772246384434,0.18358279412895037,0.0005859057370747323,25.850000381469727,-0.03796056665075909,-0.3060969608415407,0.5700000000000001,-0.039999999999999925
2020-09-15,85.18375396728516,88.24686818370681,85.06363235457347,88.14391054203219,23683000,25.59000015258789,0.11,0.13,0.68,-0.031131141650191596,-0.03162601335056347,0.29431182240096315,0.3146869246337936,0.435124153115864,-0.004312633850162673,25.59000015258789,-0.010058035785106334,-0.3174309291309086,0.5700000000000001,-0.009999999999999898
2020-09-16,85.54410552978516,86.77106742304466,84.73757576190637,85.31244432583196,19270600,26.040000915527344,0.12,0.12,0.69,0.004230285068657524,0.004221362567075965,0.2900438195795625,0.31389104871042084,0.14681309551935567,0.014035597665312816,26.040000915527344,0.017585023847447978,-0.32391627146854773,0.57,-0.020000000000000018
2020-09-17,84.56597137451172,85.2352221463876,83.83665980377867,84.68609297222605,18290100,26.459999084472656,0.09,0.12,0.69,-0.011434267144600274,-0.011500141004789896,0.293148311303856,0.3139405740422183,0.07327040251527671,0.00010141560484799861,26.459999084472656,0.01612896137399411,-0.32611130592126897,0.6,0.009999999999999898
2020-09-18,84.38578796386719,85.36392470272158,83.60499758810688,83.99110178381507,20121600,25.82999992370605,0.1,0.13,0.7,-0.002130684573426911,-0.0021329577112697523,0.2898365815485637,0.30578857498896306,0.15881700641819543,0.010064653334188156,25.82999992370605,-0.02380949291628298,-0.32633788011237247,0.6,0.029999999999999916
2020-09-21,81.77742767333984,82.4123636427579,80.49898684174781,81.68304547643004,28378800,27.780000686645508,0.1,0.12,0.68,-0.03090994767559918,-0.031397738154082665,0.3112145121494895,0.30470131262819056,0.5617254328770862,-0.02065359011327772,27.780000686645508,0.07549364183891472,-0.3637864670688199,0.5800000000000001,0.0
2020-09-22,80.88510131835938,82.0777486353442,80.37029343569976,81.4771339837935,19257000,26.86000061035156,0.1,0.12,0.68,-0.010911646164084132,-0.010971614811863765,0.29352801965230496,0.2823985370119881,0.0557927560566083,-0.057865389156083524,26.86000061035156,-0.03311735253974324,-0.34861874984791846,0.5800000000000001,0.0
2020-09-23,79.57234954833984,81.81177035567426,79.50371328865724,81.32270181994251,19952700,28.57999992370605,0.11,0.13,0.68,-0.016229834031518453,-0.01636298038212002,0.2958521826883309,0.28435946181946964,0.07535261538063544,-0.07721372295178164,28.57999992370605,0.0640357138596499,-0.35759878942443507,0.5700000000000001,-0.009999999999999898
2020-09-24,79.50366973876953,80.91081375661194,78.40540508564904,79.21194124690066,18366500,28.51000022888184,0.1,0.12,0.67,-0.0008631114948867147,-0.0008634841900801196,0.2935774176117619,0.2834012221252865,-0.026696491359159143,-0.06489050357354564,28.51000022888184,-0.0024492545490228945,-0.34909595892891504,0.5700000000000001,-0.019999999999999907
2020-09-25,80.19868469238281,80.41318850014198,78.82586163195143,78.9803046353835,13293100,26.3799991607666,0.1,0.12,0.66,0.008741922931317925,0.008703933562597637,0.2661157718269256,0.2834079111693819,-0.2785969078615685,-0.08676122873934533,26.3799991607666,-0.07471066471467291,-0.474170621818818,0.56,-0.039999999999999925
2020-09-28,82.5067367553711,83.16740551486109,80.95372494293447,81.56291489019132,20894100,26.190000534057617,0.11,0.12,0.67,0.02877917601568214,0.0283728332540656,0.2894888432604581,0.2891812792079546,0.11235865329329842,-0.06431852297218033,26.190000534057617,-0.007202374251457866,-0.44057432419796133,0.56,-0.010000000000000009
2020-09-29,81.81175231933594,82.39520294790844,80.93657964954558,82.39520294790844,12848200,26.270000457763672,0.09,0.12,0.66,-0.00842336593793247,-0.008459042973212151,0.27835966288352587,0.28525712734938874,-0.31348263215039884,-0.048308216208588495,26.270000457763672,0.0030545980173624088,-0.37192690912045495,0.5700000000000001,-0.020000000000000018
2020-09-30,82.60112762451172,83.39908209191942,81.73453691018432,81.81175514277037,16400600,26.3700008392334,0.1,0.12,0.69,0.009648678616424267,0.009602427387739653,0.2816016024807131,0.27954233062946765,-0.13477451413299402,-0.03864589010650221,26.3700008392334,0.0038066379797176975,-0.3666557761527356,0.59,0.009999999999999898
2020-10-01,83.20172882080078,83.88813700221205,82.39519249785315,83.33043240048289,15778700,26.700000762939453,0.09,0.12,0.68,0.007271101661217916,0.007244794645222769,0.2767337675734584,0.27912514867361876,-0.1704345430494773,-0.046040497771992706,26.700000762939453,0.012514217413868156,-0.37945270228044237,0.5900000000000001,0.010000000000000009
2020-10-02,83.99111938476562,84.59172749198152,81.58867386362726,81.72595945735513,15149600,27.6299991607666,0.09,0.12,0.7,0.009487670210134969,0.009442944937013493,0.279847458184676,0.27568715056874954,-0.18611185428492533,-0.03394835496142379,27.6299991607666,0.03483139967239324,-0.5564299464105594,0.61,0.039999999999999925
2020-10-05,85.76636505126953,85.94821943306296,84.45873789812967,85.14286053833185,13871900,27.959999084472656,0.1,0.12,0.78,0.021136111525927648,0.020915842271740807,0.27934102481778395,0.2569423347400505,-0.2289610798179997,-0.03439886233016509,27.959999084472656,0.011943537232336876,-0.44867942095828,0.68,0.10999999999999999
2020-10-06,84.883056640625,87.3424345825821,84.4414131587567,86.65831200805233,19220400,29.479999542236328,0.1,0.14,0.76,-0.010299007193746657,-0.01035240894141404,0.25215755211546714,0.25632108249910407,0.07696798916554648,-0.009912363236360355,29.479999542236328,0.05436339440396454,-0.4548527950779502,0.66,0.09999999999999998
2020-10-07,86.36387634277344,86.90077777495594,85.44593636586924,85.69707045154912,16358500,28.059999465942383,0.1,0.13,0.81,0.0174454097290333,0.017294985523369222,0.2577321075601239,0.25847130079640757,-0.09084062992292279,-0.002127288585049847,28.059999465942383,-0.048168252996730776,-0.4744652285733892,0.7100000000000001,0.1200000000000001
2020-10-08,88.13914489746094,88.26038115839405,86.51111038858707,87.03935692845884,15659000,26.36000061035156,0.09,0.13,0.78,0.020555684041341005,0.020347267228746156,0.2644874414438126,0.25990184017564544,-0.1290784299384782,0.02899397411093574,26.36000061035156,-0.060584422236151014,-0.5028637945702263,0.6900000000000001,0.09999999999999998
2020-10-09,87.63687133789062,88.42491359340647,86.69295956216847,88.32965559313796,13689100,25.0,0.1,0.15,0.79,-0.005698643436519046,-0.005714942656819656,0.2623622154199427,0.26016457283759076,-0.238438624214849,0.010577565145326151,25.0,-0.05159334517683911,-0.44740199594347707,0.6900000000000001,0.09000000000000008
2020-10-12,88.71068572998047,89.19563073433442,87.33377886850383,87.55027311785902,16058000,25.06999969482422,0.105,0.14,0.765,0.012252997804425014,0.012178537451482906,0.26136441226886936,0.258204907359114,-0.0992352923853184,0.008983718182266953,25.06999969482422,0.00279998779296875,-0.41612944034822347,0.66,-0.015000000000000013
2020-10-13,87.2731704711914,89.38615669463158,86.82286528936496,89.1956406768616,21697300,26.06999969482422,0.11,0.13,0.74,-0.01620453327533289,-0.016337262555210907,0.24134857565853202,0.25986671417025503,0.22391454321153398,0.024528344978887562,26.06999969482422,0.03988831320993014,-0.5245327803881864,0.63,-0.020000000000000018
2020-10-14,86.7882308959961,88.26905102738218,86.68431125967939,87.4896702722102,15204100,26.39999961853028,0.12,0.13,0.73,-0.005556571081090644,-0.005572066248838904,0.24223074619638701,0.25654671963971803,-0.1324071804759803,0.014543671460539809,26.39999961853028,0.012658225069775542,-0.533935698076913,0.61,-0.08000000000000007
2020-10-15,88.08718872070312,88.13914523076217,85.76636990610885,85.81832641616788,17171200,26.96999931335449,0.11,0.12,0.74,0.014966981251912648,0.014856081178320194,0.24265914300147853,0.25776670568051757,-0.017020331430481803,0.04163870276611892,26.96999931335449,0.021590897843200008,-0.49348135662811676,0.63,-0.040000000000000036
2020-10-16,87.90532684326172,88.6154277167516,87.22120422258924,87.8187304649103,13275000,27.40999984741211,0.11,0.12,0.76,-0.00206456671035371,-0.0020667008661150164,0.2426441452834209,0.25778182361832086,-0.22487138120037206,0.04170772074678686,27.40999984741211,0.01631444365071788,-0.5119168214854524,0.65,-0.030000000000000027
2020-10-19,86.42452239990234,88.21709484000885,86.21668312649771,87.98327730914899,11725700,29.18000030517578,0.11,0.13,0.78,-0.016845446078594284,-0.01698894441719668,0.22070483432633425,0.2598281759394309,-0.28034646870676005,0.056826129884218535,29.18000030517578,0.06457498969781228,-0.4588140556457882,0.67,0.015000000000000013
2020-10-20,86.91810607910156,88.13046848494864,86.70161184850322,86.86614297107984,11257100,29.350000381469727,0.1,0.13,0.81,0.005711153102071043,0.005694906296505053,0.2147981490555722,0.25825888879740205,-0.2917185221165329,0.07458734256877064,29.350000381469727,0.005825910709938986,-0.5346681793972116,0.7100000000000001,0.07000000000000006
2020-10-21,86.0521240234375,87.4550023256259,86.01748415578258,86.90943927553921,10730500,28.64999961853028,0.1,0.13,0.83,-0.009963195181403983,-0.010013159960093108,0.20804879520231034,0.2590792201039734,-0.3046785243801527,0.08143248894719668,28.64999961853028,-0.02385011086341915,-0.4101984196064456,0.73,0.09999999999999998
2020-10-22,89.0916976928711,89.40344989352178,86.00016054215101,86.00882216074663,14837200,28.11000061035156,0.09,0.13,0.87,0.035322471164171754,0.034712944532813796,0.2339295238240796,0.2641256677036748,-0.027449263288163023,0.12059855835089861,28.11000061035156,-0.01884813317168288,-0.418534793616889,0.78,0.13
2020-10-23,89.8970718383789,90.45129659958526,89.13501444344024,89.62862107785466,15087600,27.549999237060547,0.1,0.12,0.85,0.009039833860661206,0.008999219145892417,0.233982272297065,0.25822744741340997,-0.016818403082559337,0.12092950380914713,27.549999237060547,-0.01992178445861681,-0.45202948633453,0.75,0.08999999999999997
2020-10-26,87.6715087890625,88.93583440410852,86.81419341721296,88.89253951865194,12410700,32.459999084472656,0.11,0.12,0.81,-0.02475679133707076,-0.02506839430797536,0.24208076007886795,0.2636273205542968,-0.1682683801650234,0.06259818575790654,32.459999084472656,0.17822141500487332,-0.5955598562632622,0.7000000000000001,0.030000000000000027
2020-10-27,86.01750183105469,87.39440216715352,85.87028731843039,87.03935501277253,10391700,33.349998474121094,0.1,0.12,0.79,-0.018865957491245533,-0.019046190108012166,0.2514828074843327,0.2664741714746177,-0.297796190812771,0.05140764489803917,33.349998474121094,0.02741834302990398,-0.6007311634824515,0.6900000000000001,-0.020000000000000018
2020-10-28,83.60142517089844,85.12554662829763,83.19441490043837,84.43276234578512,16389500,40.27999877929688,0.1,0.12,0.79,-0.02808819843317023,-0.02849021776751773,0.27268422814385446,0.2728274127933593,0.10753783921492836,0.012109974465891904,40.27999877929688,0.20779612060712171,-0.6758326953661046,0.6900000000000001,-0.039999999999999925
2020-10-29,84.1469955444336,84.84844150747779,82.47565943101701,83.23772352845947,14208800,37.59000015258789,0.09,0.12,0.85,0.006525850156500201,0.006504648983499797,0.2724576440687202,0.2708690645514269,-0.03470498099648463,0.01136114281553846,37.59000015258789,-0.06678249027384775,-0.6677626642765755,0.76,-0.020000000000000018
2020-10-30,84.900390625,85.22945952494229,83.33297428146784,84.78781598717568,15194500,38.02000045776367,0.09,0.13,0.88,0.00895332121713821,0.008913477880260957,0.27223520885519836,0.27146437454326655,0.03210253574778782,0.010825802143069163,38.02000045776367,0.011439220628632452,-0.6778488210815526,0.79,0.030000000000000027
2020-11-02,86.81420135498047,87.35976453115316,84.74451668414535,86.06946054547956,15011600,37.130001068115234,0.09,0.13,0.87,0.0225418365674388,0.022291524056160122,0.27364112274793073,0.2716430434755315,0.015747139075200242,0.012217333719163115,37.130001068115234,-0.023408715910909428,-0.7020667136473423,0.78,0.05999999999999994
2020-11-03,89.55067443847656,90.70241869473918,88.92717001311007,89.21293736900353,17482600,35.54999923706055,0.1,0.14,0.9,0.03152103043955612,0.031034441532245095,0.2905680254420898,0.2777668012439837,0.18994131834466207,0.054988804392532176,35.54999923706055,-0.04255323957993329,-0.7030335903503514,0.8,0.10999999999999999
2020-11-04,86.81420135498047,88.39027935969341,85.67111188570384,87.46368415813494,18886500,29.56999969482422,0.1,0.12,0.78,-0.030557816573186347,-0.0310344415322451,0.3084138570363308,0.2778159436587649,0.2745316038151256,0.005214275126092183,29.56999969482422,-0.1682137741370816,-0.36373562974991785,0.68,-0.010000000000000009
2020-11-05,90.36471557617188,91.01419844797984,87.46369340347258,87.51564991901516,17837400,27.57999992370605,0.1,0.12,0.79,0.040897850418199155,0.040083658418697286,0.33248077708606083,0.28938694780521496,0.19495113150029425,0.02525064976861424,27.57999992370605,-0.06729793005261642,-0.3848601423701226,0.6900000000000001,-0.05999999999999994
2020-11-06,89.16097259521484,91.014162461482,88.66736607208534,90.9535443483566,12552800,24.86000061035156,0.1,0.12,0.83,-0.013320940294913597,-0.013410459899111361,0.3357242758610417,0.29052092887492176,-0.15585834764019207,0.017391096168277498,24.86000061035156,-0.09862216536906332,-0.33740503447874004,0.73,-0.050000000000000044
2020-11-09,95.03230285644533,96.36157721069252,93.99313318202596,96.28796996654084,47792400,25.75,0.11,0.12,0.96,0.06585089967429969,0.06377344698762329,0.40216960200219876,0.31835783018737057,1.9040402352525123,0.07126105580681386,25.75,0.035800457272629815,-0.22839821379452513,0.85,0.08999999999999997
2020-11-10,100.90363311767578,101.70899195990305,99.3189002919666,101.62239558472504,20539300,24.799999237060547,0.1,0.12,0.98,0.061782468537036506,0.05994906995280158,0.4416362022499241,0.3348897722849693,0.2524490359655376,0.15618159135153387,24.799999237060547,-0.03689323351221174,-0.23833679755539547,0.88,0.07999999999999996
2020-11-11,99.3968505859375,101.28468093020771,98.68674962746232,101.22406279741892,14443400,23.450000762939453,0.1,0.125,0.93,-0.014932886806771739,-0.015045504909595412,0.4465389180593317,0.33511166215442995,-0.11722038777540258,0.14528029388052777,23.450000762939453,-0.054435424018226874,-0.20364573850604487,0.8300000000000001,0.15000000000000002
2020-11-12,98.17581939697266,98.6867426792372,97.04138498196676,97.44839524784152,22063000,25.350000381469727,0.1,0.13,0.88,-0.012284405207679594,-0.012360482195717027,0.4504459578876258,0.33653663671915535,0.3286269640274686,0.1145300562180207,25.350000381469727,0.08102343525434108,-0.23390618201488145,0.78,0.08999999999999997
2020-11-13,98.79066467285156,99.46612572311406,98.3490145219566,99.32756622209575,11847900,23.100000381469727,0.09,0.12,0.89,0.006262695637841098,0.006243166453992813,0.44957867318340206,0.33524763645289396,-0.28344414197941153,0.1238302412435004,23.100000381469727,-0.08875739511407266,-0.22607654543858796,0.8,0.06000000000000005
2020-11-16,101.5791015625,102.71352928278154,100.21951797934123,102.00342842928868,19858600,22.450000762939453,0.09,0.12,0.91,0.028225712407973225,0.02783470753139022,0.4475444589079733,0.3390653679789406,0.1722105133917965,0.17535045310953068,22.450000762939453,-0.028138511160012314,-0.20348026758993995,0.8200000000000001,-0.04999999999999993
2020-11-17,100.54859161376952,100.83436561401146,99.22364783958638,99.92508710665268,14553200,22.709999084472656,0.09,0.12,0.87,-0.010144901194035771,-0.01019671140834066,0.4521977541137077,0.33626357965991754,-0.1492321974329415,0.15681986354216293,22.709999084472656,0.011581216601222133,-0.20841896217848355,0.78,-0.10999999999999999
2020-11-18,99.80384826660156,102.71353148648195,99.76054677427616,101.61373700746567,12571200,23.84000015258789,0.09,0.11,0.88,-0.007406800385913792,-0.007434366936200316,0.45098047804135033,0.33687242637225295,-0.26903107019161243,0.15980691237114142,23.84000015258789,0.04975786497886037,-0.23076769418000426,0.79,-0.050000000000000044
2020-11-19,100.07229614257812,100.2974520038126,98.340342209439,98.87725030718887,10202500,23.11000061035156,0.07,0.11,0.86,0.0026897547603521588,0.002686143843554572,0.43944782122366466,0.33509855389404164,-0.3986594570636074,0.12325052428073402,23.11000061035156,-0.030620785971643083,-0.22630826564489256,0.79,-0.020000000000000018
2020-11-20,99.21497344970705,100.1502300900068,98.79930162950288,99.09373721191405,12718900,23.700000762939453,0.07,0.11,0.83,-0.008567033294105797,-0.008603941269588581,0.44218796154186235,0.3300956001846257,-0.24507169323043182,0.10365077995065608,23.700000762939453,0.02553007948963959,-0.23245560765841616,0.76,-0.06000000000000005
2020-11-23,102.07271575927734,102.33250490632442,100.08096593084736,100.49663781575536,13209200,22.65999984741211,0.08,0.1,0.86,0.02880353852051276,0.02839651395925392,0.43474250130728886,0.334471785103356,-0.21782357033944724,0.16426325004699205,22.65999984741211,-0.043881893757304447,-0.1445374791436269,0.78,-0.050000000000000044
2020-11-24,106.7922821044922,106.94815822691189,103.66610464315512,103.9778568879945,20121600,21.63999938964844,0.09,0.11,0.88,0.046237295736749395,0.04520020008283067,0.4422558927420457,0.34060270597690256,0.15812802225362887,0.24151806122248076,21.63999938964844,-0.04501325969250425,-0.1373391519982342,0.79,0.010000000000000009
2020-11-25,105.6751708984375,105.97826152317668,104.32424890995422,105.10362952134076,11715600,21.25,0.09,0.11,0.88,-0.010460598687849432,-0.01051569531626977,0.4253465071836405,0.341736292289554,-0.31649801202411826,0.2640355195191446,21.25,-0.01802215344955127,0.11405821318396751,0.79,0.0
2020-11-27,104.97372436523438,105.95227591629236,104.85248812375391,105.6491853125912,5983600,20.84000015258789,0.09,0.11,0.84,-0.006637761048688295,-0.006659888958767736,0.4300266833772917,0.3414971130504258,-0.6423279170843472,0.2475041287695563,20.84000015258789,-0.01929411046645224,0.10135429693440454,0.75,-0.020000000000000018
2020-11-30,102.08135986328124,104.5407378218193,101.9861018708134,103.91723336453136,14411800,20.56999969482422,0.08,0.11,0.84,-0.027553223622796885,-0.027939933648177165,0.45180931056634754,0.34716319132229884,-0.13650891798188813,0.20236619775012055,20.56999969482422,-0.01295587599744541,0.08083863755056808,0.76,0.010000000000000009
2020-12-01,103.69207763671876,105.28547865251528,103.59681964413352,104.21166248280552,12668900,20.770000457763672,0.09,0.12,0.92,0.015778764855746363,0.015655574318837608,0.4498717640369992,0.34604173591309395,-0.23557082535349622,0.19441377122995362,20.770000457763672,0.009722934657591553,0.08603484051172368,0.8300000000000001,0.06000000000000005
2020-12-02,105.68383026123048,105.91764113621304,103.28507035335178,103.65744071490175,10811300,21.170000076293945,0.09,0.11,0.95,0.01920833944025846,0.019026188141629763,0.44401061449437185,0.33842261496269704,-0.33425721491269256,0.1801567204704615,21.170000076293945,0.019258527188946495,0.11329689448869043,0.86,0.06999999999999995
2020-12-03,104.99104309082033,105.5539294271376,104.22898575676108,105.51928955646947,12904400,21.280000686645508,0.08,0.1,0.92,-0.006555280677258968,-0.0065768608909091844,0.4232905212276461,0.3388091094192699,-0.19045692221312582,0.20937636299290863,21.280000686645508,0.005196060933166491,-0.11974568507178342,0.8400000000000001,0.040000000000000036
2020-12-04,105.94361114501952,106.76629316702284,105.38073144355556,106.0648539897724,13583700,20.790000915527344,0.09,0.11,0.97,0.009072850656176357,0.009031939613655594,0.40759886615706664,0.3378180659106081,-0.13631807391624884,0.17240020587145644,20.790000915527344,-0.023026304290754473,-0.05206092846675921,0.88,0.13
2020-12-07,105.54527282714844,105.79640694627558,104.0990928440977,104.9131133263112,9724300,21.299999237060547,0.08,0.1,0.94,-0.0037599088190963803,-0.0037669950442104695,0.4022981309264111,0.33763871066357926,-0.3760971215636356,0.18376089621988845,21.299999237060547,0.024530942716423976,-0.17818991940788959,0.86,0.09999999999999998
2020-12-08,105.64920806884766,105.9349821025542,104.57539829577952,104.81787083096768,9592100,20.68000030517578,0.09,0.1,0.92,0.000984745587511382,0.0009842610436508492,0.3454691719844762,0.33695896728930547,-0.29862955603611374,0.11171890918438643,20.68000030517578,-0.029107932117012014,-0.3647275954750668,0.8300000000000001,0.0
2020-12-09,104.82652282714844,106.77497115771342,104.29827630675594,106.66238991465508,13073900,22.270000457763672,0.08,0.1,0.95,-0.0077869513339191565,-0.007817427955867342,0.2810100688923317,0.3299504650934353,-0.017218354869275285,0.03887758634912286,22.270000457763672,0.07688588632128535,-0.3591244402817795,0.87,0.0
2020-12-10,104.15104675292967,104.5926968553428,103.53620390013651,103.90857425964562,13668400,22.520000457763672,0.08,0.1,0.92,-0.006443751600275549,-0.006464602186547929,0.2757456905952437,0.33057109496150455,0.03047261407675771,0.04783045075338421,22.520000457763672,0.011225864160808507,-0.45238885863516043,0.8400000000000001,0.0
2020-12-11,103.53619384765624,103.93454242035811,102.50568585125244,102.9992924094786,9981600,23.309999465942383,0.08,0.1,0.9,-0.005903473123337943,-0.005920967506523318,0.27211717343894626,0.3297022331822831,-0.21157238844609477,0.054599742417315245,23.309999465942383,0.03507988419717645,-0.4285889210093878,0.8200000000000001,-0.06999999999999995
2020-12-14,102.44507598876952,105.14691984861308,102.28053825380938,105.07764010685302,12112400,24.71999931335449,0.09,0.1,0.9,-0.010538516226433758,-0.010594439635397463,0.2757148353259738,0.33076011952566514,-0.04426292632735123,0.03699146400137754,24.71999931335449,0.060489055328903696,-0.49834973830628226,0.81,-0.039999999999999925
2020-12-15,104.19434356689452,104.69661177008288,102.72218543410624,103.30238838940332,12590200,22.88999938964844,0.08,0.09,0.92,0.017075174782600122,0.016931032508257424,0.2645585684875045,0.32390645826773984,0.022766967182618274,0.025745866661218697,22.88999938964844,-0.07402912518356852,-0.5006740122484924,0.8400000000000001,0.0
2020-12-16,104.49742126464844,104.85247493208536,103.79598215477787,104.17701406970944,11169400,22.5,0.09,0.09,0.92,0.0029087730425532143,0.0029045507480626362,0.2610911433710124,0.322404979870258,-0.08000741305108827,0.03927284895294503,22.5,-0.017037981653455603,-0.49672888209538407,0.8300000000000001,-0.029999999999999916
2020-12-17,103.63146209716795,105.17290004195084,103.5535273414088,105.00836891083264,11618000,21.93000030517578,0.08,0.09,0.94,-0.00828689509272551,-0.008321422289011697,0.2615315535930244,0.3206232778455004,-0.0392860716326431,0.03835136517323323,21.93000030517578,-0.025333319769965224,-0.4529116596403873,0.86,0.019999999999999907
2020-12-18,103.12052917480467,103.81330671950582,102.41908340443769,103.17248567376546,28954800,21.56999969482422,0.08,0.09,0.95,-0.0049302876947178165,-0.004942481659440841,0.26261994937924665,0.32101817793109205,1.2220440106655779,0.030460308694062244,21.56999969482422,-0.016415896276417152,-0.44633141318821207,0.87,0.04999999999999993
2020-12-21,106.991455078125,108.24711901595818,104.8611459618367,106.6623796079134,28323600,25.15999984741211,0.09,0.09,0.95,0.037537878580496065,0.036850481931438576,0.2877830918579139,0.3277659328619881,1.0508089963463747,0.07838012104453096,25.15999984741211,0.16643487266480217,0.04730533771388231,0.86,0.04999999999999993
2020-12-22,105.36341094970705,106.96546694065472,105.3114544483737,106.85289231880591,11788200,24.229999542236328,0.09,0.09,0.93,-0.015216580868342766,-0.01533354104114656,0.2799126725444551,0.3265792210022005,-0.14204553311562174,0.03223873457222681,24.229999542236328,-0.03696344637583293,0.1623506934595863,0.8400000000000001,0.010000000000000009
2020-12-23,108.3077392578125,109.56340322021784,105.95228084483036,106.3246512058074,14973200,23.309999465942383,0.09,0.09,0.96,0.027944504468547127,0.02756118159577335,0.24872602117104958,0.3290082383731429,0.11056801906475594,0.014190699210243407,23.309999465942383,-0.03796946321399031,0.2554830928368255,0.87,0.039999999999999925
2020-12-24,107.83143615722656,108.7233978765857,107.00876077949124,108.3250427052436,4164900,21.530000686645508,0.09,0.1,0.94,-0.004397682971224781,-0.004407381222650446,0.24600148486774961,0.32936482228337766,-0.6821884274893389,0.020404653623521618,21.530000686645508,-0.07636202574339757,0.25578736047211126,0.85,0.0
2020-12-28,108.54155731201172,109.6759917092152,108.0652739116448,108.9572291916894,8072600,21.700000762939453,0.11,0.11,0.94,0.00658547433004375,0.006563884826878892,0.2450094984427918,0.3293430328001693,-0.3888738953403205,0.033987866662364086,21.700000762939453,0.007895962418588809,0.24850362952192429,0.83,-0.010000000000000009
2020-12-29,108.25580596923828,109.35559404878376,108.15188633218716,109.28631429074969,8389200,23.07999992370605,0.1,0.11,0.94,-0.0026326445819458977,-0.0026361160848541033,0.21959452786049366,0.32948821784326493,-0.3500903104253828,0.06048553932105283,23.07999992370605,0.0635944291358479,0.21237722952343463,0.84,-0.010000000000000009
2020-12-30,108.55887603759766,108.98320291293793,108.1605274148668,108.67145066786505,7398000,22.770000457763672,0.08,0.12,0.93,0.0027995733406251944,0.0027956618338465366,0.21439834300206215,0.32765636093512734,-0.4149332013150163,0.04693510354696073,22.770000457763672,-0.013431519365993183,0.21382362017944231,0.8500000000000001,0.0
2020-12-31,110.03968811035156,110.26484396183136,108.09124001998477,108.32505088380172,8580200,22.75,0.09,0.1,0.93,0.013640635632972575,0.013548439624678672,0.20955515936438798,0.3268674979063743,-0.3153998334816732,0.04121593472108476,22.75,-0.0008783687905835613,0.19750117207697707,0.8400000000000001,-0.029999999999999916
2021-01-04,109.0005340576172,110.72382654344568,108.05661563411311,110.41207427576366,16819900,26.96999931335449,0.09,0.1,0.93,-0.009443447819410977,-0.009488319894274495,0.21138605953363662,0.3269373401109793,0.3213915073772894,0.03818888591599712,26.96999931335449,0.18549447531228513,0.04243069969275338,0.8400000000000001,-0.009999999999999898
2021-01-05,109.59364318847656,110.1605833749792,107.95387731647128,109.01797900248444,13731200,25.34000015258789,0.09,0.1,0.96,0.005441341512564035,0.00542659089839555,0.21015060268743732,0.3251524809662097,0.0781148849685996,0.034452592317820274,25.34000015258789,-0.06043749359531825,0.04160871699473686,0.87,0.020000000000000018
2021-01-06,114.73968505859376,115.80378656058689,111.53865655463356,113.28309015545396,24909100,25.06999969482422,0.09,0.11,1.04,0.04695566020437125,0.04588658161663612,0.26083706525492134,0.33583901331834415,0.8457276086293662,0.08711344416630595,25.06999969482422,-0.010655108766291721,-0.00569473330805382,0.9500000000000001,0.10000000000000009
2021-01-07,118.50765228271484,120.53119413266288,117.67905206148995,118.3506602300065,21940400,22.3700008392334,0.09,0.11,1.08,0.032839267618669954,0.032311580372333594,0.27883516388436913,0.34031219444330346,0.554627803097295,0.1217088556450685,22.3700008392334,-0.10769840001825937,-0.13781552816676912,0.9900000000000001,0.15000000000000002
2021-01-08,118.63845825195312,118.9262902415642,116.98124497621532,118.59484492463284,12035100,21.559999465942383,0.08,0.1,1.13,0.0011037765639489994,0.0011031678504787033,0.2748508453928193,0.33754532494331524,-0.14408058590344086,0.13175993109663287,21.559999465942383,-0.03620926879315989,-0.0927772063220756,1.0499999999999998,0.19999999999999984
2021-01-11,120.4090805053711,120.53990721133162,116.97255706697048,117.38249849087649,15937900,24.07999992370605,0.08,0.1,1.15,0.01492452177402459,0.014814246944489512,0.2722241493646687,0.33737345574324124,0.124406901268793,0.1561005314810635,24.07999992370605,0.11688314101048247,-0.04910984349057018,1.0699999999999998,0.21999999999999986
2021-01-12,122.30178833007812,123.55777800523482,121.08941199537716,121.62146280752208,18033500,23.32999992370605,0.09,0.11,1.15,0.01571897913980491,0.015596715561907733,0.2691108106628954,0.3374649877597774,0.2371124826697235,0.18124670982239977,23.32999992370605,-0.03114617950067544,-0.043822439480898194,1.0599999999999998,0.18999999999999995
2021-01-13,122.4151611328125,122.79892386536793,120.4526809007441,120.88005696690745,14816800,22.209999084472656,0.09,0.12,1.1,0.0009269921910577406,0.0009265627991380816,0.26136187426088986,0.3372351601901087,0.007102215763534075,0.19493455347948774,22.209999084472656,-0.048006894251865884,0.017159430404264518,1.01,0.06000000000000005
2021-01-14,123.13042449951172,124.50852394479858,122.109935917841,122.53732548476708,18565600,23.25,0.09,0.1,1.15,0.005842931219305569,0.005825927498917811,0.25980663661468006,0.33395662673129534,0.23679308883837805,0.18173808946221648,23.25,0.046825797316417894,0.03731481756985471,1.0599999999999998,0.06999999999999984
2021-01-15,120.92369079589844,123.54904889344871,119.50197839462342,119.8683065029614,27881000,24.34000015258789,0.09,0.1,1.11,-0.017921920699802585,-0.018084463299463147,0.27582913202585807,0.3375552141490674,0.7594243834347427,0.15719306115362497,24.34000015258789,0.046881726993027506,-0.01135907589662936,1.02,-0.019999999999999796
2021-01-19,120.4003677368164,122.72045926590968,120.20849297588036,121.98780298585628,19843800,23.239999771118164,0.09,0.1,1.1,-0.004327713251535803,-0.004337104908590045,0.27318625526593904,0.33664000658852833,0.2205597876731076,0.1618128828861396,23.239999771118164,-0.04519311317065755,-0.007045231055085815,1.01,-0.04999999999999982
2021-01-20,118.5948715209961,120.5137385731473,118.13259942735264,120.20847183128342,16028800,21.57999992370605,0.08,0.1,1.1,-0.01499576994454832,-0.015109343346729615,0.28158211472466554,0.3337073201811849,0.026720429935336753,0.150060734463068,21.57999992370605,-0.07142856556630006,0.04643883379329752,1.02,-0.04999999999999982
2021-01-21,117.6005630493164,118.76060875179024,117.15573889785554,118.35066728892642,13411700,21.31999969482422,0.09,0.1,1.12,-0.008384076469138524,-0.008419420528433745,0.2631607645146845,0.33467181104185556,-0.09783059459957602,0.09915846049055643,21.31999969482422,-0.01204820341988122,-0.17531193122507666,1.03,0.020000000000000018
2021-01-22,116.69345092773438,117.22550175262464,115.30663450691206,115.73402395933972,12933200,21.90999984741211,0.08,0.1,1.1,-0.0077135015178594335,-0.007743404440771244,0.2567887670654145,0.3299897525048796,-0.1333555134067152,0.10753296496290798,21.90999984741211,0.02767355351938039,-0.22898345760794978,1.02,-0.04999999999999982
2021-01-25,115.23685455322266,116.15268147895432,113.44009669814476,115.25430255141536,14212800,23.190000534057617,0.09,0.1,1.05,-0.01248224611519766,-0.012560803750952167,0.2496510097795515,0.3282539968647718,-0.0451778383819994,0.06397617882980922,23.190000534057617,0.05842084416064908,-0.23738091065500158,0.9600000000000001,-0.06000000000000005
2021-01-26,114.76583862304688,116.15265470897371,114.55650261974998,115.78632668489418,11307800,23.020000457763672,0.07,0.09,1.05,-0.004087372325476291,-0.004095748463795062,0.24952912740708172,0.3213991465559501,-0.25813666193644974,0.06430780033115213,23.020000457763672,-0.007330749132337333,-0.27169809649561055,0.98,-0.050000000000000044
2021-01-27,111.52120971679688,113.25691923409184,111.07637900414969,113.03013522453246,17603900,37.209999084472656,0.08,0.09,1.04,-0.02827173090162416,-0.028679072146236734,0.27329786728274924,0.3288292303233405,0.11991256438468235,0.02745171967838922,37.209999084472656,0.6164204319953999,-0.47224855544689326,0.9600000000000001,-0.06000000000000005
2021-01-28,113.48370361328124,115.28046136661985,112.50682871257423,113.3005329149375,13761800,30.209999084472656,0.07,0.08,1.07,0.01759749469601357,0.01744445162743288,0.2786520740312596,0.3297602311822719,-0.13922174181593577,0.04829207632086274,30.209999084472656,-0.1881214773509905,-0.5009331187484202,1.0,-0.050000000000000044
2021-01-29,112.2277374267578,114.88799192675437,111.80907856888255,114.42571972122178,14808100,33.09000015258789,0.06,0.1,1.11,-0.011067370437639168,-0.011129069434624363,0.28271624726443023,0.3293169314466972,-0.09475594092967839,0.03379605171934075,33.09000015258789,0.0953327095463401,-0.5083556182930498,1.05,0.010000000000000009
2021-02-01,113.05632781982422,113.4488346051782,112.06200480203697,112.86443975420528,11080700,30.239999771118164,0.07,0.08,1.09,0.007383115904008752,0.007355994117499092,0.28010555335475745,0.32464240530790883,-0.32775612435847384,0.027414106321779652,30.239999771118164,-0.08612875093162653,-0.5126335375164525,1.02,0.040000000000000036
2021-02-02,116.53645324707033,117.21677875310328,114.45186338957492,115.07985821190114,12253600,25.559999465942383,0.07,0.08,1.12,0.0307822259430921,0.030317956674081818,0.2949196653096059,0.32078191399040545,-0.24615683697901672,0.06913653455559832,25.559999465942383,-0.15476191602506528,-0.5348547953396858,1.05,0.07000000000000006
2021-02-03,117.87091827392578,118.41168632275144,116.4492061739122,116.57131551748316,10600800,22.90999984741211,0.04,0.08,1.15,0.011451052350342605,0.011385985303357453,0.296233918162403,0.31262854192398526,-0.34149650398302434,0.07552696346825671,22.90999984741211,-0.1036776085250426,-0.5411507989644834,1.1099999999999999,0.10999999999999988
2021-02-04,120.58354949951172,120.94116032688927,118.15879636814157,118.15879636814157,12419500,21.770000457763672,0.04,0.07,1.15,0.023013575064223524,0.02275275673894665,0.26186489307872873,0.3125993169216107,-0.1973873324268572,0.050931501493434395,21.770000457763672,-0.049759903851645415,-0.6215280421416076,1.1099999999999999,0.07999999999999985
2021-02-05,120.34799194335938,121.66504259370636,119.82467192898694,121.57781593685134,10051300,20.8700008392334,0.03,0.06,1.19,-0.001953480032144017,-0.0019553905627897853,0.23718294920035626,0.28789087394257074,-0.32448148898627194,0.015529289671979862,20.8700008392334,-0.0413412769685686,-0.6154053629828199,1.16,0.07999999999999985
2021-02-08,122.23200988769533,122.37156725385914,120.52246542449576,120.53991342249697,10136400,21.239999771118164,0.05,0.07,1.19,0.0156547518069321,0.015533480193727323,0.24291323427173545,0.26441364794922556,-0.3143877519961852,0.030289938765982294,21.239999771118164,0.017728745424351322,-0.599195998084971,1.14,0.09999999999999987
2021-02-09,121.7435302734375,122.09241025915908,120.83642101629204,121.61269029710316,8614800,21.6299991607666,0.04,0.07,1.18,-0.003996331359572891,-0.0040043380303996234,0.2383667274963349,0.26211848087185624,-0.4025091038850294,0.011082633987948176,21.6299991607666,0.01836155338281853,-0.6522436489196962,1.14,0.05999999999999983
2021-02-10,121.81333923339844,122.86871010352633,121.27255781941692,122.10988862592018,10323200,21.989999771118164,0.05,0.07,1.15,0.0005734100186198798,0.0005732456819136946,0.2316605935493827,0.2601338188126591,-0.26435104091990325,-0.003993801753425119,21.989999771118164,0.016643579487721327,-0.6591352139407697,1.0999999999999999,0.0
2021-02-11,121.47319793701172,122.58963033671552,120.55737094894675,121.81336072584452,9201000,21.25,0.05,0.07,1.16,-0.0027923156735322197,-0.002796221459428383,0.23179731797594758,0.2604003471425111,-0.3309331958502006,-0.007694824620447238,21.25,-0.033651649787194926,-0.6558475746649409,1.1099999999999999,0.010000000000000009
2021-02-12,123.2001495361328,123.51414690978528,121.23766927803511,121.2812826122215,8324600,19.96999931335449,0.04,0.06,1.2,0.014216729520997395,0.014116619530644957,0.23656342015210136,0.2563992878414596,-0.3712509271190051,0.0005662697656123594,19.96999931335449,-0.06023532643037699,-0.6668577997873082,1.16,0.010000000000000009
2021-02-16,126.1656494140625,126.75004404104564,124.20316947517784,125.20622276262576,12130600,21.459999084472656,0.04,0.08,1.3,0.024070586676195216,0.023785456542566048,0.24069515172115774,0.2582577960840567,-0.025843972496912247,0.04334931049211632,21.459999084472656,0.07461190898097647,-0.5992543656556959,1.26,0.1100000000000001
2021-02-17,126.55817413330078,126.80239282921238,124.83118195788494,125.55512070252315,10810100,21.5,0.04,0.07,1.29,0.0031111853429299785,0.0031063556206588324,0.23949314169282349,0.2572036801858318,-0.09921350650605984,0.0511444151893683,21.5,0.0018639756399749796,-0.6112097559523436,1.25,0.1100000000000001
2021-02-18,126.98555755615234,127.1599975906388,125.07540790256016,125.59874131494104,10587800,22.489999771118164,0.03,0.06,1.29,0.0033769720982337326,0.0033712829324624165,0.23028403677351775,0.2571930390600042,-0.09727305320246898,0.07075083372109181,22.489999771118164,0.04604650098224017,-0.6713380615980605,1.26,0.14000000000000012
2021-02-19,129.10507202148438,129.82028031501665,127.2210872875697,127.2210872875697,11969800,22.049999237060547,0.04,0.07,1.34,0.016690988377908944,0.016553224659724825,0.23031938751043615,0.2571075146686938,0.02686977924075566,0.09782698886691121,22.049999237060547,-0.019564274723678277,-0.6865895547688032,1.3,0.18000000000000016
2021-02-22,130.31744384765625,130.99776942580252,128.03223504849342,128.1020137371397,11488400,23.450000762939453,0.03,0.06,1.37,0.009390582470455655,0.009346765051351496,0.2260557280152022,0.2524315231261913,-0.008282726264313492,0.11675027871408927,23.450000762939453,0.0634921348897759,-0.6885111203780477,1.34,0.17000000000000015
2021-02-23,131.36407470703125,132.84683498327854,130.4744132177142,132.14906152712638,16234400,23.11000061035156,0.04,0.08,1.37,0.008031394942019654,0.007999314939970418,0.21579118380976678,0.2376216138213045,0.38928563176536934,0.13994845847133197,23.11000061035156,-0.014498939937146349,-0.7024112172800859,1.33,0.07000000000000006
2021-02-24,133.67543029785156,134.11153702853494,130.9279632181149,130.9279632181149,15061400,21.34000015258789,0.03,0.08,1.38,0.017595035750642696,0.017442035202122657,0.21524184103209756,0.23751039674144803,0.2685303176674014,0.16476672764021716,21.34000015258789,-0.0765902384689181,-0.724595846557011,1.3499999999999999,0.08999999999999986
2021-02-25,131.86123657226562,135.1058720053697,131.346633777872,134.55638652530632,18127700,28.88999938964844,0.04,0.09,1.54,-0.013571631836483355,-0.013664568255684234,0.18630607533964819,0.23927008453236875,0.5234257477330599,0.18238707154559508,28.88999938964844,0.3537956505658677,-0.6117419272929203,1.5,0.25
2021-02-26,128.36366271972656,131.59085009648362,127.78799859979136,131.09369530848298,19829200,27.950000762939453,0.04,0.08,1.44,-0.026524655338130754,-0.026882780980722547,0.22091991439113975,0.23868018502772934,0.624988629537634,0.1311197875348853,27.950000762939453,-0.03253716325953948,-0.45410354677028153,1.4,0.09999999999999987
2021-03-01,131.2681427001953,132.03569490307837,129.50626755672417,130.41337712539013,14845500,23.350000381469727,0.05,0.08,1.45,0.02262696404052056,0.02237477143711529,0.21813634849810154,0.24049383771601218,0.21639160509122016,0.16965863974459694,23.350000381469727,-0.1645796155959014,-0.46598447639288726,1.4,0.07999999999999985
2021-03-02,130.8407440185547,132.38456565981377,130.69246931872738,130.90180535261874,14221700,24.100000381469727,0.04,0.08,1.42,-0.0032559208414852936,-0.003261232885278316,0.22167291540643,0.23885032024330993,0.15047497935136175,0.15730580093732716,24.100000381469727,0.03211991382215107,-0.47965164281903383,1.38,0.04999999999999982
2021-03-03,133.37014770507812,135.17562243467626,131.54722498183045,131.90482234366837,14324100,26.670000076293945,0.05,0.08,1.47,0.019331926805344013,0.01914743898693642,0.20950419131283105,0.2400031282654728,0.14913500597467413,0.14445003249170862,26.670000076293945,0.10663898979853403,-0.3332360699130195,1.42,0.09000000000000008
2021-03-04,131.3204803466797,134.65234275952952,129.62838379639877,133.10852092740717,20093900,28.56999969482422,0.04,0.08,1.54,-0.015368261891190782,-0.015487577657134084,0.22289927173078286,0.24304320379468433,0.5528792242829664,0.1141041596155028,28.56999969482422,0.0712410803560184,-0.34648770221420466,1.5,0.0
2021-03-05,131.62576293945312,133.87607571631926,129.0614527214214,133.6405743082141,18465100,24.65999984741211,0.04,0.08,1.56,0.002324714256051408,0.002322016288392152,0.2134022551392859,0.24257704905530977,0.3944291102963665,0.09157313319911942,24.65999984741211,-0.1368568389631607,-0.2891122611445826,1.52,0.1200000000000001
2021-03-08,133.37014770507812,135.59429442874742,131.48616365851686,132.98637169830604,17133300,25.46999931335449,0.05,0.09,1.59,0.013252608962482482,0.013165561368741918,0.21419589755829946,0.24328232010273115,0.26015820655111926,0.1082041798241844,25.46999931335449,0.03284669387487371,-0.297387620419634,1.54,0.14000000000000012
2021-03-09,132.42819213867188,134.53894744807985,130.67504759847006,132.14036005435398,16238800,24.030000686645508,0.05,0.1,1.55,-0.00706271667696734,-0.0070877757200514735,0.21468371677595016,0.24313698300432884,0.16815226234725317,0.08341662924748294,24.030000686645508,-0.05653705007969734,-0.2654102366998378,1.5,0.13000000000000012
2021-03-10,135.30648803710938,136.20486690078857,132.14906603482623,132.49795942926417,14342200,22.559999465942383,0.04,0.08,1.53,0.021734766985442855,0.021501934601852405,0.2210579091024631,0.24479680823581582,0.010893989416139681,0.11140598381868272,22.559999465942383,-0.06117358213477153,-0.29390916779545917,1.49,0.06000000000000005
2021-03-11,134.59999084472656,136.1961298039182,133.76266004661483,134.41682015769786,11771500,21.90999984741211,0.04,0.08,1.54,-0.005221458354525033,-0.005235137806769947,0.22364499077301603,0.24467776941037397,-0.17451230026812659,0.10496922333627579,21.90999984741211,-0.028812040510530323,-0.2754299575397587,1.5,0.0
2021-03-12,136.19613647460938,137.48702207279578,135.254157580364,136.81541393269143,12849500,20.690000534057617,0.04,0.09,1.64,0.01185843787852936,0.01178867756142208,0.22290052704757646,0.24312457638008142,-0.11029823132869147,0.12120318545686137,20.690000534057617,-0.05568230588091916,-0.2991856205276511,1.5999999999999999,0.07999999999999985
2021-03-15,135.51580810546875,136.86774170092568,134.2859971773602,136.3705869233758,12101100,20.030000686645508,0.04,0.08,1.62,-0.004995210486513746,-0.0050077282537363075,0.22368157168263067,0.24258503971645612,-0.1729309176454185,0.09996463978092773,20.030000686645508,-0.0318994601438356,-0.26706426956116414,1.58,0.030000000000000027
2021-03-16,133.89353942871094,134.8442626123489,132.74222410083289,134.39942504407122,12805600,19.790000915527344,0.02,0.07,1.62,-0.011971065954868076,-0.012043296192298965,0.21938523713449606,0.2448967265652711,-0.12679495576388905,0.06125193387057615,19.790000915527344,-0.011982015121855594,-0.31850113344926057,1.6,0.07000000000000006
2021-03-17,135.2716064453125,136.8328762701881,133.49229652546683,135.4896598492061,13952400,19.229999542236328,0.02,0.07,1.63,0.010292259226855949,0.01023965456617038,0.22089897028682373,0.2438173541176767,-0.05868034167736573,0.06884922583375808,19.229999542236328,-0.028297187841544558,-0.3228463952702622,1.6099999999999999,0.09999999999999987
2021-03-18,137.50442504882812,141.0281743267799,137.03343571032758,137.46082502981295,21898500,21.57999992370605,0.01,0.08,1.71,0.01650618826958561,0.016371441888280158,0.22569967607256552,0.24422628293430626,0.4231167025882027,0.08283514830436056,21.57999992370605,0.12220491094179375,-0.25453225470397933,1.7,0.16999999999999993
2021-03-19,135.31520080566406,136.01297426202373,131.8699601692327,135.6379155393002,54418800,20.950000762939453,0.01,0.07,1.74,-0.015921118483180896,-0.016049220999747996,0.23121153010280768,0.23856777206148222,2.1078422778096484,0.04810135409045935,20.950000762939453,-0.02919365908220095,-0.21804259855502528,1.73,0.10000000000000009
2021-03-22,131.67808532714844,134.29472606893358,131.3640879057773,133.27423777670813,19944800,18.8799991607666,0.03,0.06,1.69,-0.026878838865554755,-0.02724668128597623,0.2520685265837954,0.2438635747281644,0.11218579181647217,0.010440977349761349,18.8799991607666,-0.09880675545533557,-0.13049672965843512,1.66,0.06999999999999984
2021-03-23,130.36105346679688,132.68113158060393,129.92494665691171,131.11987505714148,17076300,20.299999237060547,0.01,0.08,1.63,-0.010001906217571799,-0.010052261327649912,0.25310599947224516,0.2403117790546977,-0.050000917938010814,-0.007635430329573145,20.299999237060547,0.07521187179100952,-0.14914118247021385,1.6199999999999999,0.009999999999999787
2021-03-24,131.37278747558594,133.60565181037424,130.70991003523355,130.8320193876385,13079800,21.200000762939453,0.02,0.07,1.62,0.007761014366509,0.007731052617041155,0.2462907587796308,0.23998186034112937,-0.2683034617942838,-0.01722562491203461,21.200000762939453,0.04433505220216083,-0.10070616041529494,1.6,-0.009999999999999787
2021-03-25,133.05616760253906,133.4224956631225,130.24763916247807,130.8320205907127,15608300,19.809999465942383,0.02,0.07,1.63,0.012813765767632601,0.012732364108093329,0.24592481600744628,0.24067312872842653,-0.12066014573504706,0.009062034160574273,19.809999465942383,-0.06556609655538248,0.0338035098094869,1.6099999999999999,-0.08000000000000007
2021-03-26,135.2716064453125,135.58560387927628,133.05618971767956,134.582563544935,16754400,18.86000061035156,0.02,0.06,1.67,0.016650403229644617,0.016513304999959646,0.22965748138164824,0.24182077179850597,-0.04784420343390762,0.05381541457467587,18.86000061035156,-0.04795552151447935,-0.008358253075120907,1.65,-0.07000000000000006
2021-03-29,133.1695556640625,134.0853825343547,131.7391260040835,132.68111821561928,17570300,20.739999771118164,0.03,0.06,1.73,-0.015539482648931346,-0.015661485972193818,0.22592202021853874,0.24505660366737955,-0.009148163938346044,0.014484953658633337,20.739999771118164,0.09968181865989667,0.058693732379166745,1.7,0.040000000000000036
2021-03-30,134.73953247070312,135.95190865581202,134.21621237657428,134.7220977838104,13184300,19.61000061035156,0.02,0.06,1.73,0.011789307239269409,0.011720354762206035,0.2286635367889253,0.244761886519357,-0.2543090893151553,0.029797969137163705,19.61000061035156,-0.05448404885424374,0.04010583675655526,1.71,0.10000000000000009
2021-03-31,132.77703857421875,134.74824932275993,132.68109457044977,133.69286528130098,16736700,19.39999961853028,0.03,0.07,1.74,-0.014565093558648656,-0.014672205873380922,0.22547328252984072,0.24615212873424347,-0.05980356468748315,-0.004447090605094961,19.39999961853028,-0.010708872273590075,-0.07604289103756509,1.71,0.11999999999999988
2021-04-01,134.06796264648438,134.13772802488742,132.18397801543156,132.48924479994716,16561500,17.329999923706055,0.02,0.06,1.69,0.009722494838925178,0.009675535515164767,0.22051604475564232,0.24646357629138527,-0.06032229841596944,0.020921963524284104,17.329999923706055,-0.10670101729522852,-0.04411947815233347,1.67,0.06000000000000005
2021-04-05,134.77857971191406,135.93668879941802,133.88369183954055,135.46291203187323,13508000,17.90999984741211,0.03,0.06,1.73,0.005300424138639848,0.005286426331704654,0.22099599932677677,0.23003941308114878,-0.22264190684075696,0.02395288507395943,17.90999984741211,0.033467970355421706,-0.026480246706091667,1.7,0.06000000000000005
2021-04-06,133.8310546875,135.3576495515458,133.23446270516737,134.05039233758836,13071600,18.1200008392334,0.02,0.06,1.67,-0.007030234525689294,-0.007055063059808272,0.21809202510976436,0.2224034707232387,-0.23886030516393653,0.0034558481815667452,18.1200008392334,0.011725348610297948,-0.07613481270316293,1.65,-0.06000000000000005
2021-04-07,135.92791748046875,136.19112532911663,133.9275592504365,134.32237771706198,16903500,17.15999984741211,0.02,0.06,1.68,0.015667983771517013,0.015546508123118695,0.22284557679593214,0.2241105152828095,-0.017635601418147486,0.026427343643958823,17.15999984741211,-0.05298018473281174,-0.1285091651259966,1.66,-0.050000000000000044
2021-04-08,136.09461975097656,136.43678594687682,133.62926672573258,135.111991370403,12335500,16.950000762939453,0.01,0.05,1.64,0.0012264020048109447,0.001225650588168747,0.2097067235441808,0.2225862287935853,-0.27890489179042965,0.005824788783602486,16.950000762939453,-0.012237708994171426,-0.07420043177692084,1.63,-0.10000000000000009
2021-04-09,137.11236572265625,137.77914743229562,135.96303845267494,136.70000982448306,12122400,16.690000534057617,0.02,0.06,1.67,0.0074782234120784885,0.007450400125778208,0.21010757538809077,0.22108826158315764,-0.29208811057356665,0.018665490704438126,16.690000534057617,-0.015339245851263672,-0.08209962231818799,1.65,-0.020000000000000018
2021-04-12,136.82286071777344,137.96341948637908,136.4894765021956,136.4982451911569,12273400,16.90999984741211,0.02,0.06,1.69,-0.0021114434380660185,-0.0021136756774804357,0.20633481245774715,0.2212334852832482,-0.2820625011699081,0.004601630115116384,16.90999984741211,0.01318150427290643,-0.05450748820011826,1.67,-0.040000000000000036
2021-04-13,135.19093322753906,136.16479280287132,133.73452820725734,135.76998776147846,16113600,16.649999618530273,0.03,0.06,1.64,-0.011927301341846497,-0.011999002303457969,0.21014562771601766,0.22287662985122633,-0.06836181923145747,-0.0023973208917209554,16.649999618530273,-0.015375531119335095,-0.05590459739399094,1.6099999999999999,-0.030000000000000027
2021-04-14,132.66419982910156,134.9628542854535,132.41852932679228,132.89230618237104,19939600,16.989999771118164,0.02,0.06,1.64,-0.01869010989209441,-0.01886697724317653,0.21657810042343187,0.2231767471070969,0.12955054712640032,-0.009181470628490729,16.989999771118164,0.020420430052712657,-0.0900060239682661,1.6199999999999999,-0.040000000000000036
2021-04-15,133.50640869140625,133.53272813240804,131.00596808510227,132.6992479303067,17694100,16.56999969482422,0.02,0.06,1.56,0.0063484260515620505,0.006328359676716178,0.21444951435417717,0.22304656231486208,-0.008165464016632502,-0.01304928506648495,16.56999969482422,-0.024720428602236777,-0.08368676289915701,1.54,-0.07999999999999985
2021-04-16,134.4978485107422,135.55943523079884,133.96266411381282,134.9979313870785,13773400,16.25,0.02,0.06,1.59,0.007426159006550748,0.007398720844127303,0.20724400992106734,0.22054777386877247,-0.20994704739692482,-0.021865307512964005,16.25,-0.019311991594313294,-0.28174402109454283,1.57,-0.07999999999999985
2021-04-19,133.92759704589844,135.0067481911693,133.55034261997446,134.60316092437262,11900200,17.290000915527344,0.02,0.08,1.61,-0.004239855664294967,-0.004248869339131124,0.20006722349364994,0.21986291666571328,-0.22259455034873235,-0.010254603706781329,17.290000915527344,0.06400005634014416,-0.31994715432052223,1.59,-0.07999999999999985
2021-04-20,130.96212768554688,133.1379534230256,130.41816121069638,133.12918473646477,13716700,18.68000030517578,0.03,0.07,1.58,-0.022142332318075275,-0.022391153605991348,0.19204421677529,0.22467946949141265,-0.08532039492724147,-0.005437181440046013,18.68000030517578,0.08039325136184017,-0.6909404506396501,1.55,-0.05999999999999983
2021-04-21,132.076416015625,132.13783701263597,128.7863497066861,129.66370072240315,12236700,17.5,0.03,0.07,1.57,0.008508477601659292,0.008472484526187417,0.19078578614230907,0.22301713294374284,-0.1706293801087148,0.013158550834088123,17.5,-0.06316918018726325,-0.6862836008855657,1.54,-0.06999999999999984
2021-04-22,129.29515075683594,131.86579491895148,129.19864165749425,131.80437395241248,15256100,18.709999084472656,0.03,0.06,1.57,-0.021058000683937594,-0.021282883031938878,0.20386022432183112,0.22784290913482955,0.026447191232734407,-0.015814817959435512,18.709999084472656,0.06914280482700885,-0.7727785521152919,1.54,0.010000000000000009
2021-04-23,131.769287109375,132.5939988050386,128.69856004774692,129.12845326849802,14041900,17.329999923706055,0.03,0.07,1.58,0.01913556957129936,0.01895478716884171,0.2104280968866215,0.22127815286317748,-0.05024080645559479,-0.009671708695294656,17.329999923706055,-0.07375730776554967,-0.7805812861016576,1.55,-0.010000000000000009
2021-04-26,132.09390258789062,133.7608767400064,131.93598590771848,132.2869207885283,10799100,17.639999389648438,0.03,0.06,1.58,0.0024635139616879798,0.002460484485585965,0.2010757407312669,0.21915759779800453,-0.25456256087383594,-0.0234912849852682,17.639999389648438,0.017888024657076285,-0.7636116080396679,1.55,-0.030000000000000027
2021-04-27,132.6992645263672,132.9800231152391,131.69908548129706,132.04125164441825,12821200,17.559999465942383,0.01,0.06,1.63,0.004582815153589603,0.004572346029412082,0.1944787013556239,0.21733228554966766,-0.10023351737520154,-0.003531521415312655,17.559999465942383,-0.004535143224154603,-0.7420005417291603,1.6199999999999999,0.04999999999999982
2021-04-28,133.55908203125,134.13813665729336,132.83087940528182,133.73454947896698,8943700,17.280000686645508,0.01,0.05,1.63,0.006479444388419964,0.006458543026188891,0.19107653410300968,0.21725956910978697,-0.36286838523677206,-0.008760980669944018,17.280000686645508,-0.015945261264952326,-0.7272181701664722,1.6199999999999999,0.05999999999999983
2021-04-29,136.15606689453125,136.2350252501555,134.410134058748,134.7084301048687,12976900,17.610000610351562,0.01,0.05,1.65,0.019444464755108193,0.01925783652768128,0.1954645863713901,0.21239936351025016,-0.06300284018396392,0.025448890535570312,17.610000610351562,0.019097217048208215,-0.6740398123169192,1.64,0.07999999999999985
2021-04-30,134.9453125,135.54191795276398,134.24342924446398,135.19975170644523,11705100,18.61000061035156,0.01,0.05,1.65,-0.008892401360779068,-0.008932174724461488,0.1959937272975254,0.2128879038073466,-0.13975057021813256,0.006544067920455143,18.61000061035156,0.05678591512439657,-0.7080092976530965,1.64,0.06999999999999984
2021-05-03,134.5504913330078,136.41047035952002,134.3487044392825,135.85774857346306,11801100,18.309999465942383,0.04,0.06,1.63,-0.0029257864513981824,-0.002930074931404895,0.19540487718483826,0.20879292859388243,-0.12722084948995252,-0.001692319205275683,18.309999465942383,-0.016120426360561435,-0.7251450457201783,1.5899999999999999,0.04999999999999982
2021-05-04,136.4104766845703,136.55085600293526,133.4801286970724,134.1205909295631,12977700,19.479999542236328,0.02,0.06,1.61,0.013823697952608072,0.013729022155380185,0.19945688167708747,0.21004992235987702,-0.03986913864031585,0.019273717920652578,19.479999542236328,0.06389951449590203,-0.5938687636430582,1.59,-0.019999999999999796
2021-05-05,138.20028686523438,138.86706858191752,135.66474386208077,136.86671004455872,10506700,19.14999961853028,0.02,0.06,1.59,0.013120767731079397,0.013035436059057633,0.19720682445870097,0.20942841996149775,-0.2038421566513889,0.016717458980360922,19.14999961853028,-0.016940448226938853,-0.5672398465129319,1.57,-0.039999999999999813
2021-05-06,140.98147583007812,141.09553569668807,137.88442915621852,138.68282144787173,13542400,18.38999938964844,0.02,0.05,1.58,0.020124335686479533,0.019924517599097583,0.20854940310383543,0.21219877093787065,0.021520543708654232,0.035907783041265295,18.38999938964844,-0.0396866968157239,-0.600929060820696,1.56,-0.06999999999999984
2021-05-07,141.46401977539062,141.6921261187515,137.76159906216986,137.9370665099327,14257800,16.690000534057617,0.02,0.05,1.6,0.00342274715505253,0.0034169028878446796,0.20757992315418913,0.21217164873923147,0.06689155162389337,0.031737867185055224,16.690000534057617,-0.0924414851556622,-0.5468005340786442,1.58,-0.04999999999999982
2021-05-10,141.4464569091797,143.6486019728522,141.3587164991532,141.6921139924855,14014300,19.65999984741211,0.02,0.05,1.63,-0.00012415076454652674,-0.00012415847189061718,0.20723248576927314,0.21195771986207873,0.04188451120239776,0.03379257067971575,19.65999984741211,0.1779508219483823,-0.4440837250154443,1.6099999999999999,0.0
2021-05-11,139.09515380859375,142.4729588660598,138.65647852254918,141.3236317585922,15451700,21.84000015258789,0.01,0.05,1.64,-0.01662327322978241,-0.016762990371167984,0.2120320394326059,0.21418797385936483,0.15158051009776552,0.02887930786366799,21.84000015258789,0.11088506216152072,-0.5394297190276388,1.63,0.029999999999999805
2021-05-12,138.13882446289062,141.06040304223086,137.7703388836007,140.03390463121488,14381700,27.59000015258789,0.02,0.05,1.69,-0.0068753606399480915,-0.006899104827734168,0.20080038257134422,0.21006302251069583,0.09450396406372183,0.041266782152543646,27.59000015258789,0.26327838643896095,-0.5395782373570583,1.67,0.09999999999999987
2021-05-13,141.69215393066406,142.5256345116176,138.34066745512558,138.7793428542917,15395000,23.1299991607666,0.02,0.05,1.66,0.025722887693517382,0.025397620300381687,0.21698152663108253,0.21567854005636966,0.18196049587830146,0.06131350037419381,23.1299991607666,-0.1616528077982975,-0.6154850517186913,1.64,0.07999999999999985
2021-05-14,143.89425659179688,144.28029296961097,142.12201814791476,142.4729530073966,10584000,18.809999465942383,0.01,0.06,1.63,0.015541458013337728,0.015421926427366284,0.22098297110483836,0.21744056005366424,-0.17733473242392445,0.06986288766027515,18.809999465942383,-0.18677042159827906,-0.628283556528293,1.6199999999999999,0.029999999999999805
2021-05-17,144.47332763671875,144.63125771261335,143.03447312904086,143.33276913235386,9886800,19.71999931335449,0.02,0.06,1.64,0.004024281848612032,0.004016206085261755,0.2191401181310645,0.2153854301981176,-0.22546559570319386,0.07874202795713692,19.71999931335449,0.04837851532424353,-0.6205348381509389,1.6199999999999999,0.010000000000000009
2021-05-18,142.43788146972656,145.20153062519208,142.34137236403018,144.48209667594475,11098100,21.34000015258789,0.02,0.06,1.64,-0.01408873319586268,-0.014188921528375762,0.20778296460511378,0.21729029970593794,-0.12156182968046288,0.08762650689162688,21.34000015258789,0.08215014683780075,-0.633549513713838,1.6199999999999999,0.0
2021-05-19,141.34996032714844,141.41136790975796,139.1829032032472,141.2534512224979,13278900,22.18000030517578,0.01,0.05,1.68,-0.007637863827744118,-0.007667181688963988,0.2112503524116805,0.2176550957676642,0.04673573487645052,0.07021347634407604,22.18000030517578,0.0393627060253805,-0.6283424293158486,1.67,-0.010000000000000009
2021-05-20,141.1042938232422,142.00796383963726,139.95496671815567,141.1042938232422,10426000,20.670000076293945,0.01,0.05,1.63,-0.0017380019303695482,-0.0017395140079743796,0.19143388426412933,0.21508407216722356,-0.1622005053636123,0.09133477162353576,20.670000076293945,-0.06807936014903804,-0.6097810358139503,1.6199999999999999,-0.030000000000000027
2021-05-21,142.70986938476562,143.2011836393055,141.20082509593067,141.5517600242279,10249000,20.14999961853028,0.01,0.04,1.63,0.011378644249725678,0.01131439440198839,0.18554395607111818,0.2139477958463719,-0.16367873643599357,0.08302831802003596,20.14999961853028,-0.025157254757828706,-0.5949605903930181,1.6199999999999999,0.0
2021-05-24,143.48190307617188,144.0872770977236,142.23606690147864,143.32398640305766,9440300,18.39999961853028,0.02,0.04,1.61,0.00540981289335174,0.005395232417042221,0.18551593403363376,0.20584888854704558,-0.22537441781844797,0.08621140162547691,18.39999961853028,-0.08684863687990696,-0.5867201426703846,1.59,-0.029999999999999805
2021-05-25,141.99917602539062,145.37696723354674,141.74473689739398,143.75387692956693,12609100,18.84000015258789,0.02,0.04,1.56,-0.010333895905981216,-0.01038766133324455,0.19251604846516515,0.20282824258235704,0.03554318363150099,0.07008261524445425,18.84000015258789,0.02391307299889811,-0.5740803780898761,1.54,-0.07999999999999985
2021-05-26,141.98165893554688,143.657401909352,141.5254328438321,143.5082539036067,13058300,17.360000610351562,0.02,0.04,1.58,-0.00012336050344841087,-0.00012336811298113335,0.19254083149175108,0.20262805407566906,0.05461577631158666,0.0630625546102972,17.360000610351562,-0.07855623833596592,-0.5503604152178097,1.56,-0.09999999999999987
2021-05-27,144.1925811767578,144.54351607330236,142.63089812871073,143.8416328929051,15707500,16.739999771118164,0.02,0.04,1.61,0.015571886240705268,0.015451888543912756,0.18872984859110464,0.20138029218139814,0.2547354631018307,0.059024283423608104,16.739999771118164,-0.035714332801561,-0.5901730348705827,1.59,-0.019999999999999796
2021-05-28,144.0960693359375,144.71021208688285,143.2362560973061,144.48209235988318,10291300,16.760000228881836,0.01,0.05,1.58,-0.0006693259808007168,-0.0006695500794372769,0.1841004472483859,0.1983713614790633,-0.173249110190205,0.06781085364441619,16.760000228881836,0.0011947704920629576,-0.5811354322941377,1.57,-0.04999999999999982
2021-06-01,145.68405151367188,146.4385734704176,145.18395530856208,145.5261214641034,9445400,17.899999618530273,0.02,0.04,1.62,0.01102030183788183,0.01096002078417461,0.184487495021869,0.19930314682757502,-0.23395592898678844,0.08274633611785842,17.899999618530273,0.06801905573270361,-0.5599340328772755,1.6,0.010000000000000009
2021-06-02,145.69284057617188,146.90358870541354,145.2278458225111,146.74565863375648,10498600,17.479999542236328,0.02,0.05,1.59,6.03296133563358e-05,6.032779359840176e-05,0.1812543319588287,0.19788516925013447,-0.1398922428006549,0.06804729458621939,17.479999542236328,-0.023463691913108042,-0.5964930018719684,1.57,0.030000000000000027
2021-06-03,145.78936767578125,146.7369080607674,144.4645729067418,145.12258594737304,13354400,18.040000915527344,0.02,0.04,1.63,0.0006625383871139423,0.0006623190054505767,0.17771905423699988,0.19708895994555034,0.08145665921368778,0.05491364007042443,18.040000915527344,0.03203669267484277,-0.6026887878564178,1.6099999999999999,0.04999999999999982
2021-06-04,146.02622985839844,146.22801673945722,144.789162351524,145.82444297733966,8510800,16.420000076293945,0.02,0.05,1.56,0.0016246876325298754,0.0016233692553524583,0.1656176993414505,0.19267723123313452,-0.2964507582489801,0.03578309844337735,16.420000076293945,-0.089800485422317,-0.601535009057967,1.54,-0.050000000000000044
2021-06-07,145.34190368652344,146.60529069316695,144.88567762583378,146.51755027819704,7267200,16.420000076293945,0.02,0.05,1.57,-0.0046863236319844015,-0.004697338874042313,0.16703810933204002,0.19260280819107614,-0.3813790602532301,0.027412510384548172,16.420000076293945,0.0,-0.5997785935886834,1.55,-0.010000000000000009
2021-06-08,144.7628173828125,145.42959887375207,143.1484958443452,144.31537349396808,10370700,17.06999969482422,0.02,0.05,1.53,-0.003984303831329528,-0.00399226231622135,0.16805277620421344,0.19163799292506453,-0.1032870913184681,0.023446048392447016,17.06999969482422,0.039585847473210256,-0.638752075053781,1.51,-0.09000000000000008
2021-06-09,142.95553588867188,144.07854379765377,142.37648117042207,144.00835412992862,12377400,17.889999389648438,0.03,0.05,1.5,-0.012484431615899183,-0.012563016878879563,0.16268785008258305,0.19327100673148886,0.08464030881061033,0.0277535339972399,17.889999389648438,0.048037475658119,-0.60759743325588,1.47,-0.09000000000000008
2021-06-10,140.72702026367188,144.97340702152871,140.64806192858512,144.20133426786262,12119400,16.100000381469727,0.03,0.05,1.45,-0.015588872520022501,-0.015711656709561265,0.17140187219290756,0.19446210133417377,0.07266420673351383,0.018736193903811094,16.100000381469727,-0.10005584512285925,-0.5034962097125992,1.42,-0.17999999999999994
2021-06-11,140.63052368164062,141.4289159513702,139.55138617752195,140.7533522318061,13683800,15.649999618530272,0.03,0.05,1.47,-0.0006857004564614355,-0.0006859356565434463,0.14498478418782026,0.1934906028841718,0.2203677031263238,-0.0074925126026592626,15.649999618530272,-0.02795035728430062,-0.3582063979876072,1.44,-0.09000000000000008
2021-06-14,138.244140625,140.66562346432084,137.44574836513888,140.50769339474135,19917900,16.389999389648438,0.03,0.05,1.51,-0.01696916852875352,-0.01711479465618401,0.14396018248140038,0.19403693994416912,0.7053660908879584,-0.03926575042411373,16.389999389648438,0.04728433157544454,-0.229873820257853,1.48,-0.06000000000000005
2021-06-15,136.1472625732422,137.67385746909093,135.22605513352613,137.48083926200746,24485500,17.020000457763672,0.03,0.08,1.51,-0.01516793436798014,-0.015284144089559986,0.14945403275436595,0.19377130141593307,0.9731286081286242,-0.05763046508081149,17.020000457763672,0.0384381385952417,-0.31294525778738747,1.48,-0.020000000000000018
2021-06-16,137.1035614013672,138.2879765009441,134.33113070915846,135.75243418357306,25321200,18.14999961853028,0.04,0.08,1.57,0.007024003347922969,0.006999449944816209,0.14726325612474434,0.185667297890554,0.9298761073682791,-0.03745015029230914,18.14999961853028,0.0663924283416315,-0.14863113558499344,1.53,0.07000000000000006
2021-06-17,133.146728515625,138.14763788130867,132.6992845079548,137.83179111492137,29722400,17.75,0.04,0.08,1.52,-0.02886017580651068,-0.029284820858577514,0.17571847283929476,0.19439123069929268,1.1317367159130765,-0.05803490706709369,17.75,-0.022038546938695225,-0.07315156923597432,1.48,0.07000000000000006
2021-06-18,129.77772521972656,131.3394085305065,129.46187840477612,130.98847357492173,43595700,20.700000762939453,0.05,0.09,1.45,-0.02530293709396758,-0.025628560974760992,0.19306896150010058,0.20089619496618943,1.794364185793551,-0.08027089960638711,20.700000762939453,0.166197226081096,-0.2946153880269639,1.4,-0.020000000000000018
2021-06-21,131.9798583984375,132.6554221808849,130.74280409494676,130.79544299458777,18664800,17.889999389648438,0.05,0.09,1.5,0.016968498831232415,0.016826141986141956,0.1998107584297436,0.20219309345898753,0.16494201597357647,-0.07518758886533994,17.889999389648438,-0.13574885360979994,-0.40069155939866374,1.45,-0.010000000000000009
2021-06-22,131.78684997558594,132.4536316650738,130.42695376019716,132.1290162012494,14251200,16.65999984741211,0.04,0.09,1.48,-0.0014624081673801914,-0.0014634785298693715,0.19703916277813965,0.19920516013596748,-0.12368417654463024,-0.0815089070457704,16.65999984741211,-0.06875347032979973,-0.3747300066678795,1.44,-0.030000000000000027
2021-06-23,132.585205078125,133.39236594261897,131.68153512182707,131.77804421363103,12733300,16.31999969482422,0.05,0.08,1.5,0.006057926892455212,0.0060396514238330815,0.19887333729930926,0.19707349791766013,-0.21731973515013978,-0.06629595474259886,16.31999969482422,-0.020408172611160347,-0.37126386064204225,1.45,-0.07000000000000006
2021-06-24,133.80471801757812,134.3399023503989,132.67294177921602,133.2870844429515,13733200,15.970000267028809,0.05,0.08,1.49,0.009197956429109366,0.00915591284128595,0.20359122560984347,0.19648722013893008,-0.1576059870259839,-0.057591529633279626,15.970000267028809,-0.021446043770847023,-0.372998277193079,1.44,-0.030000000000000027
2021-06-25,135.15586853027344,135.55067364011308,133.06776972683014,133.87493070772467,15484900,15.619999885559082,0.06,0.09,1.54,0.010097928777951015,0.010047285339020131,0.19793177864376466,0.19519202093929194,-0.04950785549848064,-0.06267113448372741,15.619999885559082,-0.021916116193956947,-0.36278947427522024,1.48,0.09000000000000008
2021-06-28,135.4014892578125,135.5330864632982,133.46253897739354,134.8487542201632,14125800,15.760000228881836,0.05,0.08,1.49,0.0018173145584428063,0.0018156652402582846,0.19855478718670516,0.19424115840694267,-0.14301730612660907,-0.06033877341827376,15.760000228881836,0.008962890163154658,-0.3587770873380041,1.44,-0.010000000000000009
2021-06-29,135.23477172851562,137.13862023111477,134.7697771507395,135.98929350539248,14528700,16.020000457763672,0.04,0.08,1.49,-0.001231282833081937,-0.0012320414845964553,0.19169239836554156,0.19396625417842195,-0.13195910104021874,-0.07172562594592335,16.020000457763672,0.01649747621230091,-0.44507495127807195,1.45,0.010000000000000009
2021-06-30,136.46311950683594,136.93689637311638,134.85757953585502,134.89266767280108,12531000,15.829999923706056,0.05,0.07,1.45,0.009083076509244448,0.009042073471927429,0.19663022508633393,0.1942506954508544,-0.25583312276021714,-0.06335054648420013,15.829999923706056,-0.011860207779553211,-0.43710412728386583,1.4,-0.050000000000000044
2021-07-01,137.814208984375,137.8668478689065,136.35780403824558,137.0947751962971,10479400,15.479999542236328,0.05,0.09,1.48,0.009900766466586441,0.009852075003038393,0.20170939870058702,0.19268905094205804,-0.3723111681999902,-0.05470329433859733,15.479999542236328,-0.02210994208190664,-0.45119284256731673,1.43,-0.010000000000000009
2021-07-02,137.681884765625,137.93779019006493,136.8788916212101,137.61129063007104,11424000,15.06999969482422,0.05,0.08,1.44,-0.0009601638301679483,-0.0009606250827339863,0.20116346209020744,0.19269287761137896,-0.3216504486851188,-0.05714278250465654,15.06999969482422,-0.02648577903981497,-0.4499303252655818,1.39,-0.10000000000000009
2021-07-06,135.36997985839844,137.46127888466538,134.43463115406732,137.46127888466538,15083400,16.440000534057617,0.05,0.07,1.37,-0.01679164191543503,-0.01693421986676484,0.2071792783372177,0.19523376953279217,-0.12467062855431724,-0.06861010882059626,16.440000534057617,0.09090914843906206,-0.49018448775942225,1.32,-0.11999999999999988
2021-07-07,135.52879333496094,136.13765589444844,133.7286902353244,134.13458963201415,12271800,16.200000762939453,0.05,0.08,1.33,0.001173180912995786,0.0011724932740325349,0.20784439691044515,0.19521329180179575,-0.2917421280633287,-0.06378726398667,16.200000762939453,-0.014598525749495717,-0.4950371724143824,1.28,-0.15999999999999992
2021-07-08,133.19039916992188,134.59342185109995,132.39622548031969,133.7816097312148,17834600,19.0,0.06,0.07,1.3,-0.017253855121838857,-0.017404437477827276,0.21138778149173096,0.19692052058133458,0.01335257619491352,-0.06830890918666277,19.0,0.17283945093793274,-0.5253631317305528,1.24,-0.1499999999999999
2021-07-09,137.4524383544922,137.7877436054317,134.6375599960046,135.05229204995146,13694500,16.18000030517578,0.06,0.08,1.37,0.03199959765217675,0.03149827718737323,0.23983719220194272,0.20352212729036542,-0.2253521325937849,-0.023269034639149644,16.18000030517578,-0.14842103656969574,-0.7242161310879973,1.31,-0.10999999999999988
2021-07-12,139.42022705078125,140.4438218226232,135.83765881378912,136.19944871039002,19940400,16.170000076293945,0.05,0.08,1.38,0.014316142513340457,0.014214634203015488,0.2459951120839642,0.20510724849916903,0.10834278008924926,-0.00860621577147247,16.170000076293945,-0.000618061105884915,-0.7118356203620317,1.3299999999999998,-0.06000000000000005
2021-07-13,137.3465576171875,138.88194967688793,135.4493891484468,137.6995282734453,22671700,17.1200008392334,0.05,0.08,1.42,-0.014873519269470559,-0.014985239220475071,0.24418916295808127,0.20711533500539756,0.25058504733470777,-0.006492738164196599,17.1200008392334,0.058750819941689736,-0.7171665806005678,1.3699999999999999,0.04999999999999982
2021-07-14,136.87887573242188,138.784876777768,134.96405547032572,137.61127465626654,14622800,16.329999923706055,0.06,0.08,1.37,-0.0034051227266223005,-0.003410933351357319,0.23810377445188555,0.20704298421341513,-0.1708428452676213,0.0053736898219756135,16.329999923706055,-0.04614491102809537,-0.7011693062542876,1.31,0.040000000000000036
2021-07-15,137.17886352539062,138.12303108732175,135.6258201121969,135.80229864611914,11539300,17.010000228881836,0.05,0.07,1.31,0.0021916295802661967,0.00218923146337441,0.23690932646444693,0.20156031039499203,-0.3190805613736524,0.0005492353608742562,17.010000228881836,0.041641170137951544,-0.728455731482409,1.26,0.010000000000000009
2021-07-16,134.04635620117188,137.90246776693053,133.26101506281606,137.6201047273012,14002700,18.450000762939453,0.05,0.08,1.31,-0.022835203935327453,-0.023099965559930147,0.22759392793671301,0.20672834993948971,-0.1335316750677262,0.00675666383677842,18.450000762939453,0.08465611491366087,-0.8556756309371161,1.26,-0.06000000000000005
2021-07-19,129.687255859375,132.2021192170501,128.5754287611085,131.08145943847524,22172900,22.5,0.05,0.07,1.19,-0.032519349763263206,-0.03305985403350876,0.24002753356950768,0.2132723374988515,0.469423812023179,-0.0006971100795486462,22.5,0.21951214469301195,-0.8710359038166742,1.14,-0.18999999999999995
2021-07-20,132.1050567626953,133.34923944723272,129.12251907731843,129.2901784332825,15385200,19.729999542236328,0.05,0.08,1.23,0.01864331917040496,0.01847166271094431,0.24162638668572015,0.21309165065823968,0.030796875690929777,0.0009486172039967489,19.729999542236328,-0.12311113145616315,-0.8757365132130152,1.18,-0.18999999999999995
2021-07-21,134.88467407226562,135.5817693653039,133.5610641658118,134.16992687709356,12356700,17.90999984741211,0.05,0.07,1.3,0.021040960714800105,0.020822656609743345,0.25248403133175923,0.21726355613239431,-0.16682259201534103,0.023506321740397906,17.90999984741211,-0.09224529838067741,-0.9082630452834455,1.25,-0.07000000000000006
2021-07-22,133.1815948486328,135.39644358575345,132.33449222335798,134.9022981436009,9913300,17.690000534057617,0.05,0.07,1.27,-0.012626187781129006,-0.012706575466885132,0.2564185011052508,0.21870973939921362,-0.32515828143513037,0.004498162296135533,17.690000534057617,-0.012283602190330645,-0.8800860343015244,1.22,-0.040000000000000036
2021-07-23,132.92567443847656,134.86696545874045,132.58153654608637,133.66689244293994,9666100,17.200000762939453,0.05,0.07,1.3,-0.001921589919741673,-0.0019234385422273364,0.2543073003137218,0.21833670593100943,-0.3327493397282704,-0.006569600774361972,17.200000762939453,-0.027699251346815612,-0.8736209033497516,1.25,-0.010000000000000009
2021-07-26,133.81690979003906,134.09046705273036,132.51095223822455,132.5286041342421,8208000,17.579999923706055,0.05,0.08,1.29,0.006704764563560728,0.006682387595483314,0.2527620355761975,0.21507636966834046,-0.41880452026766996,-0.009906774709782296,17.579999923706055,0.02209297348319761,-0.8657358124759892,1.24,0.10000000000000009
2021-07-27,133.64044189453125,134.55815205840102,132.1844767714365,132.71391251417427,11218700,19.36000061035156,0.05,0.07,1.25,-0.0013187264284064693,-0.0013195967132988904,0.2526264008248512,0.2143342427940691,-0.19736056995434012,-0.013006115168557097,19.36000061035156,0.10125146156828091,-0.8462424229350056,1.2,0.020000000000000018
2021-07-28,133.8610382080078,134.8052194485583,133.137472015464,134.38165471372804,9217300,18.309999465942383,0.05,0.07,1.26,0.001650670338628979,0.0016493094796927355,0.2527460562597044,0.21428709450844816,-0.32777797631072464,-0.010158138346738177,18.309999465942383,-0.05423559459227256,-0.8391230255599326,1.21,-0.040000000000000036
2021-07-29,135.0081787109375,135.77586796753158,134.0463589698904,135.13171506791187,9063500,17.700000762939453,0.06,0.08,1.28,0.008569636977916906,0.008533126080755177,0.25249726361499025,0.2131177628207246,-0.3305296855627898,-0.010661787603540418,17.700000762939453,-0.0333150584814359,-0.842812702019557,1.22,0.010000000000000009
2021-07-30,133.93161010742188,135.59935726378953,133.41981290276277,134.6375377505534,9805200,18.239999771118164,0.06,0.07,1.24,-0.00797409915306424,-0.00800606231338356,0.2507035193057662,0.21190730798436888,-0.2739365571966007,-0.028172703711511482,18.239999771118164,0.03050841722613762,-0.8426671908479685,1.18,-0.06000000000000005
2021-08-02,133.3933563232422,136.2876478573174,133.3051237735218,134.15222626598455,10203200,19.459999084472656,0.05,0.07,1.2,-0.004018870405186448,-0.004026967766966374,0.2508637877971849,0.2076789373320701,-0.241034651150941,-0.031148095115658414,19.459999084472656,0.0668859281065497,-0.8436384010509206,1.15,-0.09000000000000008
2021-08-03,134.9111328125,135.29057461904614,131.93742713752215,134.0816685262622,10394800,18.040000915527344,0.05,0.07,1.19,0.01137820151687241,0.011313956650061662,0.24795833285447166,0.2090099878849765,-0.21305974993820564,-0.0033895775590599975,18.040000915527344,-0.07297010461209863,-0.8425963952010523,1.14,-0.06000000000000005
2021-08-04,133.45518493652344,135.33470192186084,133.16398912990343,133.46400415570946,10155000,17.969999313354492,0.05,0.07,1.19,-0.010791903126334601,-0.010850558093743672,0.2507521265107116,0.21001750869383137,-0.2250040924820818,-0.015300131783159587,17.969999313354492,-0.003880354690702914,-0.8279610837660124,1.14,-0.07000000000000006
2021-08-05,135.1405487060547,135.61705575127223,134.1346058449287,134.37285936753747,9151500,17.280000686645508,0.05,0.08,1.23,0.01262868707823439,0.0125496102711198,0.24691175007679597,0.20919220031072341,-0.27765420541567937,0.014641817640660859,17.280000686645508,-0.03839725392733928,-0.8237067436103679,1.18,-0.050000000000000044
2021-08-06,138.97900390625,139.26138040886983,136.87005321094915,136.94064733660412,13328800,16.149999618530273,0.06,0.09,1.31,0.028403430627948367,0.02800753229274233,0.24139099264109315,0.2167143138992323,0.053588868104171614,0.011106136566459313,16.149999618530273,-0.06539357773223542,-0.7804287784141893,1.25,0.07000000000000006
2021-08-09,138.82899475097656,139.90553159133748,137.5671466499672,138.99665411431266,9516900,16.719999313354492,0.06,0.08,1.33,-0.0010793655952133774,-0.0010799485297615244,0.23595360565709106,0.21020928902258468,-0.21540386885721635,-0.004240649382885708,16.719999313354492,0.035294099584386895,-0.7943697788477724,1.27,0.13000000000000012
2021-08-10,140.53204345703125,141.16737716497397,137.92894717656085,138.3083889436853,8667000,16.790000915527344,0.05,0.08,1.36,0.012267240781434152,0.012192607922834995,0.23308971252685454,0.2092771591382246,-0.24169546290305435,0.023193051905402218,16.790000915527344,0.004186698866484928,-0.7748845166585665,1.31,0.17000000000000015
2021-08-11,142.20858764648438,142.50860252559653,140.3731811189656,141.18499321421328,9156500,16.170000076293945,0.05,0.08,1.35,0.011929978019324494,0.011859376790909659,0.2354206697861901,0.2105962438422544,-0.17924047138210114,0.038937431985351045,16.170000076293945,-0.03692679007897037,-0.7993814833331643,1.3,0.16000000000000014
2021-08-12,142.7644805908203,143.27627775744608,141.67030561650557,142.84390737480194,8844200,15.59000015258789,0.06,0.09,1.36,0.003908997013020166,0.003901376736167145,0.23552603503835332,0.2087421552931335,-0.19754114164521214,0.04071776745982336,15.59000015258789,-0.0358688881242718,-0.8037319558293109,1.3,0.13000000000000012
2021-08-13,141.1673583984375,143.0910111652187,140.80558204254052,142.7645116730848,8980900,15.449999809265137,0.06,0.08,1.29,-0.011187111708551356,-0.011250158088323789,0.22215640427384126,0.2094350603342727,-0.1661409145626137,0.053123429827355295,15.449999809265137,-0.0089801373927193,-0.766329906085571,1.23,-0.020000000000000018
2021-08-16,140.24082946777344,140.32907548523525,138.34366127241137,140.24966214819074,8755800,16.1200008392334,0.06,0.08,1.26,-0.006563336887334681,-0.0065849702930576735,0.18207202586536073,0.20983985235485622,-0.13304018147558822,0.08137710631985384,16.1200008392334,0.04336576299285588,-0.6304244644552431,1.2,-0.07000000000000006
2021-08-17,138.54661560058594,140.17907272720126,137.01123717510467,139.0407744647082,9347200,17.90999984741211,0.07,0.07,1.26,-0.012080746196504899,-0.012154311493635267,0.18204400586247416,0.20989816292088265,-0.04596362552602544,0.04876088013392099,17.90999984741211,0.1110421163144204,-0.6296178911800344,1.19,-0.10000000000000009
2021-08-18,137.28480529785156,139.42904663635017,137.07302289001214,137.92895827473794,8065500,21.56999969482422,0.07,0.07,1.27,-0.009107478354953291,-0.009149204978715552,0.1726164041203803,0.21027143504098222,-0.15835069920911785,0.017793950588486096,21.56999969482422,0.20435510209906327,-0.5590122000398154,1.2,-0.08000000000000007
2021-08-19,136.13763427734375,137.26711319275807,135.0169745771691,135.14934359246888,9517700,21.670000076293945,0.06,0.06,1.24,-0.008356139763748271,-0.008391248016067224,0.16874713179296136,0.20991953993804674,-0.004756780948616518,0.022195555114583376,21.670000076293945,0.004636086364605774,-0.5921510344316143,1.18,-0.1200000000000001
2021-08-20,136.52589416503906,136.6847208248782,135.14934258863053,136.19940816573595,6974100,18.559999465942383,0.05,0.06,1.26,0.002851965878181373,0.0028479067393484187,0.16846387201096266,0.21004283913289426,-0.2603241842099402,0.027084457098081716,18.559999465942383,-0.1435164097555205,-0.5544222991525738,1.21,-0.030000000000000027
2021-08-23,138.27308654785156,138.61722452110422,136.98478068468157,137.06419403286594,7934600,17.149999618530273,0.05,0.07,1.25,0.01279751649676375,0.012716320288618712,0.17232097987587772,0.2092201708921722,-0.15723128821062737,0.03330055046708447,17.149999618530273,-0.07596982155088206,-0.5888416489890897,1.2,-0.010000000000000009
2021-08-24,139.12899780273438,139.90551964474028,138.42307007949734,138.53778720555314,7670900,17.219999313354492,0.05,0.06,1.29,0.006190006141119975,0.006170926747003944,0.17266683661908247,0.20969336518139883,-0.16959403650109933,0.04106957318006077,17.219999313354492,0.004081614949343004,-0.5933649192300179,1.24,0.030000000000000027
2021-08-25,141.99684143066406,142.7557115008101,139.24373767127554,139.87023869794103,11335000,16.790000915527344,0.06,0.07,1.35,0.020612838971181935,0.02040326939535954,0.18456638885501453,0.21278422019634224,0.213153862907727,0.060777977905818625,16.790000915527344,-0.024970871949668183,-0.5880427820980598,1.29,0.08000000000000007
2021-08-26,142.72921752929688,144.5646242297973,142.1997683690645,143.17923989037837,11027500,18.84000015258789,0.05,0.07,1.34,0.005157692884249387,0.005144437544749353,0.18359626347124838,0.2130888609931307,0.16796755639792557,0.0571894154271253,18.84000015258789,0.12209643390577263,-0.5302767102214878,1.29,0.10000000000000009
2021-08-27,143.8763885498047,143.97345380745224,142.29687330849004,142.72925735882112,8780200,16.389999389648438,0.05,0.07,1.31,0.008037394447792945,0.008005266627536717,0.17987881783094015,0.21376705038770066,-0.0649777724295062,0.07425266099919536,16.389999389648438,-0.13004250228750225,-0.523806965297023,1.26,0.050000000000000044
2021-08-30,141.57327270507812,144.2646146848037,141.07912731820102,144.01754199136514,7937600,16.190000534057617,0.05,0.08,1.29,-0.016007601163336882,-0.016137106719208438,0.19143744508598615,0.21619779335663644,-0.14438641017086726,0.06132176749503282,16.190000534057617,-0.012202493168921968,-0.46624833465999943,1.24,0.040000000000000036
2021-08-31,141.1409149169922,142.39393051292402,140.61147910341143,141.5732989428694,12340800,16.479999542236328,0.04,0.07,1.3,-0.0030539506491922275,-0.003058623472615983,0.18992666392580088,0.21608848650501275,0.3164383583563082,0.04617693124814504,16.479999542236328,0.01791222968576589,-0.452127775905821,1.26,0.010000000000000009
2021-09-01,140.93797302246094,141.85566989564083,140.2761681203887,141.3791762905091,8729900,16.110000610351562,0.05,0.07,1.31,-0.0014378672169625961,-0.0014389019400112427,0.18416247543286354,0.2159750000260819,-0.061616896678859695,0.05606966930132096,16.110000610351562,-0.022451392121492608,-0.46224549074732857,1.26,-0.040000000000000036
2021-09-02,141.5909423828125,142.60570439655254,140.6820513681176,141.20268139737863,8813300,16.40999984741211,0.05,0.07,1.29,0.004633026475040269,0.004622327042323486,0.18067168775113782,0.21472501293662744,-0.050927072587123715,0.047731001083828106,16.40999984741211,0.018621925865588196,-0.44942750396831227,1.24,-0.050000000000000044
2021-09-03,140.73501586914062,141.9703795687605,140.43498742970053,141.52917632397418,7959700,16.40999984741211,0.05,0.08,1.33,-0.006045065448874176,-0.006063410827053817,0.1551230734796556,0.21264063834912278,-0.117331179067097,0.012635088132270322,16.40999984741211,0.0,-0.4111218029729265,1.28,0.020000000000000018
2021-09-07,140.48794555664062,142.40276605636393,140.2673439304358,141.1762215532433,9285600,18.13999938964844,0.05,0.08,1.38,-0.001755570999684486,-0.0017571138204039098,0.15524052758541573,0.21266674753055018,0.03102307299415958,0.011949598919446025,18.13999938964844,0.10542349532740292,-0.4083980775371516,1.3299999999999998,0.08999999999999986
2021-09-08,139.86143493652344,140.81443560419146,139.45552200856193,140.20557294447673,7852700,17.959999084472656,0.05,0.08,1.35,-0.004459532934550592,-0.004469506313668305,0.14990422745788778,0.20988523620374985,-0.12411877327328082,-0.004771926060499143,17.959999084472656,-0.0099228396489639,-0.41499079196747674,1.3,0.050000000000000044
2021-09-09,140.47027587890625,141.9174218250843,139.4908042439383,139.65846361294814,7904300,18.799999237060547,0.04,0.07,1.3,0.004353172428547936,0.004343724781685522,0.14412144878900904,0.20754446022410467,-0.11216320570602194,-0.012223676476552758,18.799999237060547,0.04677061221646239,-0.38056364615764615,1.26,-0.010000000000000009
2021-09-10,138.85548400878906,141.82037031541444,138.73194764036526,141.67918204737174,8311600,20.950000762939453,0.05,0.08,1.35,-0.011495612577206216,-0.01156219791617248,0.14809244206106192,0.2085533971123551,-0.06361304808508553,-0.027380736201709,20.950000762939453,0.11436178793244811,-0.41389158840533646,1.3,0.06000000000000005
2021-09-13,141.06149291992188,141.22915229650678,139.48199132918947,139.8878907482811,10052800,19.3700008392334,0.06,0.07,1.33,0.015887085244636,0.01576220640992377,0.15510855005338822,0.20166016985451404,0.125753652920993,-0.0007499288767366385,19.3700008392334,-0.07541765470963968,-0.49472240931026995,1.27,0.0
2021-09-14,138.5995635986328,142.36742879420936,137.88480318758363,141.582087728084,11685600,19.459999084472656,0.04,0.07,1.28,-0.017452880090292666,-0.01760697719309533,0.165842306775228,0.1977750598769267,0.28748073285127357,-0.011703195676818101,19.459999084472656,0.004646269558077121,-0.44448169826084094,1.24,-0.09999999999999987
2021-09-15,139.56141662597656,140.02909099835918,138.07014747219037,138.2907490993314,11691500,18.18000030517578,0.04,0.07,1.31,0.006939798382981532,0.006915828814269441,0.16197309664398873,0.19543747492186958,0.2717074860676703,0.007324617934487687,18.18000030517578,-0.06577589103373593,-0.4201757515270057,1.27,-0.040000000000000036
2021-09-16,139.49961853027344,141.93506870652368,138.73192930399588,140.66440139099356,10880900,18.690000534057617,0.04,0.07,1.34,-0.0004428021526088344,-0.0004429002184322522,0.15809211045831661,0.1953952569898139,0.16568810887569146,0.016132981560607718,18.690000534057617,0.0280528173993837,-0.3685380709125662,1.3,0.040000000000000036
2021-09-17,139.13783264160156,140.311434752066,138.5378027613687,138.87312149705937,25581600,20.809999465942383,0.04,0.07,1.37,-0.0025934543225533124,-0.0025968231510773935,0.15493028756457866,0.19523558197410457,1.5234599028755582,0.022037979286063658,20.809999465942383,0.11342958112931156,-0.3775889008920956,1.33,0.020000000000000018
2021-09-20,134.972900390625,136.38474267247824,132.79335531940697,135.79353194974257,15819900,25.709999084472656,0.04,0.07,1.31,-0.029933858907410293,-0.030391023115924003,0.1907201888874492,0.20460713647877,0.4952929166902966,-0.011375085905218296,25.709999084472656,0.2354637070774368,-0.6083274419104099,1.27,-0.020000000000000018
2021-09-21,134.99057006835938,136.37595501820113,134.6376127823201,135.4758964350064,8999900,24.36000061035156,0.03,0.07,1.33,0.00013091278088595004,0.00013090421255564487,0.18421101551112876,0.20356389254756205,-0.15359306089072153,-0.023739373738187464,24.36000061035156,-0.05250869397877256,-0.5718723992609606,1.3,0.050000000000000044
2021-09-22,137.5760040283203,138.75842553591713,136.86125690006335,136.94948947355948,11236200,20.8700008392334,0.03,0.08,1.32,0.019152700508277443,0.018971596309364132,0.19621816055685382,0.20722815097922329,0.03929858768532641,-0.011162258040670947,20.8700008392334,-0.1432676389028955,-0.6363799296555237,1.29,0.010000000000000009
2021-09-23,142.22625732421875,142.6939451042889,139.1290157023009,139.42021143051676,12336100,18.6299991607666,0.03,0.08,1.41,0.03380134005739244,0.033242630023295715,0.21844629139963553,0.21793161592405816,0.13577596227368793,0.001615640821607256,18.6299991607666,-0.10733117337761822,-0.6792280360644073,1.38,0.06999999999999984
2021-09-24,143.86749267578125,144.35281875084775,141.90856341137987,142.45565091539157,10102400,17.75,0.03,0.08,1.47,0.011539608666078838,0.011473535204105195,0.22152571537233262,0.21837897806173048,-0.06590119582473812,0.007975067517277834,17.75,-0.04723559851896364,-0.7393215959395635,1.44,0.09999999999999987
2021-09-27,147.34422302246094,147.71483211012122,145.2529240762158,145.59706204793278,13220900,18.76000022888184,0.04,0.09,1.48,0.024166198228774416,0.023878816405403472,0.23548243126874374,0.22268969049948106,0.19785289066531125,0.024102874054666712,18.76000022888184,0.05690142134545573,-0.6439744752120334,1.44,0.16999999999999993
2021-09-28,146.550048828125,149.39139836399926,146.17943977533085,147.97954281239566,13387900,23.25,0.04,0.09,1.54,-0.005389924206359087,-0.005404502254480128,0.22796961785259687,0.2230524854256126,0.18375586223482893,0.035153359302602105,23.25,0.23933900406917963,-0.649488596540476,1.5,0.20999999999999996
2021-09-29,146.43531799316406,147.27360125780172,145.63232505501117,146.6647522408941,7777100,22.559999465942383,0.04,0.09,1.55,-0.0007828781762843073,-0.0007831847854392803,0.22747857103516983,0.21992745942169642,-0.29819036149905764,0.037511469153261645,22.559999465942383,-0.029677442325058756,-0.6422962139962288,1.51,0.22999999999999998
2021-09-30,144.4410858154297,147.35302922602833,143.6469120864748,147.2912543236252,13161200,23.13999938964844,0.04,0.09,1.52,-0.013618519118642314,-0.013712101759423063,0.23390671679494432,0.22207212193563503,0.16439265119357058,0.024855705796268834,23.13999938964844,0.025709217084940672,-0.6347994092236928,1.48,0.1100000000000001
2021-10-01,147.47654724121094,148.50896084256024,144.36165454374816,144.7146116253472,11285000,21.100000381469727,0.04,0.09,1.48,0.02101522159463709,0.020797447587202866,0.24385551875136385,0.22230469239070003,-0.01239602700530208,0.04156766498866715,21.100000381469727,-0.08815899144281303,-0.6594561692669696,1.44,0.010000000000000009
2021-10-04,147.3177490234375,150.39735227429443,146.2412121146315,147.33540092187218,14120000,22.959999084472656,0.04,0.09,1.49,-0.001076769294806601,-0.0010773494273470473,0.24229624695150656,0.2135034504338688,0.2032730390143387,0.04677395397047235,22.959999084472656,0.08815159570501252,-0.6697964430034636,1.45,0.010000000000000009
2021-10-05,149.72349548339844,151.0373228806252,147.9569202907132,148.43629871583514,12292900,21.299999237060547,0.04,0.09,1.54,0.0163303232360561,0.01619841761114535,0.24666613161101994,0.21405971013216854,0.034318396469506796,0.06573909163640179,21.299999237060547,-0.07229964780507026,-0.6833410415074557,1.5,0.0
2021-10-06,150.0430145263672,150.11403402462565,147.36208603584308,149.12866049786382,8692600,21.0,0.04,0.1,1.53,0.0021340608027962116,0.0021317869295224153,0.2450574663677181,0.21139355241436145,-0.2711842522272957,0.0727976199762621,21.0,-0.014084471727988102,-0.6922598192739691,1.49,-0.020000000000000018
2021-10-07,150.99288940429688,152.2534551700338,150.50463876196562,151.9782630476978,10195400,19.540000915527344,0.05,0.1,1.58,0.006330683777102886,0.006310729171810571,0.24524524857176702,0.21137298692113463,-0.15331673805129312,0.07490989434990314,19.540000915527344,-0.06952376592726939,-0.691270159366614,1.53,0.06000000000000005
2021-10-08,151.1082763671875,152.10252222833302,150.29157247473455,150.93073439849493,8190100,18.770000457763672,0.05,0.09,1.61,0.0007641880577677895,0.0007638962147464753,0.2389522747110885,0.21137722542799192,-0.3195047983050143,0.08824132835562248,18.770000457763672,-0.039406367537669684,-0.6648372150796478,1.56,0.13000000000000012
2021-10-11,147.93028259277344,152.05819254045156,147.77049882242736,151.62321657967215,12154700,20.0,0.055,0.095,1.6,-0.02103123568620191,-0.021255542666653044,0.2510743639491413,0.21048816178664279,0.001161804672670491,0.04869358412895042,20.0,0.06553007523916032,-0.6545211032210816,1.5450000000000002,0.1100000000000001
2021-10-12,146.79397583007812,147.97464984992072,146.2702221541923,147.14018749412315,13032600,19.850000381469727,0.06,0.1,1.59,-0.00768136680860243,-0.007711020457935612,0.24295334172716332,0.19871988639008661,0.0675506811342941,0.059122929529383805,19.850000381469727,-0.007499980926513716,-0.6720391787433825,1.53,0.050000000000000044
2021-10-13,142.92349243164062,146.83835656223067,142.5684084276848,145.64881024883354,22753500,18.63999938964844,0.05,0.11,1.56,-0.02636677272722543,-0.02672060963236833,0.2639583936678366,0.20428821579606635,0.7830436300475392,0.02409029577762456,18.63999938964844,-0.06095722763566491,-0.5516303861023264,1.51,0.030000000000000027
2021-10-14,145.11622619628906,145.5955911395188,142.0890844634598,143.5893400132734,15176800,16.860000610351562,0.05,0.1,1.52,0.015342010801318917,0.015225512191175353,0.26849311081902155,0.20231753621170206,0.16961984734706964,0.04026253064481855,16.860000610351562,-0.09549349987025135,-0.5685570160678017,1.47,-0.06000000000000005
2021-10-15,147.9036407470703,148.4007638334521,145.71096220524572,146.78511380271135,14267400,16.299999237060547,0.05,0.12,1.59,0.01920815214013971,0.01902600437141448,0.274514354760373,0.20343768070751042,0.149657578123678,0.06300089586739621,16.299999237060547,-0.033214789621489715,-0.5699875501018961,1.54,-0.020000000000000018
2021-10-18,147.85037231445312,149.67908081294712,147.28222973680852,147.7882251588793,12672900,16.309999465942383,0.06,0.11,1.59,-0.0003601563311634859,-0.00036022120303140135,0.24510869061272167,0.20334240492171754,0.03428772898884988,0.09540783288022592,16.309999465942383,0.0006135110030618396,-0.43204546979710645,1.53,-0.010000000000000009
2021-10-19,149.64356994628906,149.71457591236566,147.87699515082716,148.60492144060018,8053900,15.699999809265137,0.05,0.11,1.65,0.012128462064485701,0.012055501608125126,0.24590670274063708,0.20419280687591243,-0.3401406581306102,0.10854832208286402,15.699999809265137,-0.037400348047283094,-0.4438104488673778,1.5999999999999999,0.05999999999999983
2021-10-20,151.65872192382812,151.68535255263262,148.65822486527424,149.40390956297952,8185600,15.489999771118164,0.05,0.1,1.65,0.013466345251335277,0.013376479897135583,0.2425150785429773,0.20543185481670956,-0.3208633571034477,0.10236318459001659,15.489999771118164,-0.013375798770586256,-0.4016252032293167,1.5999999999999999,0.08999999999999986
2021-10-21,150.46917724609375,152.09371335156658,149.7412372613683,151.58770430673212,8415200,15.010000228881836,0.06,0.12,1.68,-0.007843562590035713,-0.007874485128464628,0.2217493793683987,0.2064473663093757,-0.29027009999658426,0.05795638637304812,15.010000228881836,-0.03098770492762115,-0.3028182063727054,1.6199999999999999,0.15999999999999992
2021-10-22,152.49317932128906,152.76837150680382,150.64671236084186,150.9396628134963,8817900,15.43000030517578,0.06,0.13,1.66,0.013451273624531357,0.013361608422672248,0.22282561991985242,0.2073402934896555,-0.252256484531082,0.059955772392215056,15.43000030517578,0.02798135042568428,-0.26711083605211466,1.5999999999999999,0.06999999999999984
2021-10-25,151.7474822998047,153.54068785849694,151.33912346235658,153.31875694687224,10159200,15.239999771118164,0.06,0.14,1.64,-0.004890035244876523,-0.004902030588303146,0.20995405027938663,0.2067954472882566,-0.12718612632140552,0.029884166389560596,15.239999771118164,-0.012313709027852893,-0.35992855636894866,1.5799999999999998,0.04999999999999982
2021-10-26,152.1558380126953,153.12346714829795,151.3923950825952,151.8007539480115,8015100,15.979999542236328,0.06,0.14,1.63,0.0026910213382245196,0.0026874070229840914,0.20839779125153182,0.20640577701077412,-0.29512516758706725,0.03825170465241423,15.979999542236328,0.04855641615694517,-0.39667254225185883,1.5699999999999998,-0.020000000000000018
2021-10-27,148.9866485595703,151.53441087397778,148.55165913333065,151.19708512796691,9847000,16.979999542236328,0.06,0.12,1.54,-0.02082857611326472,-0.02104855077211763,0.22368336445444476,0.2109045567583714,-0.14183250613319157,0.017422918196041692,16.979999542236328,0.0625782245710913,-0.47405178890320804,1.48,-0.10999999999999988
2021-10-28,151.23260498046875,151.3657581127488,149.10207359045828,149.40389638735192,7212900,16.530000686645508,0.06,0.15,1.57,0.015074883841020403,0.014962386955619453,0.22205308085873837,0.2110021850953785,-0.35466785243134696,0.04701930289915879,16.530000686645508,-0.026501700101433157,-0.45205396179963625,1.51,-0.10999999999999988
2021-10-29,150.8153839111328,152.9015400943602,150.37152204624095,151.96054156249457,8140100,16.260000228881836,0.05,0.15,1.55,-0.002758803694413836,-0.0027626162069228216,0.2115176001246811,0.210089910791607,-0.2613198618122487,0.02263978057786309,16.260000228881836,-0.01633396530841069,-0.38632934131318697,1.5,-0.10999999999999988
2021-11-01,150.7354736328125,152.98141331145612,150.0341643863311,152.7239658757041,7435500,16.40999984741211,0.05,0.15,1.58,-0.0005298549541034037,-0.0005299953768442451,0.2114511181073151,0.20291983562524146,-0.3041547171347514,0.02319967982154858,16.40999984741211,0.009225068660444258,-0.4186116459853811,1.53,-0.05999999999999983
2021-11-02,151.3302459716797,152.413269867337,149.95427165713926,150.73547277416088,7173800,16.030000686645508,0.05,0.15,1.56,0.003945802036725787,0.003938037777321279,0.2042312875583558,0.20292340927980165,-0.3121698702060767,0.01073145188798641,16.030000686645508,-0.023156560895795986,-0.3692567945714072,1.51,-0.06999999999999984
2021-11-03,151.38351440429688,151.91615401764597,150.15845142094682,151.02843035912286,8402700,15.100000381469728,0.05,0.17,1.6,0.0003520012293323216,0.00035193929143398047,0.20414427330152046,0.2016900019352214,-0.19322062214387456,0.008934103877885846,15.100000381469728,-0.05801623614093521,-0.35822868946738784,1.55,0.06000000000000005
2021-11-04,149.39500427246094,151.09055966282864,147.79711256915726,150.91301764530465,9574200,15.4399995803833,0.04,0.14,1.53,-0.013135579126041796,-0.013222613853416465,0.2084297847460131,0.202597458877059,-0.077990245621773,-0.010582519071858143,15.4399995803833,0.022516502670477445,-0.37204732297979437,1.49,-0.040000000000000036
2021-11-05,149.18197631835938,150.992926777002,148.61383367000195,149.93653336546495,7975600,16.479999542236328,0.05,0.14,1.45,-0.0014259376017222714,-0.0014269552182310753,0.20839420553050533,0.20254578325098485,-0.23114371180710533,-0.01274781299303085,16.479999542236328,0.06735751231330078,-0.3504576430080915,1.4,-0.10000000000000009
2021-11-08,150.07855224609375,151.72971871249374,149.7944877328828,150.06967988635157,6413700,17.219999313354492,0.06,0.16,1.51,0.0060099480504336444,0.005991960346779308,0.19463652442881008,0.20126712470131095,-0.36411640366914266,0.014522176363538364,17.219999313354492,0.044902899980162614,-0.20621804581754996,1.45,-0.07000000000000006
2021-11-09,148.9423065185547,149.55483814255155,147.8947988770923,148.56059176481224,7990300,17.780000686645508,0.04,0.14,1.46,-0.007571006719706896,-0.0075998122745501405,0.19457301667910465,0.20144158362668327,-0.1874958372164795,0.014635005805438306,17.780000686645508,0.03252040624976815,-0.23510407787239143,1.42,-0.10000000000000009
2021-11-10,148.80023193359375,149.9809059981329,148.3297394888901,148.6493205405367,6999200,18.729999542236328,0.05,0.17,1.56,-0.0009538900550276619,-0.0009543452976701795,0.16572319540188118,0.1996164109843482,-0.2263042408900729,0.041118079344191205,18.729999542236328,0.05343075471894454,-0.4831279520769022,1.51,-0.040000000000000036
2021-11-11,148.79136657714844,149.74122387123737,148.16107680416025,148.71147469687327,5815300,17.65999984741211,0.05,0.17,1.57,-5.9578915503788465e-05,-5.958069039787263e-05,0.15827688506635107,0.19847144840023753,-0.32209771664213793,0.0253254958262783,17.65999984741211,-0.057127587879079234,-0.36352725161011223,1.52,0.040000000000000036
2021-11-12,148.1255645751953,148.90676569960334,147.11356018475198,148.8268602787252,8113400,16.290000915527344,0.05,0.17,1.58,-0.004474735445136879,-0.004484777040641453,0.1446739110769019,0.19781361032665673,-0.019015981162359783,0.0015004622401724177,16.290000915527344,-0.07757638412921752,-0.22489671344927922,1.53,0.13000000000000012
2021-11-15,147.8592529296875,148.95114925561447,147.3621298396911,148.43628144496697,6492500,16.489999771118164,0.05,0.18,1.63,-0.001797877674063586,-0.0017994957958766095,0.14482146416885677,0.19789824779217782,-0.18452884481932463,6.0064882457577795e-05,16.489999771118164,0.012277399898743102,-0.22710270882486225,1.5799999999999998,0.11999999999999988
2021-11-16,146.79397583007812,148.31198915432927,146.58091728851684,148.30310324910553,9706100,16.3700008392334,0.05,0.17,1.63,-0.007204669836360922,-0.007230748805824729,0.13962080697495888,0.19721690728344388,0.2065863071393098,-0.01904254300558139,16.3700008392334,-0.007277072986680122,-0.16076151228545166,1.5799999999999998,0.16999999999999993
2021-11-17,146.00390625,146.97152175403755,145.04516310583514,146.66082661144287,9909600,17.110000610351562,0.05,0.18,1.6,-0.0053821662340740595,-0.0053967022711320315,0.12959412461280415,0.1973454212575726,0.21882327763541198,-0.03728645212154891,17.110000610351562,0.04520462633970257,-0.15466659939192723,1.55,0.040000000000000036
2021-11-18,144.7433319091797,146.34123705656822,144.30834248012798,145.93287825117406,8122500,17.59000015258789,0.05,0.18,1.59,-0.008633839827969059,-0.008671327353214443,0.13011119352741668,0.19397882245233283,0.0008218506301881631,-0.03805327736689479,17.59000015258789,0.028053741970408108,-0.21246232425408007,1.54,0.020000000000000018
2021-11-19,142.8524932861328,143.90888663503773,141.54753838990771,143.18983261989092,12193600,17.90999984741211,0.05,0.18,1.54,-0.013063390196332514,-0.0131494667341076,0.12257276488836764,0.1956510727618547,0.4718366514315994,-0.06322044092768386,17.90999984741211,0.01819213712611245,-0.2938070379295286,1.49,-0.040000000000000036
2021-11-22,145.8974151611328,147.3443957759963,144.6901102247224,145.728745468124,14549900,19.170000076293945,0.05,0.2,1.63,0.021315146869022694,0.021091156461313484,0.1496954653557809,0.19972933962364248,0.710917610813544,-0.03855132915559023,19.170000076293945,0.07035177217290145,-0.054201003305383015,1.5799999999999998,0.0
2021-11-23,149.38612365722656,149.6346851771418,146.80284477640728,146.91825317693468,12354400,19.3799991607666,0.06,0.21,1.67,0.023912065146875605,0.023630649049939015,0.17470077069118212,0.20241805885639377,0.41660785346827783,-0.01820314219713115,19.3799991607666,0.010954568786483598,-0.06551860287265084,1.6099999999999999,0.040000000000000036
2021-11-24,148.21432495117188,150.4158754893731,147.75270492772154,149.54591023199765,9629800,18.57999992370605,0.06,0.24,1.64,-0.007844093396140561,-0.007875020131037634,0.1602268767369265,0.20305954340794297,0.1055703880081582,-0.00518384443079567,18.57999992370605,-0.04127963218285846,0.10617204968872268,1.5799999999999998,0.039999999999999813
2021-11-26,143.74911499023438,144.38827723904143,140.98830685004748,143.93554295679928,13619300,28.6200008392334,0.06,0.2,1.48,-0.03012670983326704,-0.030589844711469222,0.1828227994912111,0.21298710895834327,0.5081320956860443,-0.049483310766225586,28.6200008392334,0.5403660364237894,-0.4832635683071971,1.42,-0.1100000000000001
2021-11-29,143.12770080566406,146.27912292385244,141.87602057445622,144.97416788771696,12104400,22.959999084472656,0.06,0.21,1.52,-0.004322907898337558,-0.004332278680456206,0.18293330633018282,0.21300677396694917,0.31159122701892666,-0.05097413079556046,22.959999084472656,-0.19776385705068866,-0.4344830495630443,1.46,-0.020000000000000018
2021-11-30,140.99716186523438,142.59506729066257,140.51778346481132,141.29011232202862,18922600,27.190000534057617,0.05,0.24,1.43,-0.014885580697774903,-0.014997482828151975,0.18788653101956074,0.21490369761994021,0.9302580957437638,-0.0646053084445164,27.190000534057617,0.1842335199588756,-0.46680578134639283,1.38,-0.19999999999999996
2021-12-01,140.16273498535156,144.9386942071171,140.0828430801886,142.92355703258735,12253400,31.1200008392334,0.06,0.25,1.43,-0.005918040255876611,-0.005935621253796972,0.18607439865960326,0.215222575715482,0.21838000422585976,-0.07379563097001796,31.1200008392334,0.14453844163236207,-0.4602900513362317,1.3699999999999999,-0.24
2021-12-02,143.10997009277344,144.92092081549188,140.97055232933332,141.8849068257164,12969900,27.950000762939453,0.05,0.27,1.44,0.0210272374303333,0.02080921603564354,0.20534794170553808,0.21919810566788456,0.2609906095823386,-0.054652875143507695,27.950000762939453,-0.10186375291794603,-0.4984760699722528,1.39,-0.19999999999999996
2021-12-03,140.5177764892578,143.6603259275297,139.54128856067402,143.367375485278,12681800,30.670000076293945,0.06,0.26,1.35,-0.01811329847833243,-0.01827935251642303,0.2094914298271856,0.222332847772156,0.2146311632225874,-0.05942118229745608,30.670000076293945,0.09731660962818656,-0.515960549717438,1.29,-0.1299999999999999
2021-12-06,142.1778106689453,144.35273071316283,141.55640687710985,142.93236757846455,11186500,27.18000030517578,0.05,0.28,1.43,0.011813695186205786,0.01174445825178213,0.21597267799251785,0.22228416116669497,0.0551898285228097,-0.046950481702071944,27.18000030517578,-0.11379197138690988,-0.5452220399315287,1.38,-0.09000000000000008
2021-12-07,144.31719970703125,145.04512585166623,143.06550646150865,143.70466839345278,9851600,21.88999938964844,0.06,0.31,1.48,0.015047277968482708,0.014935190688263019,0.22280898632095902,0.2220462791107441,-0.0855545257467416,-0.038388913357954246,21.88999938964844,-0.19462843473625668,-0.5940653258125753,1.42,0.050000000000000044
2021-12-08,142.6660919189453,144.93866258504497,142.18671350137106,144.3971505477642,11705700,19.89999961853028,0.07,0.29,1.52,-0.011440824734943233,-0.011506774465646163,0.22454610722240692,0.22028055283358022,0.06812846887168854,-0.042138561878840686,19.89999961853028,-0.09090908298787848,-0.555996211426071,1.45,0.09000000000000008
2021-12-09,142.44415283203125,142.8613705148597,140.8373615345152,141.72508524679222,11189600,21.57999992370605,0.06,0.28,1.49,-0.0015556540725889523,-0.0015568653587769178,0.22451364560601722,0.2199076221951604,0.0018807200010386267,-0.04271551877956126,21.57999992370605,0.08442212750654554,-0.5543575516460133,1.43,0.050000000000000044
2021-12-10,141.87600708007812,143.5449184114819,141.26347556477396,143.20759261923024,10405400,18.690000534057617,0.06,0.27,1.48,-0.0039885508857852026,-0.003996526369013742,0.22445477225576588,0.22008223442672076,-0.08709346294557865,-0.04647688677208761,18.690000534057617,-0.1339202687611557,-0.5352066178977061,1.42,0.1299999999999999
2021-12-13,140.18936157226562,141.84940098881447,139.6212187981917,141.59196700885894,12069000,20.309999465942383,0.05,0.27,1.42,-0.011888165888828017,-0.011959395219833292,0.22693900417443943,0.22143748293148258,0.04080069817900841,-0.053577537582318646,20.309999465942383,0.08667730795045947,-0.5507554392616856,1.3699999999999999,-0.010000000000000009
2021-12-14,141.26345825195312,142.82584688333145,139.63892246781506,139.772075587176,12563600,21.88999938964844,0.05,0.26,1.44,0.007661755982345531,0.007632553795152246,0.22991497302214453,0.21259062122627867,0.05581483490602705,-0.04460860275596634,21.88999938964844,0.07779418834331064,-0.5298412564406161,1.39,-0.040000000000000036
2021-12-15,140.20706176757812,141.90261702457528,139.68330811612452,141.90261702457528,14014200,19.290000915527344,0.05,0.29,1.47,-0.00747820064330329,-0.007506302574646759,0.2299957090404793,0.21326212964920288,0.15677961904573234,-0.04487182818813151,19.290000915527344,-0.11877563027025984,-0.5067038622888652,1.42,-0.050000000000000044
2021-12-16,142.39974975585938,143.6514433164565,140.8817363989839,142.38199149061748,19542800,20.56999969482422,0.05,0.26,1.44,0.01563892688883306,0.015517899070952875,0.238094540222901,0.21210790298291124,0.551446830468781,-0.024685342924793297,20.56999969482422,0.0663555582450257,-0.469926212665768,1.39,-0.050000000000000044
2021-12-17,139.15956115722656,141.4854064425323,137.75695609763275,141.4321451882775,28082000,21.56999969482422,0.05,0.27,1.41,-0.022754173404012534,-0.02301704487742686,0.24921132095440063,0.20635725633104626,1.0656921286037158,-0.03857704999810774,21.56999969482422,0.04861448783840361,-0.45979622684485366,1.3599999999999999,-0.07000000000000006
2021-12-20,136.6561737060547,137.33083876838214,134.79194872025192,137.16216911640348,15148000,22.8700008392334,0.07,0.27,1.43,-0.01798933131402647,-0.018153106444351044,0.25279628848345886,0.20802434664108957,0.10229843194627933,-0.04337564880766154,22.8700008392334,0.06026894588789067,-0.4657445751085632,1.3599999999999999,0.010000000000000009
2021-12-21,138.5647735595703,139.5323890332335,137.67704995901607,137.96112801307527,11291300,21.01000022888184,0.07,0.29,1.48,0.013966437093584805,0.01386980510796047,0.24514928215455703,0.20391162240893707,-0.16848960529159715,-0.05025888631038555,21.01000022888184,-0.08132927599900808,-0.534902143909293,1.41,0.040000000000000036
2021-12-22,139.10629272460938,139.42587377923533,137.81022378599536,138.26295796938717,7273000,18.6299991607666,0.08,0.28,1.46,0.003908057951007793,0.003900441330214644,0.2264644477957676,0.203949492947217,-0.45419185235187925,-0.06881382742218245,18.6299991607666,-0.11327944037066306,-0.5890498530617658,1.38,-0.010000000000000009
2021-12-23,139.6034393310547,141.25460613401202,139.5590639777114,139.9141480779987,8055200,17.959999084472656,0.07,0.31,1.5,0.0035738613739748626,0.0035674903064439067,0.22721709243164032,0.20415209318372043,-0.39189814037178977,-0.05809752615311636,17.959999084472656,-0.035963505446898525,-0.59954152473747,1.43,0.06000000000000005
2021-12-27,140.4023895263672,140.43789251579588,138.7867258227818,139.9052664008299,6188100,17.68000030517578,0.06,0.33,1.48,0.005722997937163132,0.00570668379872764,0.20409901756224957,0.20277905788963232,-0.5193673273705709,-0.023281711780239855,17.68000030517578,-0.015590133272275541,-0.44050907756656693,1.42,0.07000000000000006
2021-12-28,140.82850646972656,142.1689645634819,140.33138329709124,140.43790582105865,6342300,17.540000915527344,0.06,0.39,1.49,0.0030349693106850317,0.003030373088573801,0.20426298085049116,0.1980326471572261,-0.4961149775955763,-0.016063936771116727,17.540000915527344,-0.007918517377369816,-0.49722288073202997,1.43,0.06000000000000005
2021-12-29,140.75746154785156,141.70733236718596,140.39349159583065,141.01490899512024,6398900,16.950000762939453,0.05,0.38,1.55,-0.0005044782740082354,-0.0005046055659852,0.197270199456775,0.19803231388467415,-0.4650024267146798,-0.0017000364703221305,16.950000762939453,-0.03363740717171748,-0.4421817584401774,1.5,0.07000000000000006
2021-12-30,140.6864471435547,142.2488495131852,140.58879699545278,141.24571740501003,6948200,17.329999923706055,0.05,0.38,1.52,-0.000504516091125562,-0.0005046434021907857,0.1960722390045126,0.1948563168869403,-0.40590088971219773,0.0037364578984411256,17.329999923706055,0.02241882853465449,-0.4344622674424957,1.47,0.06000000000000005
2021-12-31,140.57102966308594,141.40547842240093,140.2248180201573,140.6597938907987,5805900,17.219999313354492,0.06,0.39,1.52,-0.0008203880530935903,-0.0008207247555361223,0.180296225925689,0.19474511597126146,-0.4878873932657708,-0.017741184824800027,17.219999313354492,-0.006347409742402221,-0.39374749423706173,1.46,0.020000000000000018
2022-01-03,143.54490661621094,144.37936898613825,141.6007897215053,141.9114984066782,13120900,16.600000381469727,0.08,0.4,1.63,0.021155688766402614,0.02093501410651267,0.1838455520806264,0.19936915436380673,0.15509929915283857,0.021542684509988197,16.600000381469727,-0.03600458516882421,-0.29988697869480385,1.5499999999999998,0.1499999999999999
2022-01-04,148.9866485595703,149.65244123787917,145.79083828545313,145.8618577966098,20195800,16.90999984741211,0.08,0.38,1.66,0.03790968325966948,0.037208770610937816,0.22177161811350207,0.21407221697620563,0.7101208129843792,0.04788959584192143,16.90999984741211,0.018674666193889244,-0.141338974860614,1.5799999999999998,0.16999999999999993
2022-01-05,146.2628631591797,150.35300961220935,146.21820819782113,149.87077145916754,17539400,19.729999542236328,0.09,0.41,1.71,-0.018282077130566177,-0.018451259478296,0.22819244879310704,0.21297043658100143,0.4383672579017571,0.013481854249515646,19.729999542236328,0.16676521113368237,-0.18692719114196035,1.6199999999999999,0.15999999999999992
2022-01-06,147.81678771972656,149.46891251987,146.3432555378449,149.0581195189452,14047500,19.61000061035156,0.1,0.45,1.73,0.010624190768477648,0.01056815062508202,0.22601268344350361,0.21350688260360104,0.14104761939573823,0.03610315339476444,19.61000061035156,-0.0060820544687740785,-0.25288874678667056,1.63,0.20999999999999996
2022-01-07,149.2813720703125,149.61179428581275,147.40597253919904,147.9507304123867,13913300,18.76000022888184,0.1,0.43,1.76,0.009908105656868393,0.009859342215677446,0.22741021095984723,0.20692842278885665,0.11778193398697222,0.04799929728490593,18.76000022888184,-0.04334525012819368,-0.2581407893566664,1.66,0.24
2022-01-10,149.4242401123047,151.20139027717534,147.82568252856515,150.98706827839385,12922500,19.39999961853028,0.13,0.46,1.78,0.0009570386446133838,0.0009565809751113989,0.22625524749326215,0.20471217539637634,0.027789895805288994,0.05320302697810031,19.39999961853028,0.03411510564179698,-0.3309234876053914,1.65,0.15000000000000013
2022-01-11,149.57611083984375,150.4959460928392,148.5223106617765,150.2637456734288,11854100,18.40999984741211,0.11,0.46,1.75,0.001016372761373452,0.0010158566042874834,0.21978267581155517,0.20104050190392547,-0.05637878263223044,0.06695764330690235,18.40999984741211,-0.05103091704045981,-0.27271573660369414,1.64,0.09000000000000008
2022-01-12,150.42446899414062,151.45146506821953,149.29922381974978,150.442333705723,12568000,17.6200008392334,0.12,0.48,1.74,0.005671748981394664,0.005655725173268295,0.2193703635998139,0.20134831844721798,0.0004322363974887304,0.06485053428217946,17.6200008392334,-0.04291140764402346,-0.30839912390929475,1.62,0.030000000000000027
2022-01-13,150.23690795898438,151.64792023798148,149.93327602758498,150.3351434222937,13623400,20.309999465942383,0.12,0.47,1.7,-0.0012468784926443766,-0.0012476564924134483,0.21644660791056702,0.19986779065906166,0.08613309543228391,0.07153595592804574,20.309999465942383,0.15266733817170586,-0.4039577157586283,1.58,-0.030000000000000027
2022-01-14,142.66388702392578,145.38320636755148,142.18610485999744,143.56588779923814,40158400,19.190000534057617,0.13,0.51,1.78,-0.05040719379771896,-0.05172201132375522,0.2868797558051476,0.22437474307460395,1.9585208574453303,0.0018548998050857968,19.190000534057617,-0.05514519750543956,-0.2219372481192988,1.65,0.020000000000000018
2022-01-18,135.0908660888672,139.11849249712148,134.43893369240988,139.11849249712148,32324800,22.790000915527344,0.16,0.58,1.87,-0.053082956682573346,-0.054543789086729966,0.3378608583023995,0.24944893260700188,1.3447640532571206,-0.029237625029317593,22.790000915527344,0.18759772179685963,-0.4331532451770525,1.7100000000000002,0.09000000000000008
2022-01-19,133.0011749267578,135.9482259220611,132.6618271194621,135.35882662442782,22380000,23.850000381469727,0.17,0.57,1.83,-0.015468782032492912,-0.01558967194148903,0.3363023356666292,0.24899043180358418,0.5818993394616029,-0.026745947000965553,23.850000381469727,0.04651160260463971,-0.427048356119066,1.6600000000000001,0.08000000000000007
2022-01-20,131.8669891357422,134.50146838453384,131.59907298928616,133.054740271165,14860800,25.59000015258789,0.17,0.6,1.83,-0.008527637380949527,-0.008564205723388939,0.3322351488724936,0.24926814905121164,0.0373289171280938,-0.04833684818853823,25.59000015258789,0.07295596407914773,-0.40806846318097495,1.6600000000000001,0.09000000000000008
2022-01-21,129.56298828125,131.73308139265205,128.83962391078265,131.72415584705158,20705400,28.850000381469727,0.17,0.58,1.75,-0.017472157888738016,-0.01762659761350529,0.33552549116086244,0.25098865000083503,0.3805767505498363,-0.06860440499447706,28.850000381469727,0.12739352127562054,-0.43688204130036035,1.58,0.050000000000000044
2022-01-24,129.4468536376953,129.92016633763484,124.64228141213016,127.0624254247593,28471400,29.89999961853028,0.19,0.58,1.75,-0.0008963566300477233,-0.0008967585978741404,0.334641886141198,0.2480699187526557,0.7774123659241793,-0.07275311942189411,29.89999961853028,0.03639512038741488,-0.43011596518091494,1.56,-0.030000000000000027
2022-01-25,130.8578643798828,131.14364528059966,125.73178189423707,128.2858907805646,18915900,31.15999984741211,0.19,0.65,1.78,0.010900309297101396,0.0108413291399424,0.3370594352122413,0.24698339590601523,0.13575959428022297,-0.06797979136025989,31.15999984741211,0.04214047641997132,-0.41098782953141055,1.59,-0.09000000000000008
2022-01-26,132.0991973876953,134.46577450245326,130.34883704894756,132.813636019071,20709100,31.959999084472656,0.19,0.7,1.85,0.0094861169689342,0.009441406292766963,0.3394715158524586,0.24817285099800063,0.1920151659007833,-0.061985384215572537,31.959999084472656,0.025673916591080648,-0.405490074633644,1.6600000000000001,0.020000000000000018
2022-01-27,129.76837158203125,134.2961164407946,128.71458498380966,133.43878721321596,17536800,30.489999771118164,0.2,0.75,1.81,-0.017644511486495817,-0.01780203153928962,0.3431826489325152,0.25019009648047313,-0.02193409064544051,-0.07807110077844426,30.489999771118164,-0.04599497357522364,-0.35465806441196646,1.61,-0.020000000000000018
2022-01-28,130.92929077148438,131.06324203268753,126.9641699184944,128.7681241211247,14117000,27.65999984741211,0.19,0.75,1.78,0.008946087365512279,0.008906308195196186,0.3460908869291275,0.2509418910056761,-0.22809500167318078,-0.06935391837789628,27.65999984741211,-0.09281731534766324,-0.3756056207924394,1.59,0.030000000000000027
2022-01-31,132.70645141601562,132.87611846705255,129.1967785653274,130.06303303761217,13985700,24.82999992370605,0.22,0.78,1.79,0.01357343825861701,0.013482144332784631,0.35129563861694335,0.25299426296132616,-0.2520020045449902,-0.05594736174245696,24.82999992370605,-0.10231380836290338,-0.4065437715415626,1.57,0.040000000000000036
2022-02-01,134.98374938964844,135.26953033704814,132.43857925744965,132.78686627035202,14584900,21.959999084472656,0.19,0.78,1.81,0.017160416463053663,0.017014839596158425,0.34803150363338387,0.25494635595626425,-0.2229968924990051,-0.05964096831002197,21.959999084472656,-0.1155860188502581,-0.4264363361946739,1.62,0.030000000000000027
2022-02-02,133.9031524658203,134.79619735234516,132.2331628885896,134.40325542198886,12441100,22.09000015258789,0.19,0.76,1.78,-0.008005385305373647,-0.008037600447255587,0.31396193620354074,0.25527689995312924,-0.32322706199622203,-0.10124058927145452,22.09000015258789,0.0059199031664420865,-0.4752733858369046,1.59,-0.07000000000000006
2022-02-03,132.79579162597656,135.4302717071859,132.42963989768626,133.95675287626128,12474900,24.350000381469727,0.2,0.78,1.82,-0.008269863848996417,-0.00830424887726292,0.3103861210026079,0.25509412883422466,-0.31190998221155836,-0.09207444215382787,24.350000381469727,0.10230874663969036,-0.4512496121903449,1.62,0.010000000000000009
2022-02-04,136.24288940429688,137.0823535542297,132.858256182031,133.15296255126995,16654400,23.21999931335449,0.23,0.89,1.93,0.025957884177754353,0.025626697346368996,0.32457253856362633,0.2610201236455329,-0.08793464656125831,-0.07829894353660827,23.21999931335449,-0.04640661397998025,-0.471495651741522,1.7,0.1499999999999999
2022-02-07,136.69834899902344,137.1895126474918,134.71578881658905,136.876955200901,12572300,22.86000061035156,0.27,0.88,1.92,0.003342997177452789,0.0033374217846148142,0.3216711146799642,0.2612055373519232,-0.3089502059715677,-0.08429064455116597,22.86000061035156,-0.015503820570566651,-0.46214304054389116,1.65,0.1299999999999999
2022-02-08,139.27035522460938,141.52975782547924,138.2433589975901,138.42196525966506,20411400,21.440000534057617,0.25,0.91,1.96,0.018815195972881282,0.018640379572275788,0.3315517361226855,0.2644113278350465,0.09930852258436655,-0.06795339819070745,21.440000534057617,-0.062117237024522765,-0.49213056396596344,1.71,0.1499999999999999
2022-02-09,139.85081481933594,140.59202997831702,139.15424099691444,139.84187565059872,9131100,19.959999084472656,0.26,0.91,1.94,0.004167861809431184,0.004159200331621333,0.33230880270780133,0.26453240392855226,-0.5045883804433101,-0.06501904592853747,19.959999084472656,-0.06902991663801339,-0.49617106079141526,1.68,0.15999999999999992
2022-02-10,139.27035522460938,142.02093526627365,138.6184362359828,139.90442312577747,16455600,23.90999984741211,0.4,1.14,2.03,-0.004150562837094807,-0.004159200331621328,0.3305983600439734,0.26460865490913676,-0.11651200597882927,-0.07415092666849121,23.90999984741211,0.19789583888369267,-0.44322941246683295,1.63,0.20999999999999974
2022-02-11,137.4574737548828,141.27077941494915,136.60908379819318,138.96672186428253,16830000,27.36000061035156,0.36,1.07,1.92,-0.013016994656205316,-0.013102458193557405,0.33203463207765843,0.2654716521341222,-0.10412247385693107,-0.08506188244762347,27.36000061035156,0.14429112442310865,-0.48365617212706763,1.56,-0.010000000000000009
2022-02-14,136.18040466308594,137.24311651458467,134.2424991078371,136.394726691121,17026500,28.32999992370605,0.43,1.13,1.98,-0.009290648641442134,-0.00933407590511702,0.28236102430591203,0.26586648396096346,-0.034201567773932885,-0.04544585526225364,28.32999992370605,0.03545319048668061,-0.6935924325752676,1.55,0.06000000000000005
2022-02-15,138.17190551757812,139.26142136600333,137.39496082920968,137.98436009618737,9500000,25.700000762939453,0.4,1.11,2.05,0.01462398984214519,0.01451809050146201,0.210148528321246,0.26731211958934614,-0.4238308998275435,0.022807163192544166,25.700000762939453,-0.09283442173841516,-0.644971346712889,1.65,0.08999999999999986
2022-02-16,138.42193603515625,139.4042907093441,137.29670455754405,137.29670455754405,9076500,24.290000915527344,0.38,1.09,2.03,0.001809561188589992,0.0018079259052087263,0.20065200455797827,0.2661094226248257,-0.4263744514328473,0.04075724226784905,24.290000915527344,-0.05486380566359328,-0.6395495092103124,1.65,0.08999999999999986
2022-02-17,135.2337646484375,137.28777037013128,134.55505552050664,136.63585149548837,11367500,28.11000061035156,0.36,1.05,1.97,-0.023032269870210564,-0.023301657034699188,0.21708688281309138,0.2662591601447115,-0.2735667441507505,0.02553160222100459,28.11000061035156,0.15726634626770575,-0.6829860677787758,1.6099999999999999,-0.05999999999999983
2022-02-18,135.86785888671875,137.65394879643074,134.96588838795665,135.85893334281263,11733300,27.75,0.35,1.03,1.92,0.004688875148374905,0.0046779166154067185,0.2054760255185947,0.26148034488636657,-0.2280606877604069,0.048662590212741996,27.75,-0.012806851744392667,-0.650651601980899,1.5699999999999998,0.0
2022-02-22,135.62672424316406,136.8502050191361,134.32288632361673,134.49256703445266,11333500,28.809999465942383,0.37,1.17,1.94,-0.0017747732652189097,-0.0017763500411797728,0.2056854428426863,0.2611518275777874,-0.20981672084571606,0.047740601117779224,28.809999465942383,0.03819817895287869,-0.6514016711883441,1.5699999999999998,-0.040000000000000036
2022-02-23,132.78680419921875,136.9037403640847,132.14381099492192,136.7429852496209,11799000,31.020000457763672,0.34,1.16,1.99,-0.02093923642108797,-0.021161571392092487,0.21906013036724023,0.2573500725577012,-0.15643278094062857,0.014740725201935145,31.020000457763672,0.07670951172469942,-0.6887548720634026,1.65,-0.05999999999999983
2022-02-24,129.08963012695312,135.4882980175733,130.77748524299022,133.2288883913086,25655100,30.31999969482422,0.32,1.08,1.96,-0.02784293284684214,-0.02823789585487804,0.2391037476173131,0.2631425182977135,0.8023398361566719,-0.02278263093385391,30.31999969482422,-0.02256611065794678,-0.6141087553626008,1.64,-0.06999999999999984
2022-02-25,132.1438751220703,134.0728556710619,129.4111594910585,129.7147915329963,18367700,27.59000015258789,0.33,1.13,1.97,0.023659878737846585,0.02338432177332501,0.24567048541623043,0.2666048085869251,0.2866251630810721,0.018305720500911393,27.59000015258789,-0.09003956364492816,-0.6930495462228152,1.64,0.0
2022-02-28,126.6337432861328,129.5450641507888,125.81214378371666,128.1965715370592,31315300,30.14999961853028,0.35,1.01,1.83,-0.0416979737490476,-0.04259228321229091,0.28782446743828677,0.2797175736254856,1.0689570878031474,-0.032808147512604746,30.14999961853028,0.09278722188416766,-0.6844012803450616,1.48,-0.08999999999999986
2022-03-01,121.85596466064452,125.4549342452222,119.2929303521214,125.06199233866478,36840400,33.31999969482422,0.32,0.91,1.72,-0.03772911154251157,-0.03845927912197695,0.3097783538204877,0.2856630779172325,1.263128876848486,-0.08176306908664444,33.31999969482422,0.10514096571814369,-0.6853794735296763,1.4,-0.21999999999999997
2022-03-02,124.38327026367188,125.06197936024844,121.99884244372564,122.6061063259076,19405600,30.739999771118164,0.34,1.06,1.86,0.02074010582958019,0.020527958130727213,0.3132111222722973,0.2876754981625763,0.1747044110133684,-0.07853152082312431,30.739999771118164,-0.07743097080840666,-0.6832801076981981,1.52,-0.1299999999999999
2022-03-03,123.49915313720705,125.9014457077426,122.40071190437568,124.88337523241027,16640800,30.479999542236328,0.38,1.08,1.86,-0.007108006764821706,-0.007133388994462166,0.3130763615224739,0.2864126760584087,-0.005304687007327456,-0.0776979416617466,30.479999542236328,-0.008458042642086161,-0.6811989453015729,1.48,-0.09999999999999987
2022-03-04,120.02519989013672,120.93610928188276,118.23911052494552,120.5074516497354,21016000,31.979999542236328,0.34,1.05,1.74,-0.02812936897802676,-0.028532579036116966,0.324743674127513,0.2890511411197929,0.2249513306832356,-0.09616714189112718,31.979999542236328,0.04921259916429599,-0.6820942139101861,1.4,-0.22999999999999998
2022-03-07,115.39032745361328,118.49811961886832,115.15812707873792,118.03373249590018,27560100,36.45000076293945,0.38,1.07,1.78,-0.038615827682569104,-0.039381186818363036,0.32526498915331126,0.29803079864859483,0.556901990946162,-0.15305431382040213,36.45000076293945,0.1397748994586303,-0.7074375176236812,1.4,-0.050000000000000044
2022-03-08,114.57766723632812,117.69438532066783,113.65782523524322,115.77434417201609,19207800,35.130001068115234,0.36,1.12,1.86,-0.007042706570113855,-0.007067623485297018,0.32240936339741955,0.29808843674115654,0.06510824757703096,-0.16182113335438553,35.130001068115234,-0.036213982639098585,-0.697146803057556,1.5,0.14000000000000012
2022-03-09,119.16790008544922,120.7753834480156,118.27485528699926,118.6856482632882,17536200,32.45000076293945,0.38,1.15,1.94,0.04006219501443731,0.03928051426365666,0.3526382270071262,0.3107841227119808,-0.019770932201968707,-0.14434123548216538,32.45000076293945,-0.07628807923971881,-0.6948083112198641,1.56,0.07999999999999985
2022-03-10,117.75686645507812,119.1768041583876,116.38158370900312,117.75686645507812,15604200,30.229999542236328,0.39,1.19,1.98,-0.011840719097670704,-0.011911378739901989,0.35001741887086824,0.31077816453292556,-0.1432644533151271,-0.15798226412051675,30.229999542236328,-0.0684129789987108,-0.6609237233310771,1.5899999999999999,0.11999999999999988
2022-03-11,115.10454559326172,119.73945036069834,114.6848134403135,118.31951237610286,20061800,30.75,0.4,1.22,2.0,-0.022523704490966634,-0.02278123753529104,0.35311346099502755,0.3126180273121433,0.09067887580995077,-0.17351725420944075,30.75,0.01720147091094537,-0.7529225187620268,1.6,0.26
2022-03-14,116.24763488769533,118.70350798009756,115.40817063218913,115.6135807384728,15786900,31.770000457763672,0.45,1.28,2.14,0.009930878824480738,0.009881891703818113,0.35939759567562385,0.31367484426410586,-0.1392896300290431,-0.15430109609761444,31.770000457763672,0.03317074659394059,-0.7647558002795901,1.6900000000000002,0.3600000000000001
2022-03-15,118.3105697631836,119.26613422771946,117.10496747479614,117.7033058478682,15096600,29.82999992370605,0.46,1.28,2.15,0.017746037392341263,0.017590414895303448,0.3709703886776801,0.314229177102714,-0.17257209630031764,-0.13122177852322292,29.82999992370605,-0.06106391268822098,-0.7767914390136638,1.69,0.2899999999999998
2022-03-16,123.59740447998048,123.67778887458547,120.05201525815532,120.44495718099488,20354900,26.670000076293945,0.44,1.35,2.19,0.04468607265926683,0.04371643134646963,0.40626740524551996,0.32570493909525866,0.0834012846525115,-0.10548092959276356,26.670000076293945,-0.10593361902427756,-0.7921706181751008,1.75,0.25
2022-03-17,125.16020965576172,125.19593907487352,121.38263437814308,122.22209857912073,17050500,25.670000076293945,0.4,1.3,2.2,0.012644320342781734,0.012565048451049488,0.4106305824250183,0.3252722217302734,-0.11133568844186534,-0.09580653731086619,25.670000076293945,-0.03749531297860276,-0.7987329526923767,1.8000000000000003,0.2200000000000002
2022-03-18,125.1156005859375,125.78538428580488,123.65100744063224,125.19597135949336,23656500,23.8700008392334,0.42,1.29,2.14,-0.00035641574863853887,-0.0003564792798276036,0.4051339058467032,0.32371054512257397,0.1947057513442428,-0.07481980619857653,23.8700008392334,-0.07012073360774285,-0.8102166058839599,1.7200000000000002,0.14000000000000012
2022-03-21,124.71369171142578,125.7049719117063,123.8920921909706,125.3388339269467,12676100,23.530000686645508,0.54,1.4,2.32,-0.0032123002457687955,-0.003217470757997606,0.4038871767473842,0.3235130276887315,-0.3613492373383044,-0.08209570141671896,23.530000686645508,-0.014243826587096553,-0.8108888289829476,1.7799999999999998,0.17999999999999972
2022-03-22,127.36603546142578,128.5359218813849,126.56230065242858,127.05347798094074,13548600,22.940000534057617,0.51,1.59,2.38,0.021267462406110438,0.021044466097159407,0.4137683796662859,0.32672299475462646,-0.32117858580625636,-0.0609075300449472,22.940000534057617,-0.025074378893781613,-0.8133559995685596,1.8699999999999999,0.22999999999999998
2022-03-23,124.82980346679688,126.44621240575664,124.31183583757078,125.90145452215526,12093200,23.56999969482422,0.5,1.52,2.32,-0.019912938213398568,-0.02011387270567386,0.41317951553606663,0.32856063549404024,-0.3945442798197531,-0.05992312850969783,23.56999969482422,0.02746290959458708,-0.8144073286508547,1.8199999999999998,0.1299999999999999
2022-03-24,125.64246368408205,125.66032839395896,124.2314513929866,125.2941767887774,10017600,21.670000076293945,0.52,1.55,2.34,0.006510145772209874,0.006489046297484835,0.4034184388721714,0.3288613024414033,-0.47802816196883674,-0.02670366658794332,21.670000076293945,-0.08061093097712246,-0.8382490355474469,1.8199999999999998,0.13999999999999968
2022-03-25,126.74092864990234,127.86616030118844,125.74072273764804,125.99969975893404,8383500,20.809999465942383,0.55,1.67,2.48,0.008742784354995647,0.00870478752067188,0.39475169520093256,0.3295692352383152,-0.5515077332617186,-0.04088684751508076,20.809999465942383,-0.03968623014876527,-0.8301947779446424,1.93,0.33999999999999986
2022-03-28,125.80323028564452,125.89254022606217,123.15088585128902,125.02628558578937,10818100,19.6299991607666,0.59,1.69,2.46,-0.0073985442133538415,-0.007426049190091603,0.3655497077064854,0.3297628824792836,-0.38769295728889386,-0.006558386247903281,19.6299991607666,-0.056703524048953846,-0.7836663529440425,1.87,0.14000000000000012
2022-03-29,126.0800552368164,128.24123559148097,125.24060459186248,128.01797439694622,11316500,18.89999961853028,0.55,1.67,2.41,0.0022004598017344446,0.0021980423357731605,0.3366474827006867,0.3298616763911893,-0.30961484787154375,0.034664618904257205,18.89999961853028,-0.03718795585561363,-0.739938770911462,1.86,0.03000000000000025
2022-03-30,125.50853729248048,126.91955001632044,124.94592821322968,126.72307902776136,8771000,19.32999992370605,0.55,1.64,2.35,-0.004532976633476515,-0.004543281725676725,0.3297461984163227,0.3264721690057848,-0.4469681134966956,0.009046771534654274,19.32999992370605,0.022751339357392375,-0.7254089444522506,1.8,0.03000000000000025
2022-03-31,121.73988342285156,125.33885316482775,121.68628928406396,124.8744660161518,17353900,20.559999465942383,0.52,1.63,2.32,-0.030027071870390665,-0.030487117018908615,0.34684659824245956,0.32096759321425034,0.09174923720549841,-0.014245196583663522,20.559999465942383,0.06363163720077814,-0.7523803598030447,1.7999999999999998,-0.020000000000000018
2022-04-01,120.837890625,122.71329016994912,119.48939787240516,122.70435100074064,15721300,19.6299991607666,0.53,1.72,2.39,-0.00740918072607788,-0.00743676504150586,0.33218181673344604,0.31954714981345367,0.0057921029456971555,0.006771000886540257,19.6299991607666,-0.04523347905316466,-0.7178736856051021,1.86,-0.08999999999999986
2022-04-04,121.37372589111328,122.2935609741684,118.6767266940052,119.77516801737328,17416400,18.56999969482422,0.66,1.72,2.42,0.0044343315109343084,0.004424528831164493,0.2972713162006138,0.3186647955169668,0.15160563834753413,0.05185355280238135,18.56999969482422,-0.05399895625369899,-0.6318336583822809,1.7599999999999998,-0.040000000000000036
2022-04-05,119.96126556396484,121.81457230593722,119.66437462066956,120.61803055722018,12110300,21.030000686645508,0.65,1.77,2.54,-0.011637282424827089,-0.011705525555653379,0.2997027546394215,0.3179293167041505,-0.18000257977933745,0.04698645431951842,21.030000686645508,0.13247178418139316,-0.5962525974416152,1.8900000000000001,0.1299999999999999
2022-04-06,118.29689025878906,119.25952413706122,117.82006917115868,118.37785676926424,12914700,22.100000381469727,0.67,1.79,2.61,-0.013874272644183727,-0.013971419977279595,0.2707556906726739,0.31847806931259776,-0.11163649095485302,-0.007309097718727897,22.100000381469727,0.05087967950013872,-0.5938964605494044,1.94,0.2599999999999998
2022-04-07,117.93701171875,118.68373487391258,115.81380302689928,117.81105924244488,12994200,21.549999237060547,0.68,1.78,2.66,-0.0030421639930836575,-0.003046800780263295,0.26755207978432266,0.31831939132016784,-0.09807157983581741,0.0015298068732203518,21.549999237060547,-0.02488692918169999,-0.6455070680454046,1.98,0.3400000000000003
2022-04-08,120.0962142944336,120.46506629171596,118.2968853656385,118.45881837989072,13126900,21.15999984741211,0.7,1.81,2.72,0.018308099757799123,0.018142524359860347,0.2605239428422518,0.32094840129874813,-0.06639114078312934,0.04336639074889925,21.15999984741211,-0.018097420113952323,-0.6257527157023481,2.0200000000000005,0.33000000000000007
2022-04-11,119.65536499023438,121.36472185612202,119.26851588825144,119.65536499023438,10466400,24.3700008392334,0.77,1.85,2.79,-0.003670801005587143,-0.0036775549288699397,0.25961215578253655,0.32090602258730333,-0.24125512165841692,0.029314403736740102,24.3700008392334,0.15170137121782057,-0.5903051598637025,2.02,0.3700000000000001
2022-04-12,118.3418426513672,121.07682996506873,117.58612789144514,118.88164675290496,12989900,24.26000022888184,0.74,1.77,2.72,-0.010977546547740524,-0.011038244429818399,0.25585959018178256,0.3054102736339153,-0.05107193536427905,0.0002643287767627456,24.26000022888184,-0.004513771299279878,-0.5686803389561697,1.9800000000000002,0.18000000000000016
2022-04-13,114.52728271484376,116.28162557761348,113.36671479643655,114.20340297650245,30838000,21.81999969482422,0.75,1.78,2.7,-0.032233399878359714,-0.03276433635541202,0.22472733880769047,0.29274475553142054,1.1696763145193405,-0.07338440320246242,21.81999969482422,-0.10057710268084696,-0.24292663738056033,1.9500000000000002,0.0900000000000003
2022-04-14,113.4656753540039,115.42694399903974,112.47603903374691,113.80754535125068,18835200,22.700000762939453,0.79,1.84,2.83,-0.009269471305654808,-0.009312700201517508,0.21686327420205592,0.29185035123190045,0.3169244494723444,-0.09343651895376526,22.700000762939453,0.04033002201755176,-0.23262982400172086,2.04,0.16999999999999993
2022-04-18,115.57088470458984,116.2726217766782,112.94385967096716,113.06081356168386,11834400,22.170000076293945,0.81,1.84,2.85,0.018553711014523522,0.018383690703709356,0.23176644419277426,0.2947280633547848,-0.13688772261731375,-0.07628717631253124,22.170000076293945,-0.023348047085126056,-0.23407527332937877,2.04,0.1299999999999999
2022-04-19,117.96399688720705,118.14394075729756,115.36396720676184,115.56189448162948,15015400,21.3700008392334,0.81,1.94,2.93,0.020706877763670528,0.020495404685862226,0.24753298313146432,0.2965539393472382,0.08584765634180691,-0.05412152211672805,21.3700008392334,-0.03608476474097866,-0.25953090596744566,2.12,0.14000000000000012
2022-04-20,118.37784576416016,120.11419150150812,118.1619213618425,119.22353251350066,13430200,20.31999969482422,0.82,1.93,2.85,0.003508264282947371,0.003502124679186001,0.23251395261673274,0.2967331288856966,-0.028371069908130705,-0.07056975326823134,20.31999969482422,-0.04913435204370564,-0.2616250448283083,2.0300000000000002,0.1299999999999999
2022-04-21,117.46018981933594,119.48443485637264,116.92039937946696,118.95363611910822,12174200,22.68000030517578,0.83,2.01,2.9,-0.0077519229962372815,-0.007782125336700449,0.2249361099595604,0.29588089787311694,-0.11949635498164562,-0.05903729272009273,22.68000030517578,0.1161417640647251,-0.25356659336740184,2.07,0.19999999999999973
2022-04-22,114.0864486694336,117.42420987654418,113.97849332647044,117.20828546282758,14318800,28.209999084472656,0.83,2.06,2.9,-0.028722422082677168,-0.02914298345131916,0.23996784094063783,0.3001549885758373,0.019751144200409288,-0.09197539331690541,28.209999084472656,0.2438271033900683,-0.3937532979224027,2.07,0.06999999999999984
2022-04-25,114.05046081542967,114.36534886821212,110.75769245408728,113.3667207663873,17149000,27.020000457763672,0.91,2.03,2.81,-0.0003154437220515005,-0.00031549348488758264,0.23531388802094957,0.29846784026044876,0.1843444702736375,-0.10012920032744643,27.020000457763672,-0.042183575516809735,-0.3807192896125071,1.9,-0.040000000000000036
2022-04-26,110.67670440673828,113.72657284294048,110.5417602464634,112.13416311275483,17209500,33.52000045776367,0.83,1.99,2.77,-0.029581260650504593,-0.030027610585025056,0.25119434820575987,0.3029386330856677,0.1628582683922426,-0.12023956654022683,33.52000045776367,0.2405625421864992,-0.4959410392454468,1.94,-0.16000000000000014
2022-04-27,109.23727416992188,111.1625558663128,109.05734399533992,110.055972251231,17215200,31.600000381469727,0.82,1.97,2.82,-0.013005720079326544,-0.013091034985232711,0.25010944714443095,0.3017306691866889,0.1405141495980753,-0.13358798927600968,31.600000381469727,-0.05727923777069188,-0.4543741857522411,2.0,-0.03000000000000025
2022-04-28,110.96461486816406,111.24351552742804,108.98535573632448,110.4877937868324,13015600,29.989999771118164,0.82,2.04,2.85,0.01581274076424921,0.015689021897656506,0.26291079150745544,0.30136247220509477,-0.14966705266888686,-0.11587994520582934,29.989999771118164,-0.050949385788478296,-0.48078792805467113,2.0300000000000002,-0.04999999999999982
2022-04-29,107.3839340209961,111.2075073894236,106.97008925655122,110.70369756555928,14874800,33.400001525878906,0.85,2.1,2.89,-0.03226867277845413,-0.03280078475414189,0.2658621414921882,0.3072527797914008,-0.02026804509396332,-0.11792314070148635,33.400001525878906,0.11370462756871169,-0.5112822908294249,2.04,-0.009999999999999787
2022-05-02,108.36457061767578,108.59848527575916,106.35832291641712,107.851762201347,18545000,32.34000015258789,0.9,2.1,2.99,0.009132060634768235,0.009090615497633096,0.2713200477422122,0.30820082246590635,0.21021645874806386,-0.10322358279186672,32.34000015258789,-0.031736566612720285,-0.5348413134335053,2.0900000000000003,0.18000000000000016
2022-05-03,110.68571472167967,111.71133163200636,108.66146973594628,109.33621806452408,15720900,29.25,0.91,2.16,2.97,0.02141976930996381,0.021193590154695782,0.28556779789385517,0.3065477164559595,0.03162754865335033,-0.08805868890456592,29.25,-0.09554731410044925,-0.5674082180920184,2.06,0.20000000000000018
2022-05-04,114.34733581542967,114.61723786198236,110.42479875852436,110.4787832861714,17128500,25.420000076293945,0.89,2.07,2.93,0.0330812436180874,0.032545835271501164,0.3128769215657763,0.3150417022278933,0.10578934320819325,-0.046797853641696974,25.420000076293945,-0.13094016833183098,-0.6192030931349851,2.04,0.11000000000000032
2022-05-05,111.48641967773438,113.44768850045554,109.90301514966046,112.68297507234442,15055400,31.200000762939453,0.85,2.08,3.05,-0.02501952596703394,-0.02533783481768089,0.32095139761309355,0.3150456622597998,-0.0347168904027249,-0.0575710026371441,31.200000762939453,0.2273800420652159,-0.6491067507140693,2.1999999999999997,0.19999999999999973
2022-05-06,111.30647277832033,111.81928117542355,109.02132454059344,111.37844757255442,14417900,30.190000534057617,0.85,2.08,3.12,-0.0016140701256189827,-0.0016153741401737133,0.32098676097811335,0.31465173668205954,-0.07979035056031188,-0.05622101869294294,30.190000534057617,-0.032371801416157364,-0.6498091205470282,2.27,0.22999999999999998
2022-05-09,109.63311004638672,110.95561788152928,108.40956584951296,109.85802615810768,14312300,34.75,0.92,1.99,3.05,-0.015033831278314813,-0.015147984875348375,0.3137203703315863,0.31550934372410266,-0.08997267813417789,-0.08712268167250492,34.75,0.15104337148978209,-0.6581374394641809,2.13,0.05999999999999961
2022-05-10,106.96111297607422,111.36047187803634,105.764557531208,110.7576983040585,16382400,32.9900016784668,0.89,2.01,2.99,-0.024372172505021106,-0.02467408957957016,0.3216909028378865,0.31781991418911915,0.022421961252264696,-0.10609011986379546,32.9900016784668,-0.0506474337131857,-0.6237474928698677,2.1,0.020000000000000018
2022-05-11,106.28634643554688,110.55975212521275,106.10641630996078,107.32996038285036,14630300,32.560001373291016,0.91,1.99,2.91,-0.00630852205771526,-0.006328504868657982,0.32107016944169353,0.3176714183766661,-0.09157629702300196,-0.10187010735784796,32.560001373291016,-0.01303426139127628,-0.6268713462414182,2.0,-0.020000000000000018
2022-05-12,106.19638061523438,106.44828553481577,103.7942784499336,105.26072886829334,16318800,31.770000457763672,0.96,1.96,2.84,-0.0008464475760963097,-0.0008468060151266888,0.30451636351639183,0.3153711447267556,0.06109619557336895,-0.07274163764412467,31.770000457763672,-0.02426292635771765,-0.7634756526064824,1.88,-0.20999999999999996
2022-05-13,107.14102172851562,108.18463564562911,106.124403506964,107.42892090335586,10443200,28.8700008392334,1.03,2.04,2.93,0.008895228893947227,0.008855899403220315,0.30695461126796564,0.3162918782801458,-0.3019060014345313,-0.05574067757280665,28.8700008392334,-0.09128106946002879,-0.7684494279540541,1.9000000000000001,-0.18999999999999995
2022-05-16,106.3943099975586,107.47390449274836,105.4676567974734,106.64621492217655,10269000,27.46999931335449,1.07,2.07,2.88,-0.0069694288789696746,-0.006993828783440666,0.29669834552103286,0.31385693776208967,-0.3099402472361323,-0.0794021325568931,27.46999931335449,-0.04849329702742344,-0.7639541663673172,1.8099999999999998,-0.16999999999999993
2022-05-17,109.92100524902344,110.63174100418398,108.68846245378626,108.89538830205638,11160200,26.100000381469727,1.06,2.16,2.98,0.033147404701865835,0.03260987569980017,0.3127213452210775,0.3222623220781516,-0.2402114298474459,-0.06818174909649788,26.100000381469727,-0.04987255064177376,-0.7473623702881531,1.92,-0.010000000000000231
2022-05-18,108.04070281982422,109.73207641494254,107.53689291348012,109.12930286786728,12664900,30.959999084472656,1.03,2.16,2.89,-0.01710594280810518,-0.017253939625924277,0.3151993916481173,0.3234609912372034,-0.1355191141202276,-0.08732328990789584,30.959999084472656,0.18620684413680677,-0.7482071388896793,1.86,-0.020000000000000018
2022-05-19,106.43929290771484,107.64484677226233,105.827520841503,106.33133757266812,12765800,29.350000381469727,1.05,2.11,2.84,-0.014822283364631539,-0.014933231104247064,0.3171822285359894,0.3222820002738272,-0.1303876906308807,-0.09382665674704083,29.350000381469727,-0.05200254362444057,-0.7240314040062705,1.7899999999999998,0.0
2022-05-20,105.56661224365234,107.66283184057188,103.4793912121837,107.47390314946972,13150100,29.43000030517578,1.03,2.07,2.78,-0.008198858149303323,-0.008232653636481076,0.30443621977177027,0.31835651198889137,-0.10062893942046748,-0.07467877670964718,29.43000030517578,0.002725721385562929,-0.6939741017324804,1.7499999999999998,-0.15000000000000036
2022-05-23,109.62410354614258,111.18052249830065,108.36455930116784,108.3735578658183,24376700,28.479999542236328,1.07,2.09,2.86,0.038435365275579336,0.03771512385652433,0.3383811215244553,0.32478694147647064,0.6269762211065003,-0.038810516306903575,28.479999542236328,-0.03228001199756625,-0.6580161590769147,1.7899999999999998,-0.020000000000000018
2022-05-24,113.6815948486328,114.6982131560294,110.7576855302295,111.88226603730767,19324900,29.450000762939453,1.06,2.02,2.76,0.037012766091011784,0.036344239770469654,0.34731183668870913,0.3240928439942792,0.28076205902537643,0.02715016188819197,29.450000762939453,0.03405903217324835,-0.5306658094768077,1.6999999999999997,-0.2200000000000002
2022-05-25,114.4732894897461,115.03108385539764,112.61098456764918,113.60961254105274,12780400,28.3700008392334,1.06,2.01,2.75,0.006964140872297131,0.006940003243687147,0.3435310134823236,0.3153965657908948,-0.1403427288421122,0.04793249703099911,28.3700008392334,-0.03667232243556173,-0.56482545251374,1.69,-0.14000000000000012
2022-05-26,116.45255279541016,117.12730104130958,115.34596951591575,115.48990537525528,15990900,27.5,1.07,1.99,2.75,0.017290175852257228,0.0171424016906813,0.3443178440494193,0.3144826332348584,0.06495103099305923,0.04945664826364915,27.5,-0.030666225361201227,-0.5605166587931414,1.68,-0.08999999999999986
2022-05-27,118.09893035888672,118.09893035888672,116.18264110671872,117.10030248874402,11177800,25.71999931335449,1.08,2.01,2.74,0.014137754166445804,0.014038748177065845,0.32007066934357925,0.31573796922771075,-0.24631020506689807,0.09978211764709233,25.71999931335449,-0.06472729769620045,-0.5186466410592068,1.6600000000000001,-0.03999999999999959
2022-05-31,118.9626235961914,119.79031322349005,116.69547911924764,117.11830877128727,17015000,26.190000534057617,1.16,2.08,2.85,0.007313302793514165,0.007286690266184695,0.3198105671621221,0.3107679554335687,0.1532254730325526,0.09779998128638301,26.190000534057617,0.018273764900883727,-0.5142991812619389,1.6900000000000002,-0.009999999999999787
2022-06-01,116.87539672851562,119.5383954651262,115.75980801422358,119.5383954651262,10768000,25.690000534057617,1.15,2.16,2.94,-0.01754523231398042,-0.01770097427710704,0.3229354483160723,0.3021338922392146,-0.25771845622258793,0.05592123628961487,25.690000534057617,-0.019091255815355868,-0.4684592697620153,1.79,0.18000000000000016
2022-06-02,118.75568389892578,118.76467559964196,115.75980022595932,116.86638343669156,8374800,24.71999931335449,1.17,2.15,2.92,0.016087963960266016,0.015959924109619952,0.3076223338112616,0.3034465649585709,-0.40473127328711334,0.038552258800429895,24.71999931335449,-0.03775792917626386,-0.40945416592615846,1.75,0.16999999999999993
2022-06-03,117.10030364990234,118.54876366099852,116.94736237267942,118.0449538706672,8596000,24.790000915527344,1.21,2.18,2.96,-0.0139393770022187,-0.014037442498981915,0.2967799451745031,0.29393995327649386,-0.3746530801391244,0.05035486822875468,24.790000915527344,0.0028317801018318267,-0.28159969679718905,1.75,0.20999999999999996
2022-06-06,116.71345520019533,119.10656572570544,116.47055570362924,117.93699929590215,11323500,25.06999969482422,1.26,2.23,3.04,-0.0033035648725864286,-0.0033090336907387924,0.29714880055063464,0.29301473115409055,-0.16685367423894049,0.04857743028694861,25.06999969482422,0.011294827307630095,-0.29050851512162823,1.78,0.2999999999999998
2022-06-07,117.01934814453124,117.24426423116766,115.71482385980929,115.9037594128108,6722200,24.020000457763672,1.26,2.26,2.98,0.0026208884297977963,0.002617459890955707,0.289858440947295,0.28923429295121955,-0.49119514492597305,0.0673723302660969,24.020000457763672,-0.041882698438058696,-0.20606036037586542,1.72,0.1299999999999999
2022-06-08,115.15704345703124,116.46155409438506,114.16741398760132,116.0567078590393,8422100,23.959999084472656,1.28,2.29,3.03,-0.01591450231973479,-0.01604249781796901,0.28028692876697753,0.29043360582605443,-0.3427284639211221,0.07662532908376085,23.959999084472656,-0.0024979755265417403,-0.27981835488014467,1.7499999999999998,0.08999999999999986
2022-06-09,112.7369384765625,115.24700972232138,112.70095107858413,114.59025172103082,13560100,26.09000015258789,1.3,2.35,3.04,-0.0210156922044612,-0.021239665389549266,0.29210546644548374,0.2912000456638492,0.06268543959273429,0.06069069318256526,26.09000015258789,0.08889821158196898,-0.36450751692390526,1.74,0.1200000000000001
2022-06-10,107.5548858642578,111.01859256347376,107.34796002425864,110.28985970425488,12945200,27.75,1.39,2.58,3.15,-0.04596588023704429,-0.0470558432227138,0.3418759144669854,0.2913451378427189,0.02808711245804723,0.012792387472652988,27.75,0.06362590408982616,-0.4376496773948885,1.76,0.18999999999999995
2022-06-13,104.3520736694336,106.11541510077954,103.5153854881623,105.13478418220184,16805600,34.02000045776367,1.73,2.89,3.43,-0.029778397969445924,-0.030230777875136363,0.3572197741059893,0.29518404165049916,0.3017848649770792,-0.026030627803316442,34.02000045776367,0.2259459624419342,-0.5099047266048162,1.7000000000000002,0.3900000000000001
2022-06-14,102.61573028564452,105.54863846644824,101.86001540317108,103.95623532758184,13357900,32.689998626708984,1.83,3.15,3.49,-0.016639280109463472,-0.016779267968066943,0.3609509133405799,0.29646461603711965,0.022488720046264173,-0.03551486646232094,32.689998626708984,-0.03909470350260291,-0.493992158544079,1.6600000000000001,0.5100000000000002
2022-06-15,103.83028411865234,105.21576142015324,101.81503067958737,104.01921284158428,14083500,29.6200008392334,1.74,2.93,3.33,0.011835942010322897,0.01176644508557894,0.3416576748894587,0.2980693431108427,0.06610235824097463,-0.055409983893184966,29.6200008392334,-0.09391244773461938,-0.4864357742802407,1.59,0.30000000000000027
2022-06-16,102.04894256591795,102.79566573403068,100.64546816909524,102.43579856810568,16724900,32.95000076293945,1.59,2.88,3.28,-0.017156281212702407,-0.0173051554139336,0.34168635950962684,0.29517374702290494,0.24689207031544136,-0.055458360576370214,32.95000076293945,0.11242403205118334,-0.4988375401887064,1.6899999999999997,0.23999999999999977
2022-06-17,101.68907165527344,103.12853340206972,100.9063679768972,102.14790244652868,30919900,31.1299991607666,1.63,2.86,3.25,-0.0035264540875772354,-0.00353268668375007,0.3387239530904356,0.29318330716293495,1.1590638905521446,-0.044628455551277924,31.1299991607666,-0.05523525220126546,-0.524142799351466,1.62,0.10000000000000009
2022-06-21,104.20811462402344,105.28770900850158,103.49737902308271,104.24410201869186,11680500,30.190000534057617,1.7,2.92,3.31,0.02477201264349782,0.024470161160616333,0.3507817484837805,0.2980537020415173,-0.18017167228344352,-0.012868629491428973,30.190000534057617,-0.030195909156774836,-0.5327772238436554,1.61,-0.1200000000000001
2022-06-22,103.62335968017578,104.54101447039106,102.91262388576304,103.35345757863834,9842700,28.950000762939453,1.61,2.79,3.16,-0.005611414676845672,-0.005627217810535612,0.32033038585858886,0.29707123846744465,-0.2720324507545599,-0.05473927422759706,28.950000762939453,-0.041073194739407515,-0.5257993055646053,1.55,-0.33000000000000007
2022-06-23,102.48976135253906,103.62334035817103,100.29458500067808,103.47039906563576,11851500,29.049999237060547,1.65,2.78,3.09,-0.010939602143140936,-0.010999879601389569,0.28578951720185003,0.2973704884342679,-0.09854816167032716,-0.09844894867102871,29.049999237060547,0.003454178635086791,-0.6468224495179108,1.44,-0.2400000000000002
2022-06-24,105.54862213134766,105.99845431002947,101.50913108867528,101.8689982043996,14841100,27.229999542236328,1.73,2.83,3.13,0.029845525430456155,0.029408815683886248,0.3086447457817639,0.304703029198116,0.12006949350045584,-0.07796288023327802,27.229999542236328,-0.06265059354983915,-0.6540697870445538,1.4,-0.1499999999999999
2022-06-27,104.70293426513672,106.61022515236664,104.03718457004187,106.21437064311846,11280500,26.950000762939453,1.79,2.89,3.2,-0.008012306074053122,-0.008044577090796643,0.29847968817184617,0.304865062938666,-0.13324532987466423,-0.10089618688665225,26.950000762939453,-0.01028273169313021,-0.6516046269870939,1.4100000000000001,-0.04999999999999982
2022-06-28,104.19915008544922,107.32098723745618,104.00122278208684,105.8635281649754,11590900,28.36000061035156,1.79,2.88,3.2,-0.004811557414539869,-0.004823170222352106,0.2896343046680871,0.29947873662542657,-0.11080646813133113,-0.1176960725317151,28.36000061035156,0.052319102318953536,-0.6240169485722394,1.4100000000000001,-0.10999999999999988
2022-06-29,103.73131561279295,105.0988025801743,103.21850714203806,104.36107799305506,9338400,28.15999984741211,1.78,2.88,3.1,-0.004489810831207475,-0.004499920302950208,0.28531165021417815,0.29933630168359404,-0.26187204406762377,-0.12803439872930045,28.15999984741211,-0.007052212927895596,-0.6407036286351864,1.32,-0.06000000000000005
2022-06-30,101.31121063232422,102.63371842464493,99.79977413594268,101.8150205098198,15172600,28.709999084472656,1.72,2.8,2.98,-0.023330514668323254,-0.023606979638168483,0.2890366043922189,0.302049267324748,0.17875695469788555,-0.13316905466720874,28.709999084472656,0.019531223012811516,-0.6536022648750337,1.26,-0.10999999999999988
2022-07-01,102.60672760009766,102.93959903531712,100.006698032334,101.34719606689474,10573600,26.700000762939453,1.73,2.79,2.88,0.012787498636010586,0.012706428962726779,0.28579967456285094,0.30318915098321164,-0.18549550961801037,-0.1359847021096916,26.700000762939453,-0.07001039309054802,-0.6681073834522706,1.15,-0.25
2022-07-05,102.2164535522461,102.29813625751622,99.20314697860752,100.53734630362622,12514200,27.540000915527344,1.9,2.77,2.82,-0.003803591216480773,-0.0038108432646101376,0.2849100671066811,0.3022757922810367,-0.050339042666900397,-0.12710342871658864,27.540000915527344,0.031460678973232126,-0.6667026347658775,0.9199999999999999,-0.38000000000000034
2022-07-06,101.55387878417967,102.55226212775857,100.5554954406008,101.40866278810402,10656200,26.729999542236328,1.9,2.82,2.93,-0.006482075488245753,-0.006503175369670533,0.28461689113965993,0.30238864304211294,-0.18928377426359042,-0.12988713589202594,26.729999542236328,-0.029411813593453018,-0.6642276884135647,1.0300000000000002,-0.27
2022-07-07,104.12245178222656,104.28582410524804,102.92439038827249,103.01515125114886,10347400,26.07999992370605,1.95,2.87,3.01,0.025292711896367503,0.024978144404105024,0.30493541701140403,0.3046967003406179,-0.22348530329955332,-0.1102116578736676,26.07999992370605,-0.024317232684692214,-0.6428062813376761,1.0599999999999998,-0.0900000000000003
2022-07-08,103.79572296142578,104.96655696748944,103.11500599915232,104.52182382436187,8807800,24.63999938964844,1.98,2.96,3.09,-0.0031379286139375795,-0.0031428622355356324,0.3026395257100556,0.3046889358966398,-0.33997890552259413,-0.09865936250651242,24.63999938964844,-0.055214744565573626,-0.6449050204288859,1.1099999999999999,0.10999999999999988
2022-07-11,102.4342803955078,103.67772576789008,101.85340252400628,103.0605421638434,7939500,26.170000076293945,2.18,2.97,2.99,-0.013116557475339796,-0.013203339202327207,0.29830155350742243,0.304984193233789,-0.3922469867828359,-0.09138671158075296,26.170000076293945,0.062094185249382594,-0.6321588369784126,0.81,0.11000000000000032
2022-07-12,102.53411102294922,104.53995584050604,101.88969990347611,102.18013881541624,11250900,27.290000915527344,2.22,3.07,2.96,0.0009745822107205537,0.0009741076138086021,0.2533843134156289,0.29840686966516494,-0.13314451520843704,-0.04668104848017007,27.290000915527344,0.04279712785511025,-0.6220215244431718,0.7399999999999998,0.14000000000000012
2022-07-13,101.572021484375,102.08936595184171,100.18335345891364,101.42679858317288,12979900,26.81999969482422,2.39,3.21,2.91,-0.009383116788898471,-0.009427415553994739,0.2330090908575448,0.29841922590291864,0.01503046483357634,-0.026641082321614773,26.81999969482422,-0.01722246994999932,-0.5118067015653615,0.52,-0.020000000000000018
2022-07-14,98.02324676513672,98.23200302266925,96.26245659810957,98.01416859969322,26204800,26.39999961853028,2.4,3.16,2.96,-0.03493850636598972,-0.035563455700369596,0.25773446787458704,0.3032406670292553,0.951207889179779,-0.04475418639738771,26.39999961853028,-0.015659958280126007,-0.4841499565357664,0.56,-0.04999999999999982
2022-07-15,102.51596069335938,103.36004991253748,97.72371490368111,99.07607744194743,18863900,24.229999542236328,2.37,3.12,2.93,0.045833147508235195,0.04481383810840806,0.3041538216347807,0.31506594191421433,0.38004368990991333,-0.012658382248005973,24.229999542236328,-0.08219697377460644,-0.5432547933565006,0.56,-0.1599999999999997
2022-07-18,101.46312713623048,105.13899436116152,101.00931585478637,104.1678384958555,13977900,25.299999237060547,2.5,3.13,2.96,-0.01026994772334111,-0.01032304750396481,0.30006113564592246,0.31524504689324895,0.03297365964833713,-0.005740534051188906,25.299999237060547,0.04416012030702099,-0.5401220100484171,0.45999999999999996,-0.03000000000000025
2022-07-19,103.97721099853516,104.32211191266498,102.26180536382338,102.6793108010148,11862300,24.5,2.52,3.18,3.01,0.024778300583315538,0.024476297082020322,0.31226686476311816,0.3198650481073719,-0.05696316748060034,0.022501329848093388,24.5,-0.031620524157513485,-0.5723752968919765,0.48999999999999977,0.04999999999999982
2022-07-20,103.9590835571289,104.140605290037,102.99700590841762,103.55972743519882,11667500,23.8799991607666,2.51,3.18,3.04,-0.00017434052358367147,-0.00017435572265932207,0.2998228351245388,0.3148481165244229,-0.07240157161051917,-0.0023897473607791264,23.8799991607666,-0.02530615670340397,-0.5661241284248456,0.5300000000000002,0.1299999999999999
2022-07-21,104.66703033447266,104.85763023564223,102.89716916317614,103.86832499748432,11595900,23.11000061035156,2.48,3.11,2.91,0.006809859736351953,0.006786777374050931,0.30003641288761607,0.3153031087380315,-0.08447446043847072,0.010071770086572007,23.11000061035156,-0.03224449654420858,-0.5911460659667926,0.43000000000000016,-0.04999999999999982
2022-07-22,104.15876007080078,105.51111565732424,103.16944794470042,104.59441499315255,7645500,23.030000686645508,2.49,3.01,2.77,-0.004856068449134887,-0.0048678974600545565,0.29769933253229264,0.30972342164365557,-0.38617675347676617,0.016284540974983663,23.030000686645508,-0.003461701496892955,-0.5887448348791838,0.2799999999999998,-0.16000000000000014
2022-07-25,104.57628631591795,105.70173650042454,104.16785195507929,105.1390079458655,9394000,23.36000061035156,2.62,3.07,2.81,0.004008556215851389,0.0040005433605663525,0.27835656728350056,0.3088557654825118,-0.2289372606588507,-0.009212207566477781,23.36000061035156,0.01432913216964904,-0.5293265223980121,0.18999999999999995,-0.1499999999999999
2022-07-26,102.94254302978516,104.903010967723,102.58857080620362,103.99538846118368,10675100,24.690000534057617,2.55,3.06,2.81,-0.01562250242083918,-0.01574581974808343,0.2824509386565745,0.30843801933973647,-0.12160168980034831,-0.01681319867209996,24.690000534057617,0.05693492675324219,-0.5594297981736193,0.26000000000000023,-0.19999999999999973
2022-07-27,104.59441375732422,105.04822500210126,102.83363083632408,103.4780419729543,9337400,23.239999771118164,2.44,3.0,2.78,0.016046531190327284,0.01591914652325119,0.2881185349109797,0.30326987786626874,-0.22448389733095023,0.0037933483291452408,23.239999771118164,-0.058728259683077266,-0.5938348907573388,0.33999999999999986,-0.26000000000000023
2022-07-28,104.20413970947266,105.26606332469508,103.04238398730452,104.60349583569682,10384800,22.32999992370605,2.42,2.93,2.68,-0.0037313087174718484,-0.0037382874150364226,0.28796677110371566,0.3026872149192129,-0.141224025351125,0.004558161572390196,22.32999992370605,-0.03915662032591871,-0.5777513559962514,0.26000000000000023,-0.22999999999999998
2022-07-29,104.70333862304688,105.73802778300616,104.18599404306724,104.91208793316274,12944500,21.32999992370605,2.41,2.98,2.67,0.004790586199032054,0.0047791478573282545,0.2740999859846806,0.299479469635441,0.08040501938252197,0.03348225699358465,21.32999992370605,-0.04478280355650055,-0.5594123159242508,0.2599999999999998,-0.10000000000000009
2022-08-01,103.65956115722656,104.47642276270156,102.62487209849483,103.92277250369128,14740400,22.84000015258789,2.56,2.98,2.6,-0.00996890337545131,-0.010018925614940785,0.2738082196398681,0.2917650114351723,0.20927076962581304,0.010260862827944806,22.84000015258789,0.07079232228236587,-0.5517082760910529,0.040000000000000036,-0.20999999999999996
2022-08-02,102.04399871826172,103.83201616462608,101.89877579335833,103.39635431452608,14942900,23.93000030517578,2.56,3.09,2.75,-0.015585271835315107,-0.015707999012058892,0.2794961801003607,0.28907872365204296,0.21379132202035103,-0.0016871533690633322,23.93000030517578,0.04772329883125637,-0.5764029348147657,0.18999999999999995,-0.06000000000000005
2022-08-03,103.114990234375,103.55972330950938,101.39050614200848,102.96976731414584,14394500,21.950000762939453,2.52,3.14,2.73,0.01049538953358975,0.01044069529159501,0.2808033985816488,0.290107763559394,0.1517585631762916,0.015372248395484345,21.950000762939453,-0.08274130869142016,-0.5948675291827595,0.20999999999999996,-0.04999999999999982
2022-08-04,101.98046875,102.8517855540431,100.76425095035351,102.4252018539718,18033900,21.440000534057617,2.5,3.11,2.68,-0.011002488404414201,-0.011063463443898872,0.2684525606597693,0.28939333392670824,0.39991166084595997,-0.02057176906193625,21.440000534057617,-0.02323463376561352,-0.5868706541919143,0.18000000000000016,0.0
2022-08-05,105.06639099121094,105.4566689745922,101.69911207627526,102.1347670335409,14174600,21.14999961853028,2.58,3.29,2.83,0.030259933877887057,0.029811133391601755,0.28967418873704054,0.29205127567214934,0.07787454631037123,0.012242007604276628,21.14999961853028,-0.013526161767891232,-0.5776667585136067,0.25,0.16000000000000014
2022-08-08,103.78663635253906,105.91954794254512,103.63234218221672,105.51112056825411,10332500,21.290000915527344,2.65,3.3,2.77,-0.012180437784133358,-0.012255227249204538,0.2890935804754032,0.2928255402508694,-0.22137336701290716,0.013202181455365336,21.290000915527344,0.006619446785918859,-0.5632189484024677,0.1200000000000001,0.16999999999999993
2022-08-09,104.72147369384766,105.27512393124417,103.80478002339936,104.14967405464242,10233800,21.770000457763672,2.67,3.33,2.8,0.009007299727232354,0.008966975960993332,0.29059860871105075,0.2934511258971168,-0.22584432388843437,0.021333024191421135,21.770000457763672,0.02254577367755073,-0.556576160236259,0.1299999999999999,0.04999999999999982
2022-08-10,107.45343780517578,108.3429109896172,106.64565425457806,107.06315981474908,12847300,19.739999771118164,2.65,3.26,2.78,0.026087907426847412,0.025753422831539963,0.30043248759881813,0.29769905016260223,-0.027653370721674453,0.05790390143712498,19.739999771118164,-0.09324761800459969,-0.6122505178649963,0.1299999999999999,0.04999999999999982
2022-08-11,109.0417709350586,110.00384860746668,108.28844256817548,108.82394346528156,11684900,20.200000762939453,2.62,3.25,2.87,0.014781594356828576,0.014673411366081033,0.26630142140137525,0.29881939054112394,-0.06421082305304532,0.11240725576374966,20.200000762939453,0.023302988710988792,-0.6582316417985228,0.25,0.18999999999999995
2022-08-12,110.8479461669922,110.95686337236488,108.40644607023346,109.52281799570704,9906700,19.530000686645508,2.63,3.26,2.84,0.01656406729682791,0.016428379445749673,0.22657473617465684,0.2931582756554104,-0.1771037360804464,0.0812750074942481,19.530000686645508,-0.033168319355867615,-0.606250742296571,0.20999999999999996,0.009999999999999787
2022-08-15,111.1474609375,111.38344474851088,109.45928237528908,109.94939940218362,8456200,19.950000762939453,2.72,3.23,2.79,0.002702032657028841,0.0026983887293209065,0.2203572386210798,0.2909452792801094,-0.2811025667074877,0.09544682954889372,19.950000762939453,0.021505379494489052,-0.5759738235300338,0.06999999999999984,0.020000000000000018
2022-08-16,112.20938110351562,112.76303145117365,110.61197029105048,110.993170126438,9555000,19.690000534057617,2.7,3.26,2.82,0.009554155866977165,0.00950880355966066,0.2084990995590239,0.28972691071508755,-0.1796431297365843,0.07917283052626267,19.690000534057617,-0.013032592428007916,-0.5745508932270885,0.11999999999999966,0.020000000000000018
2022-08-17,111.26544189453124,111.78279338084268,110.44858716261082,111.00223745622554,8149300,19.89999961853028,2.68,3.27,2.89,-0.008412302070480049,-0.008447885181319609,0.2126234603339948,0.28975615872865607,-0.2896021953613577,0.07028109605628874,19.89999961853028,0.010665265554941517,-0.5893487553775058,0.20999999999999996,0.11000000000000032
2022-08-18,110.40320587158205,111.15653424619168,109.41390062088134,110.9477780139152,9531800,19.559999465942383,2.71,3.24,2.88,-0.0077493605226185425,-0.0077795428471302015,0.21580554906930272,0.2798836779343424,-0.16154238271396973,0.054804034458405315,19.559999465942383,-0.017085435130928306,-0.5677745169542886,0.16999999999999993,0.009999999999999787
2022-08-19,107.6712646484375,109.81325450067376,107.1993039515802,109.47743857634038,13464500,20.600000381469727,2.74,3.26,2.98,-0.024745125846456495,-0.025056432757520966,0.23609966295161075,0.27416808049017993,0.15483860177430622,0.03372260360289547,20.600000381469727,0.05316978240915504,-0.6187831701722938,0.23999999999999977,0.14000000000000012
2022-08-22,105.89231872558594,106.33705875021748,104.8304020292738,105.96493018976378,8967600,23.799999237060547,2.82,3.32,3.03,-0.01652201196540304,-0.01666002265961651,0.24461770871284824,0.2755462865391052,-0.22944761870391397,0.012584424787206006,23.799999237060547,0.1553397473948257,-0.6364843271815209,0.20999999999999996,0.23999999999999977
2022-08-23,104.84854888916016,106.4550446032187,104.721482292237,105.91047248431808,7607000,24.11000061035156,2.8,3.29,3.05,-0.009856898488837973,-0.009905799318437946,0.24027367400091795,0.2733817591696273,-0.3376278246816573,0.018515239698552177,24.11000061035156,0.013025268202878193,-0.6148096037591131,0.25,0.22999999999999998
2022-08-24,105.10269927978516,105.65634961675111,103.87740323674224,104.63980981740474,9771300,22.81999969482422,2.82,3.35,3.11,0.002423976233506764,0.0024210431419896795,0.23378549215478434,0.27154668152142003,-0.15077773456426657,0.00485958574843437,22.81999969482422,-0.05350480642350053,-0.5833881980548803,0.29000000000000004,0.21999999999999975
2022-08-25,107.59864044189452,107.77108399260916,104.99376160893569,105.42942341647736,10758900,21.780000686645508,2.88,3.33,3.03,0.023747640918956092,0.023470051829819063,0.2472050859487953,0.27588683956329313,-0.06646316490930924,0.03257548828564705,21.780000686645508,-0.04557401499065716,-0.6223761681568304,0.1499999999999999,0.1499999999999999
2022-08-26,104.07707977294922,108.90563163020596,104.01354646921996,108.4245927698828,11276200,25.559999465942383,2.89,3.36,3.04,-0.03272867254161094,-0.03327623606239685,0.2759554520872546,0.28154021179929317,-0.014444391518044237,-0.005981269158496616,25.559999465942383,0.17355365748976292,-0.7123764102655024,0.1499999999999999,0.06000000000000005
2022-08-29,103.82294464111328,104.24952835453824,102.97885537880298,103.4689723947842,8117300,26.209999084472656,2.97,3.43,3.12,-0.002441797294758352,-0.0024447833436471605,0.2737180426037613,0.2790599508347627,-0.2693903230422913,0.0015761545009718159,26.209999084472656,0.02543034554427015,-0.7067667379358885,0.1499999999999999,0.0900000000000003
2022-08-30,103.84109497070312,104.90301164833748,102.8880885628096,104.37658892922276,10745400,26.209999084472656,2.97,3.48,3.11,0.0001748200231903585,0.0001748047439508231,0.2672993400081735,0.278011661273746,-0.01422282688718386,0.017610994032124294,26.209999084472656,0.0,-0.6994740157258619,0.13999999999999968,0.06000000000000005
2022-08-31,103.22393035888672,104.40383568715572,102.86995114333337,103.90464736833052,10738300,25.8700008392334,2.96,3.5,3.15,-0.005943356163477742,-0.005961088198160816,0.2658492399894672,0.27811798964839496,0.001929065441270804,0.0010564916338944297,25.8700008392334,-0.01297208153817453,-0.6870615617715332,0.18999999999999995,0.040000000000000036
2022-09-01,103.93185424804688,104.0407645161226,101.57203713673448,102.82455369187618,9979800,25.559999465942383,2.97,3.51,3.26,0.006858137320472801,0.006834727268671753,0.26350420770876004,0.2785540425955438,-0.03248886079581809,0.01913489437698712,25.559999465942383,-0.011983044578061208,-0.723363240452159,0.2899999999999996,0.22999999999999998
2022-09-02,103.20575714111328,106.6002634672433,102.73379647194965,105.16622513135546,10666600,25.46999931335449,2.94,3.47,3.2,-0.006986280695047253,-0.007010799015332492,0.24150751194459494,0.27721787693358113,0.05198273685539355,-0.017709124987964064,25.46999931335449,-0.003521132803927296,-0.7461790645371607,0.26000000000000023,0.16000000000000014
2022-09-06,103.23298645019533,104.14968716060882,101.71725846017836,103.76848735316932,9751900,26.90999984741211,3.04,3.61,3.33,0.00026383517583039584,0.0002638003774509496,0.23775522284714978,0.2742731415640739,-0.03546712374968968,-0.005334500874111692,26.90999984741211,0.05653712496578667,-0.7501500333055019,0.29000000000000004,0.20999999999999996
2022-09-07,105.19345092773438,105.38405082502956,102.34351678313176,102.67933268210456,10647900,24.63999938964844,3.07,3.6,3.27,0.018990678706024555,0.018812606707114814,0.2452767452272111,0.2603784731568961,0.05100138729932649,0.004506976623214198,24.63999938964844,-0.08435527575753476,-0.7847673039492687,0.20000000000000018,0.16000000000000014
2022-09-08,107.64402770996094,107.8164782017892,104.04076525711028,104.63072127029264,11435000,23.61000061035156,3.06,3.6,3.29,0.02329590635742207,0.02302869867007027,0.24167974512275817,0.257147864864967,0.13661439002522718,0.0017736976003570604,23.61000061035156,-0.04180189954589031,-0.7567835036647412,0.22999999999999998,0.14000000000000012
2022-09-09,108.16136169433594,108.96007385247265,107.70755048616172,108.134134129783,9299700,22.790000915527344,3.08,3.67,3.33,0.004805970153485051,0.004794458347789304,0.2362557921720391,0.25473937342496394,-0.0645407249741483,-0.008074054861480495,22.790000915527344,-0.0347310323433323,-0.7889397470094677,0.25,0.07000000000000028
2022-09-12,109.44113159179688,110.32152659616844,108.72410892766553,109.47743732569587,8614600,23.8700008392334,3.17,3.7,3.37,0.011832043138265691,0.011762591813119401,0.23239546264136335,0.25473867002176864,-0.12778692105624187,-0.012691390538494662,23.8700008392334,0.047389200540585596,-0.7371596067746945,0.20000000000000018,0.16999999999999993
2022-09-13,105.63818359375,107.93446744065152,105.08453330758675,107.16298969054854,12904600,27.270000457763672,3.28,3.92,3.42,-0.03474880004193892,-0.0353669006807696,0.2624788200382178,0.2628065696511639,0.27779260302986347,-0.04956728023546986,27.270000457763672,0.14243818596528657,-0.7898683381910677,0.14000000000000012,0.08999999999999986
2022-09-14,105.39314270019533,106.95424781322068,104.26768564887853,105.9195585649474,9345700,26.15999984741211,3.24,3.95,3.41,-0.002319624261024944,-0.0023223187569997193,0.25860564102579414,0.26273744181112235,-0.07364399866384766,-0.06074570892635234,26.15999984741211,-0.04070409210556314,-0.7753696304056436,0.16999999999999993,0.14000000000000012
2022-09-15,106.98146057128906,108.35196548374964,105.06637664966534,105.39312128531932,10821400,26.270000457763672,3.22,4.0,3.45,0.015070409994432987,0.014957979540444777,0.2654807196851793,0.2597519525300947,0.05860975174312959,-0.038502353024427505,26.270000457763672,0.004204916322369412,-0.7658088455698437,0.22999999999999998,0.16000000000000014
2022-09-16,106.26443481445312,106.55487371246716,104.71240130400848,106.5457955493578,14844100,26.299999237060547,3.2,3.96,3.45,-0.0067023365824971926,-0.006724898106790145,0.2652005070684464,0.25987113628522446,0.4153561869928079,-0.0374877796750126,26.299999237060547,0.001141940570009048,-0.775857399166381,0.25,0.1200000000000001
2022-09-19,107.24468231201172,107.76202688119582,104.83948120367457,105.28421430798112,8201300,25.76000022888184,3.37,4.05,3.49,0.009224605572599964,0.00918231875250973,0.25314094768540235,0.25937428008690105,-0.19789569015514347,-0.00396189584861506,25.76000022888184,-0.02053228227542192,-0.7879829451730311,0.1200000000000001,0.1200000000000001
2022-09-20,105.1299285888672,106.81810719760723,104.04985546698217,106.56397397471925,9619000,27.15999984741211,3.35,4.03,3.57,-0.019718961141513502,-0.019915974084027947,0.2561945961190489,0.2557740969678103,-0.06222885164711961,-0.007199673648609295,27.15999984741211,0.054347810795459806,-0.7922278408902974,0.21999999999999975,0.1499999999999999
2022-09-21,102.09845733642578,105.82878652068666,102.03492403576531,105.77433138429495,12606300,27.989999771118164,3.31,4.08,3.51,-0.028835473334112405,-0.02925938460561471,0.27432662795047946,0.2622146946150519,0.19976987351132763,-0.026229180869652424,27.989999771118164,0.030559643901659994,-0.7660682146369451,0.19999999999999973,0.09999999999999964
2022-09-22,100.93669891357422,103.10591616726136,100.80963231563014,102.90623810631774,11684500,27.350000381469727,3.29,4.08,3.7,-0.01137880486306897,-0.011444038791326277,0.27622113470593496,0.263039352400941,0.10200722913724279,-0.03963742505909362,27.350000381469727,-0.02286528741986016,-0.7475682701078916,0.41000000000000014,0.25
2022-09-23,99.05793762207033,100.14708205592052,97.26084861375637,99.88387757535234,18138600,29.920000076293945,3.24,4.15,3.69,-0.01861326268568142,-0.018788669464604366,0.2649965367516492,0.26557815161427073,0.6531852703859219,-0.07937556445647054,29.920000076293945,0.09396708076704297,-0.7483715063587616,0.44999999999999973,0.23999999999999977
2022-09-26,96.9250030517578,99.48449810451092,96.26243561106126,98.02322539420264,15753600,32.2599983215332,3.39,4.17,3.88,-0.021532192386744198,-0.021767392418173985,0.25098939975146706,0.26492842617411466,0.4071016043544979,-0.06871903724426287,32.2599983215332,0.07820849730188573,-0.7121316872120405,0.48999999999999977,0.3899999999999997
2022-09-27,96.07183074951172,98.17751446451491,94.98268662694812,97.7963147140786,12793600,32.599998474121094,3.35,4.16,3.97,-0.008802396444501426,-0.00884136639056836,0.2516387192920172,0.26393658041186,0.11933974913371821,-0.0746570415469816,32.599998474121094,0.010539372916239298,-0.7114389069083081,0.6200000000000001,0.40000000000000036
2022-09-28,98.0141372680664,98.68578280395764,95.8812260950074,96.16258681231297,12762600,30.18000030517578,3.4,3.99,3.72,0.02021723228756689,0.020015577451633734,0.26535999566374846,0.26738445860357707,0.10686005018882602,-0.056114178151537075,30.18000030517578,-0.07423307614159502,-0.7425714045621137,0.3200000000000003,0.2100000000000004
2022-09-29,96.35321044921876,97.36974324411146,94.7557928684598,97.07022614935472,12713900,31.84000015258789,3.36,3.98,3.76,-0.016945788282613172,-0.017091011100917722,0.2699707150437087,0.269239998058419,0.09327053757190391,-0.06656130885328615,31.84000015258789,0.05500330784050478,-0.7585685970844516,0.3999999999999999,0.05999999999999961
2022-09-30,94.84654998779295,97.67833464296756,94.75578912392284,96.26243885307524,15973400,31.6200008392334,3.33,4.05,3.83,-0.015636847536282805,-0.01576039263298177,0.27047416110552236,0.2654491008690012,0.3390488573353067,-0.08741597391855116,31.6200008392334,-0.0069095261400811125,-0.7322625962784812,0.5,0.14000000000000012
2022-10-03,97.77816772460938,98.34996736436852,94.8102384918076,95.86308383758464,12248100,30.100000381469727,3.46,4.01,3.67,0.03090906034213936,0.03044099585075293,0.297335495290187,0.27339495623151483,0.019995852761369722,-0.05258998690434258,30.100000381469727,-0.048070854440891986,-0.7474001996371895,0.20999999999999996,-0.20999999999999996
2022-10-04,102.35256958007812,102.5522476054397,99.7113921367647,100.3921089007106,16013600,29.06999969482422,3.45,4.15,3.62,0.04678346876321582,0.04572209938562528,0.343541893927687,0.2884147056397516,0.2996917882571123,-0.008528445222709458,29.06999969482422,-0.03421929148145797,-0.7332111153707556,0.16999999999999993,-0.3500000000000001
2022-10-05,101.0888671875,101.60168102153392,99.66031037179722,100.5027922381571,10943500,28.549999237060547,3.46,4.14,3.76,-0.01234656245331911,-0.012423414482942803,0.33818957816694417,0.28952359153070484,-0.11287057119267371,-0.039019384800429546,28.549999237060547,-0.01788787283187543,-0.698581457919451,0.2999999999999998,0.03999999999999959
2022-10-06,99.0284423828125,100.90571823117006,98.84529658683022,100.23722280136262,11521400,30.520000457763672,3.46,4.19,3.83,-0.020382311742259573,-0.020592897454504797,0.3307541655397977,0.2919317277393759,-0.06635035564730646,-0.08003774580381284,30.520000457763672,0.06900179591409161,-0.6938000639067762,0.3700000000000001,0.07000000000000028
2022-10-07,97.0504379272461,98.6346692694972,96.4002543045864,98.46067587865328,11681100,31.36000061035156,3.45,4.24,3.89,-0.01997410448929482,-0.020176283676111444,0.33364090364647303,0.28565633159429926,-0.06245522902872526,-0.10272544273702211,31.36000061035156,0.027522940366608184,-0.6888249001208311,0.43999999999999995,0.06000000000000005
2022-10-10,96.1438446044922,98.26836784175404,95.71344432592626,97.73724227236144,8931700,32.45000076293945,3.56,4.26,3.91,-0.009341465552515249,-0.009385370681264646,0.3275859703000335,0.2703922191942408,-0.28403780330418194,-0.12150173151445531,32.45000076293945,0.034757657250430674,-0.7329905470919436,0.3500000000000001,0.2400000000000002
2022-10-11,93.36914825439452,95.73176668930428,93.26841597322336,95.57609206806303,12739700,33.630001068115234,3.67,4.28,3.93,-0.028859843929811446,-0.02928447911927875,0.3211191485643103,0.27590006123497257,0.021885631941656495,-0.11614205131108835,33.630001068115234,0.036363644913174786,-0.7054238275687081,0.26000000000000023,0.31000000000000005
2022-10-12,94.88011932373048,95.90575385333776,92.74643675976289,93.22262696465911,13181000,33.56999969482422,3.7,4.28,3.91,0.0161827659091327,0.016053220684276167,0.33052830611757417,0.273053081838666,0.04126674155634658,-0.0997505445526995,33.56999969482422,-0.0017841620988797713,-0.7177633176035293,0.20999999999999996,0.15000000000000036
2022-10-13,100.15480041503906,100.64014301929672,93.18599660094291,93.38746115061146,22398700,31.940000534057617,3.79,4.46,3.97,0.05559311190694638,0.05410280033865083,0.38670893595297157,0.2959018499791045,0.692066128875689,-0.0638116185719948,31.940000534057617,-0.04855523311243615,-0.7431152230541496,0.18000000000000016,0.14000000000000012
2022-10-14,101.82145690917967,105.53021152133871,98.93686792975508,99.53668195503796,33387100,32.02000045776367,3.81,4.5,4.0,0.01664080490634534,0.01650386383062695,0.39272156385124063,0.2976061183396223,1.3570745028022253,-0.04181058237435009,32.02000045776367,0.0025046938750283854,-0.7416191352465427,0.18999999999999995,0.10999999999999988
2022-10-17,106.09798431396484,107.15109015904488,104.68773925856723,105.68590275946444,22276300,31.3700008392334,3.97,4.5,4.02,0.04200025745653635,0.0411421904103542,0.4203513681862645,0.30939909554557504,0.49823265943140427,-0.01069235297570037,31.3700008392334,-0.02029980041342172,-0.7360735816365338,0.04999999999999938,0.10999999999999943
2022-10-18,108.8268814086914,110.01734995719536,107.1052872951686,109.57779728362364,21539700,30.5,4.04,4.5,4.01,0.02572053665648566,0.02539532821959231,0.423406076937241,0.31356857883725403,0.39285534148710394,0.03516556007834759,30.5,-0.02773352935793738,-0.7363608906139114,-0.03000000000000025,0.07999999999999963
2022-10-19,106.69322204589844,108.81774558935244,105.92399427010456,108.04851781355856,17072000,30.76000022888184,4.07,4.6,4.14,-0.019605995643485974,-0.01980074285431097,0.41548180935053125,0.3145834179851745,0.08824075924426167,0.045003272618825196,30.76000022888184,0.008524597668257083,-0.7243513687833089,0.0699999999999994,0.22999999999999954
2022-10-20,106.34522247314452,108.70784087660408,105.90566978530704,107.28844354669732,12207400,29.979999542236328,4.09,4.66,4.24,-0.0032616839765530203,-0.003267014862667905,0.41292604841023434,0.31304546659848564,-0.2231439144449005,0.05358332120808984,29.979999542236328,-0.02535762941617714,-0.7369977733742994,0.15000000000000036,0.27
2022-10-21,111.93125915527344,112.07777438811137,106.5283745796984,106.64741864303946,20593300,29.690000534057617,4.09,4.58,4.21,0.052527387241486645,0.05119430736790947,0.43874124863657965,0.32982920159024337,0.3003624203071559,0.12995749600923356,29.690000534057617,-0.009673082475206707,-0.7072337370759257,0.1200000000000001,0.20999999999999996
2022-10-24,112.06861877441406,112.72795481078448,111.10709287684404,111.784740697974,12624200,29.850000381469727,4.16,4.61,4.25,0.001227178360873049,0.0012264259929718512,0.42679355388288337,0.32974453042421803,-0.19489110889811714,0.1562405493510235,29.850000381469727,0.005389014635704514,-0.6940486922628418,0.08999999999999986,0.23000000000000043
2022-10-25,112.36164093017578,112.8836140567698,110.70414866594211,111.58326093249184,11289100,28.459999084472656,4.14,4.6,4.1,0.002614667325842035,0.002611255029947807,0.4229825702095251,0.32893501563858374,-0.27656651216381534,0.1695586526620536,28.459999084472656,-0.04656620700949654,-0.6546988935175447,-0.040000000000000036,0.08999999999999986
2022-10-26,113.65286254882812,114.65101904999467,112.52649560198506,112.63638727546582,11667000,27.280000686645508,4.11,4.54,4.04,0.011491658611987976,0.011426131039003628,0.42079416200936487,0.32762505127286584,-0.2497159184082942,0.15955581221911053,27.280000686645508,-0.041461645670640146,-0.6653984659585348,-0.07000000000000028,-0.09999999999999964
2022-10-27,114.10157775878906,115.56676517888997,113.74443854346964,114.6510221680063,10727600,27.38999938964844,4.13,4.5,3.96,0.003948120618327167,0.003940347243548772,0.41106781347672194,0.3271629608543156,-0.30569268442174014,0.18420109954638475,27.38999938964844,0.004032210419143478,-0.6479073079421297,-0.16999999999999993,-0.28000000000000025
2022-10-28,115.45687103271484,115.64001682526548,113.59791399072569,114.73343327498075,11859500,25.75,4.18,4.55,4.02,0.011877953842065914,0.011807964622342664,0.40105571139730717,0.32671304715448934,-0.2220779135591108,0.2173017473758878,25.75,-0.05987584615530328,-0.6276187783699857,-0.16000000000000014,-0.1900000000000004
2022-10-31,115.27373504638672,116.69313959840396,115.00816871790636,115.10890101445288,13295200,25.8799991607666,4.22,4.66,4.1,-0.0015861852541996235,-0.0015874445778865588,0.3952993269620222,0.3216224713923223,-0.1308881117806851,0.17893122492388414,25.8799991607666,0.005048511097732078,-0.6128424869313039,-0.1200000000000001,-0.15000000000000036
2022-11-01,117.35244750976562,117.47149855863724,115.68580269120208,116.180304697545,13386900,25.809999465942383,4.23,4.75,4.07,0.01803283690376145,0.017872173898639925,0.3719370173553929,0.32202716384389557,-0.11731543730367425,0.14655106355636693,25.809999465942383,-0.0027047796404234825,-0.5871098932350831,-0.16000000000000014,-0.02999999999999936
2022-11-02,116.27189636230467,119.37626474784432,115.96969947854578,116.8946019167632,16546100,25.86000061035156,4.22,4.76,4.1,-0.009207742747513015,-0.009250396039688488,0.3699227013844801,0.32251905256791885,0.07120498502872866,0.15019486910109636,25.86000061035156,0.0019372780102207,-0.6174632887564176,-0.1200000000000001,0.05999999999999961
2022-11-03,116.48249053955078,117.37991464175668,115.3011883826868,115.66747994228548,12474400,25.299999237060547,4.25,4.78,4.14,0.0018112216609067477,0.0018095833768530308,0.3560494282170968,0.3186150759775492,-0.19488314756129832,0.17625287984704907,25.299999237060547,-0.021655118332319256,-0.5667219656879326,-0.11000000000000032,0.17999999999999972
2022-11-04,119.66926574707033,119.80663555479175,117.63632952943388,118.5795435219893,14953200,24.549999237060547,4.21,4.76,4.17,0.027358405480156778,0.026990853006794796,0.34554821674767744,0.3217999922690217,-0.044981943163997076,0.23306260438289272,24.549999237060547,-0.029644269668647527,-0.5360682024154645,-0.040000000000000036,0.15000000000000036
2022-11-07,120.30113983154295,121.1436216194758,119.4861292126526,119.96231943126772,12011200,24.350000381469727,4.29,4.8,4.22,0.005280170146678698,0.005266278925508252,0.3382152940176582,0.32040577238670614,-0.24034941700587167,0.2512620056585717,24.350000381469727,-0.00814659314892785,-0.5051795681824873,-0.07000000000000028,0.1200000000000001
2022-11-08,120.37440490722656,120.933008651379,119.17478390907824,120.18210671759188,9884100,25.540000915527344,4.28,4.77,4.14,0.0006090139776413483,0.0006088286038885197,0.3058438686501488,0.32039721957766476,-0.36918187213999887,0.2892310485606364,25.540000915527344,0.04887065771724597,-0.382064685869266,-0.14000000000000057,0.0699999999999994
2022-11-09,118.80848693847656,120.35608067680693,118.3322967257678,120.25536237365236,9494000,26.09000015258789,4.29,4.75,4.12,-0.013008728640917178,-0.01309408319557922,0.31883249518403545,0.3212798975544852,-0.38686480220351516,0.25219580018763055,26.09000015258789,0.021534816654065425,-0.4405784978391234,-0.16999999999999993,0.020000000000000462
2022-11-10,123.69856262207033,123.85423725089672,121.36341524341654,121.45499513008096,16351600,23.530000686645508,4.28,4.59,3.82,0.04115931285385388,0.04033481620786985,0.2973050524812631,0.3306031278193882,0.07703895304931928,0.23507372696532247,23.530000686645508,-0.09812186473630413,-0.478872213444605,-0.4600000000000004,-0.31999999999999984
2022-11-11,123.90003204345705,124.6967239907288,122.50809875582765,123.79929975343524,10704700,22.520000457763672,4.3100000000000005,4.609999999999999,3.85,0.0016287127119032352,0.0016273877977621936,0.298046758325939,0.3300046562009159,-0.23798439265725244,0.21683617387217802,22.520000457763672,-0.04292393537646866,-0.46198566398949553,-0.4600000000000004,-0.31999999999999984
2022-11-14,122.62714385986328,124.2937887909948,122.62714385986328,123.44215454020792,11085600,23.729999542236328,4.34,4.63,3.88,-0.010273509720702179,-0.010326646468917556,0.28184449334165745,0.3262202867396692,-0.17813459625128072,0.15579145685732732,23.729999542236328,0.05372997601585361,-0.5317185835054234,-0.45999999999999996,-0.33999999999999986
2022-11-15,121.7388687133789,124.27548057036492,120.5117765269862,123.3322524866228,14038300,24.540000915527344,4.31,4.6,3.8,-0.007243707376072384,-0.007270070412242281,0.27775669396685376,0.3244684444370943,0.07054152015477451,0.11864703956918032,24.540000915527344,0.03413406611531178,-0.5461451350022817,-0.5099999999999998,-0.33999999999999986
2022-11-16,121.90370178222656,122.3066309316261,120.9055452813871,121.79381709534634,7893400,24.11000061035156,4.32,4.62,3.67,0.0013539888335560857,0.0013530730172522133,0.26178335131414593,0.3234747537667254,-0.37622981522544835,0.14256275557771336,24.11000061035156,-0.017522424170070328,-0.5364046920308396,-0.6500000000000004,-0.4500000000000002
2022-11-17,121.37255859375,121.69307420005012,120.21872756269964,120.87806357276494,8820200,23.93000030517578,4.32,4.68,3.77,-0.004357071858452799,-0.004366591558116544,0.26236503817413964,0.32378185131155757,-0.29353511179032726,0.14130711066404844,23.93000030517578,-0.007465794301908635,-0.5529319026507181,-0.5500000000000003,-0.04999999999999982
2022-11-18,122.56302642822266,123.32309471228184,121.13446973938956,123.23152880612427,9468500,23.1200008392334,4.34,4.74,3.82,0.009808377183983641,0.009760587292584945,0.20362511772426192,0.3211796843413258,-0.20624475007419057,0.09498479114043201,23.1200008392334,-0.03384870270006601,-0.7273440826833695,-0.52,-0.03000000000000025
2022-11-21,121.839599609375,123.222366403102,121.5648739357984,122.47146446666272,7800500,22.36000061035156,4.41,4.75,3.83,-0.005902488213044621,-0.005919976747800407,0.20672268038822916,0.3130752577173517,-0.3325806809037476,0.08718748336346693,22.36000061035156,-0.03287198102485189,-0.6867986447094557,-0.5800000000000001,-0.04999999999999982
2022-11-22,123.66193389892578,123.8725648586524,122.42568917954846,122.70956728607663,9185700,21.290000915527344,4.4,4.79,3.76,0.01495683091042066,0.014846080466538542,0.21002699997998142,0.31388340828441336,-0.2069249986077997,0.1005707363758801,21.290000915527344,-0.04785329452669418,-0.7194470485464635,-0.6400000000000006,-0.040000000000000036
2022-11-23,124.98058319091795,124.99890196082376,123.49708421047596,123.57034531697188,7316200,20.350000381469727,4.4,4.75,3.71,0.010663340370125285,0.01060688791609027,0.2097036376231588,0.31422242761624597,-0.3562428700083459,0.09966947059712772,20.350000381469727,-0.04415220731024261,-0.7176327373299799,-0.6900000000000004,0.040000000000000036
2022-11-25,125.21869659423828,125.58498818668618,124.59598411932258,124.98059448333144,3220500,20.5,4.41,4.76,3.68,0.0019052031702924133,0.0019033905726117829,0.20993253551874783,0.31366790710481846,-0.706947274168319,0.09743177135508874,20.5,0.007370988487393815,-0.7199154758178025,-0.73,-0.08999999999999986
2022-11-28,123.0300750732422,125.19122906709268,122.88355284274716,124.60515411824149,9906900,22.209999084472656,4.41,4.76,3.69,-0.017478392448758262,-0.017632943061983788,0.22226514017640894,0.316459002147186,-0.09043083550467965,0.06559335943186517,22.209999084472656,0.08341458948647107,-0.7573689006451653,-0.7200000000000002,-0.1299999999999999
2022-11-29,125.0538558959961,125.12711700928688,123.0850141288976,123.31394986800804,7925300,21.88999938964844,4.38,4.78,3.75,0.016449480515630777,0.016315653407655367,0.2262253322376698,0.3169769450307912,-0.2539746116225885,0.08484257793567473,21.88999938964844,-0.014407911211843816,-0.748049945710044,-0.6299999999999999,-0.08000000000000007
2022-11-30,126.53736114501952,126.53736114501952,121.96781251377332,124.6234616268747,14761200,20.57999992370605,4.37,4.74,3.68,0.011862930882013067,0.01179311789945781,0.2223019236497096,0.31740109820295964,0.3805732841505114,0.0782677637335989,20.57999992370605,-0.05984465520642612,-0.7751773993913833,-0.69,-0.07999999999999963
2022-12-01,124.76081848144533,126.97691463608298,124.01905499052846,126.53734798077052,8858500,19.84000015258789,4.33,4.66,3.53,-0.014039668976012276,-0.014139157416032373,0.22673220867679558,0.3177472957126501,-0.14059392492990677,0.07300923425802797,19.84000015258789,-0.03595722905060639,-0.7044645721745514,-0.8000000000000003,-0.18000000000000016
2022-12-02,123.77180480957033,123.94579818374828,122.10514614442008,123.15825878750316,8931900,19.059999465942383,4.34,4.69,3.51,-0.007927277841817681,-0.007958865757010436,0.2303343069501188,0.31567876196689665,-0.1183225039052571,0.0625786265064836,19.059999465942383,-0.039314550435815665,-0.6639292801210882,-0.8300000000000001,-0.17000000000000037
2022-12-05,120.30113983154295,123.23152827859518,119.59602786195003,122.92933144600065,10154500,20.75,4.36,4.77,3.6,-0.028040836791280332,-0.02844148856402892,0.23779257228251768,0.32185699525321537,0.02667774785049299,0.005280170146678698,20.75,0.08866739671621793,-0.750064654610687,-0.7600000000000002,-0.08999999999999986
2022-12-06,120.50262451171876,123.72604395794204,118.92754534896932,122.1509647951926,13966700,22.170000076293945,4.37,4.73,3.51,0.0016748360028671083,0.001673435029098267,0.2371310771288444,0.32118294291714944,0.39828991887101206,0.0016748360028671083,22.170000076293945,0.06843373861657565,-0.7031280830932582,-0.8600000000000003,-0.2400000000000002
2022-12-07,120.42017364501952,121.86704889106556,119.34875628632182,120.24618028390076,11739400,22.68000030517578,4.29,4.67,3.42,-0.0006842246551337361,-0.0006844588436542156,0.23713752612017874,0.3118604521903332,0.1644866969938043,0.0003802198468041418,22.68000030517578,0.02300406978469849,-0.7209683945980642,-0.8700000000000001,-0.26000000000000023
2022-12-08,121.6839370727539,121.77550299095422,120.35609851411807,121.18027561669854,8907300,22.290000915527344,4.28,4.71,3.48,0.01049461555718878,0.010439929353714052,0.2345774830269436,0.31216961818069,-0.11386417120439084,0.024202396717385666,22.290000915527344,-0.017195740052941555,-0.7151635077199587,-0.8000000000000003,-0.04999999999999982
2022-12-09,121.02459716796876,122.48977757119074,120.8780749357078,121.0612207394694,7957800,22.82999992370605,4.31,4.72,3.57,-0.005418462951202296,-0.0054331960662385515,0.18412727965396603,0.3114610456663635,-0.17382974007374258,-0.021616786787338693,22.82999992370605,0.024226064872098885,-0.6395079857678537,-0.7399999999999998,0.06000000000000005
2022-12-12,122.90187072753906,123.30478589879807,120.51178100571892,121.24436420664723,8841600,25.0,4.38,4.75,3.61,0.015511504301599643,0.015392430680779631,0.193089245583432,0.31209546183125403,-0.0731103889296572,-0.00805618287142884,25.0,0.09505037597659727,-0.42639527489441065,-0.77,0.009999999999999787
2022-12-13,122.78282928466795,125.53921082280596,121.8670862386664,125.35606500823162,10025400,22.549999237060547,4.35,4.64,3.51,-0.0009685893482859198,-0.0009690587340679159,0.1895358956528618,0.3118498863935402,0.056863859228188096,0.0012695837145371147,22.549999237060547,-0.09800003051757811,-0.35298210508786515,-0.8399999999999999,0.0
2022-12-14,122.16928100585938,124.27549276983028,121.57403965238406,122.50810145561336,9966100,21.13999938964844,4.33,4.64,3.49,-0.004997020205374847,-0.005009547059561101,0.18854309713458994,0.3088048257787408,0.07365783344357804,0.0035355371462653107,21.13999938964844,-0.06252771153512038,-0.3004785520117616,-0.8399999999999999,0.07000000000000028
2022-12-15,119.13818359375,120.95135102984295,118.17665053851871,120.09970267585038,12087800,22.82999992370605,4.34,4.65,3.44,-0.024810634777853835,-0.025123606102033437,0.20869814821937402,0.3070994906991265,0.2734589816795019,-0.022686088675280658,22.82999992370605,0.07994326314338251,-0.39731296960893364,-0.8999999999999999,-0.040000000000000036
2022-12-16,118.39640808105467,118.95501187828005,117.6088685304276,118.2682046180749,21133700,22.6200008392334,4.31,4.61,3.48,-0.0062261777905285864,-0.006245641266231813,0.2091885878641729,0.3062697672414138,1.0908360148499545,-0.024520785811699808,22.6200008392334,-0.00919838305626075,-0.3948544987620325,-0.8299999999999996,-0.08999999999999986
2022-12-19,119.10153198242188,120.26452950136444,118.21326015727044,118.72607400001164,9017200,22.420000076293945,4.37,4.64,3.57,0.005955619032669279,0.0059379544346837695,0.20695020053778496,0.30304916248056246,-0.10589863770808937,-0.02824256667509717,22.420000076293945,-0.008841766380156879,-0.38061385396035485,-0.8000000000000003,-0.040000000000000036
2022-12-20,119.67843627929688,120.92384712438992,119.22971724880766,119.93484316154012,8549900,21.479999542236328,4.35,4.64,3.69,0.0048438024874453145,0.0048321090215333335,0.20737679952472854,0.2986076717585962,-0.15537189756072503,-0.01773777439360391,21.479999542236328,-0.041926874703784645,-0.4063597673827731,-0.6599999999999997,0.18000000000000016
2022-12-21,121.02459716796876,121.77549915533008,120.66745796003842,121.0429019671545,8051700,20.06999969482422,4.33,4.6,3.68,0.011248149044413625,0.011185359024897803,0.20407218828208043,0.2978879699767294,-0.20010768946491053,-0.021326989218142356,20.06999969482422,-0.06564245239575606,-0.40966639364630614,-0.6499999999999999,0.18999999999999995
2022-12-22,119.6509780883789,120.23705302180252,117.59055643559029,120.05390722506924,8648200,21.96999931335449,4.35,4.64,3.67,-0.011349916560213225,-0.011414818417601337,0.202312092188809,0.29756602509892494,-0.1464957592242055,-0.042643464820432464,21.96999931335449,0.09466864212360959,-0.41729094354569457,-0.6799999999999997,0.22999999999999998
2022-12-23,120.21871948242188,120.36524169106104,118.71690177668786,119.57770228603422,5091900,20.8700008392334,4.34,4.66,3.75,0.004744979131082516,0.004733757202149801,0.20331655442422525,0.2945164203032881,-0.5020706717581885,-0.03992995653052078,20.8700008392334,-0.05006820703232584,-0.43206425913860114,-0.5899999999999999,0.27
2022-12-27,120.6399917602539,121.07954450202357,119.550255319235,120.48431712198402,5411000,21.64999961853028,4.46,4.75,3.84,0.0035042153139355214,0.0034980898572274767,0.1955046384658521,0.2917157985938118,-0.4589733091166147,-0.019426821543963357,21.64999961853028,0.037374161376676485,-0.36028568648286186,-0.6200000000000001,0.27
2022-12-28,121.29930877685548,122.16926172356504,119.97147041421042,120.74070505770467,8827700,22.13999938964844,4.46,4.71,3.88,0.005465161319903267,0.005450281514848173,0.18634481509210005,0.2864934422350785,-0.1213136946043264,-0.030023441438408516,22.13999938964844,0.022632784284151608,-0.3464121050781643,-0.5800000000000001,0.18999999999999995
2022-12-29,121.99528503417967,122.04107497935216,121.16195554068072,121.729711736057,6585200,21.440000534057617,4.45,4.71,3.83,0.005737677026705246,0.005721279251400497,0.18178005452794258,0.27276924088226423,-0.3167231723418771,-0.03589513855622728,21.440000534057617,-0.03161693201844029,-0.31613876268798247,-0.6200000000000001,0.1499999999999999
2022-12-30,122.80113983154295,123.0117568055376,121.281003123464,121.6198235563852,9292500,21.670000076293945,4.42,4.73,3.88,0.006605622480717166,0.006583900960176924,0.17800939191861503,0.2709763496712686,-0.03798123584600453,-0.01570748471960226,21.670000076293945,0.010727590322163083,-0.36557274222499986,-0.54,0.20999999999999996
2023-01-03,123.73517608642578,125.21868908507152,122.6088162327224,123.84507473607256,11054800,22.89999961853028,4.53,4.72,3.79,0.0076060878275570065,0.007577307387114056,0.17825511866976324,0.2665057431805051,0.13202369151873122,-0.00029593753763956787,22.89999961853028,0.0567604770607224,-0.3631664405555181,-0.7400000000000002,0.040000000000000036
2023-01-04,124.88902282714844,126.07947743440992,124.14727330402684,124.5318836503444,11687600,22.01000022888184,4.55,4.71,3.69,0.009325131116447727,0.009281920503314995,0.14580757745789788,0.262027906452785,0.18750174631115582,0.03813665441599201,22.01000022888184,-0.038864602815463334,-0.25776199713083897,-0.8599999999999999,-0.1499999999999999
2023-01-05,124.86134338378906,125.19344650754586,123.3391982014281,125.14731833662437,8381300,22.459999084472656,4.66,4.78,3.71,-0.00022163231589766852,-0.00022165687996892198,0.14599675054825317,0.26066760088517804,-0.1235613027631248,0.03617115303282392,22.459999084472656,0.020445199950535287,-0.26880104870094046,-0.9500000000000002,-0.16999999999999993
2023-01-06,127.2506332397461,127.65653862110756,124.06798651965856,125.58089761978852,10029100,21.1299991607666,4.67,4.71,3.55,0.01913554500701653,0.018954763065784315,0.15777435286946534,0.2527026397944028,0.05821328445911796,0.05672188793600097,21.1299991607666,-0.05921638370081361,-0.33017747957784266,-1.12,-0.28000000000000025
2023-01-09,126.72481536865234,128.1178103133668,126.27279582879108,127.85950941163368,8482300,21.96999931335449,4.7,4.69,3.53,-0.004132143453487447,-0.004140704349620207,0.15684553484069494,0.25237319634750516,-0.1029849388862686,0.041425996044856195,21.96999931335449,0.03975391320164223,-0.34087066848233133,-1.1700000000000004,-0.3500000000000001
2023-01-10,127.8595199584961,127.97021633227186,126.66947763502836,127.11227720647598,9048700,20.57999992370605,4.73,4.74,3.61,0.008954083590832607,0.008914233488464367,0.15605772079020133,0.23075081989068782,-0.048575365496807014,0.056475484740025284,20.57999992370605,-0.06326806705012156,-0.3527265709086421,-1.1200000000000006,-0.18000000000000016
2023-01-11,128.80970764160156,128.9204040207667,127.39827250186464,128.1362671314261,8703700,21.09000015258789,4.72,4.73,3.54,0.007431497345007365,0.00740401981742182,0.14992816285766603,0.22940621917181392,-0.08418641405165729,0.048069544255836316,21.09000015258789,0.024781352321307404,-0.5173284159000473,-1.1799999999999997,-0.1499999999999999
2023-01-12,128.6805419921875,129.94437242636852,128.43146109210693,129.15101562447867,11001700,18.82999992370605,4.66,4.66,3.43,-0.00100276331480742,-0.0010032664182974506,0.14993824801389175,0.21606965584705348,0.1516963173919575,0.048033692837016195,18.82999992370605,-0.1071598014476316,-0.505688668390151,-1.23,-0.2799999999999998
2023-01-13,131.92776489257812,132.37057853485908,124.35398778566515,125.0919964464557,20200000,18.350000381469727,4.67,4.69,3.49,0.025234762382239317,0.0249216228360007,0.1671216160910097,0.21586405247168097,1.0070943831165604,0.0798767399330993,18.350000381469727,-0.025491213180092953,-0.5459770165824338,-1.1799999999999997,-0.05999999999999961
2023-01-17,129.8889923095703,130.57163850117982,128.44064951950335,130.23031540537508,14292900,19.36000061035156,4.71,4.67,3.53,-0.015453703658724782,-0.015574356776231337,0.14744946410295162,0.21410653467244198,0.4047690537817133,0.09023814524887808,19.36000061035156,0.05504088326350964,-0.4960113203911513,-1.1800000000000002,0.0
2023-01-18,125.98678588867188,129.82440425405898,125.83918139252712,128.15466886089752,13392600,20.34000015258789,4.69,4.63,3.37,-0.030042626026369756,-0.030503152807372317,0.18961537979724197,0.22467784664327226,0.36833716475095785,0.06410986558325993,20.34000015258789,0.050619809470064725,-0.5385834041164936,-1.3200000000000003,-0.23999999999999977
2023-01-19,124.307861328125,125.3687391152298,123.23774945896278,124.83369725699328,13303400,20.520000457763672,4.71,4.65,3.39,-0.01332619566968285,-0.013415786239742118,0.19804075338691535,0.203264855323986,0.3300992520353816,0.043713370088904746,20.520000457763672,0.008849572459461275,-0.5294391911746124,-1.3199999999999998,-0.1499999999999999
2023-01-20,124.61227416992188,124.99050549995506,123.20083928110805,124.6860764350266,13092500,19.850000381469727,4.72,4.68,3.48,0.002448862353068293,0.002445868775899062,0.19779138722462555,0.20326685518775323,0.27994689576828097,0.0412257884044438,19.850000381469727,-0.03265107511439913,-0.5255383936637894,-1.2399999999999998,0.04999999999999982
2023-01-23,126.63256072998048,127.26909291724392,124.3724210222498,124.64916190684951,10487100,19.809999465942383,4.73,4.7,3.52,0.016212580771166607,0.016082560312596753,0.20152976294405828,0.20536947888218718,0.013176873856962468,0.046337386723365626,19.809999465942383,-0.0020151594336836887,-0.4904805908118863,-1.2100000000000004,0.029999999999999805
2023-01-24,127.72113800048828,129.41854812235326,124.53849050290523,125.848449232367,6945000,19.200000762939453,4.72,4.7,3.46,0.008596345712608366,0.008559607525437678,0.19594195668632775,0.20489055746940693,-0.32346537691599575,0.06744750474290684,19.200000762939453,-0.030792464384042373,-0.44303754972097836,-1.2599999999999998,-0.06999999999999984
2023-01-25,128.33921813964844,128.33921813964844,126.61413389807234,127.35214259398586,8967000,19.07999992370605,4.72,4.67,3.46,0.004839294018487372,0.004827622275373415,0.19595158114628522,0.20493552779897725,-0.14267726201693134,0.06754770548370326,19.07999992370605,-0.006250043461718646,-0.44915160370288165,-1.2599999999999998,0.08999999999999986
2023-01-26,129.13255310058594,129.2063553652818,127.63809595043652,128.6159513240574,7487600,18.729999542236328,4.71,4.68,3.49,0.006181547405675003,0.006162520013734322,0.19622109831183346,0.204101681034094,-0.2911574073416651,0.07039590451240385,18.729999542236328,-0.01834383558014918,-0.4625255300865461,-1.2199999999999998,0.10000000000000009
2023-01-27,129.4462127685547,130.31335768367455,128.9203769253455,129.7137336540936,7489900,18.51000022888184,4.73,4.68,3.52,0.002428974417662433,0.0024260292275318195,0.19609588654937551,0.20397735125733796,-0.2864210010341794,0.0671636472940369,18.51000022888184,-0.01174582587994133,-0.4741476841936328,-1.2100000000000004,0.040000000000000036
2023-01-30,128.34844970703125,129.23404886369812,128.14549696772326,128.44069199449729,6729300,19.940000534057617,4.72,4.71,3.55,-0.008480457157029386,-0.008516620835322489,0.20018634426964768,0.2023323047035726,-0.3593247932822073,0.05207713290781357,19.940000534057617,0.07725555307905907,-0.5068095695895273,-1.17,0.029999999999999805
2023-01-31,129.1140899658203,129.21556630205873,127.5365967527214,129.04028771434326,9188700,19.39999961853028,4.7,4.68,3.52,0.0059653253353406654,0.005947603226002964,0.20002847296975032,0.20128020141700692,-0.12474067131124586,0.05140791154656532,19.39999961853028,-0.027081288919978297,-0.5172620650463718,-1.1800000000000002,0.06000000000000005
2023-02-01,128.7727813720703,129.962823586279,127.4166946124427,127.49973096149544,8841800,17.8700008392334,4.66,4.66,3.39,-0.0026434651232901674,-0.0026469652468830165,0.19988315842698604,0.20148130823107815,-0.14881286455690962,0.04071279845373876,17.8700008392334,-0.07886591800937326,-0.51114405410508,-1.27,-0.06999999999999984
2023-02-02,128.17315673828125,129.5753716687089,127.30599769020552,129.15101214948385,11822100,18.729999542236328,4.66,4.64,3.4,-0.0046564547833795045,-0.0046673298415647255,0.19927064746560447,0.19482542598635824,0.1373599176859318,0.026296417705807373,18.729999542236328,0.04812527490848306,-0.5107410581962613,-1.2600000000000002,-0.0900000000000003
2023-02-03,130.15655517578125,131.30046932687927,127.42594137506876,127.47205548026778,11501200,18.32999992370605,4.7,4.79,3.53,0.015474366770492631,0.015355859740882794,0.20527645011595314,0.19682424957684183,0.09012703868030668,0.04240873635097908,18.32999992370605,-0.02135609334256916,-0.5099728968788634,-1.1700000000000004,0.009999999999999787
2023-02-06,130.92222595214844,131.21743502591008,129.17868782973096,129.36318646266028,8406200,19.43000030517578,4.71,4.85,3.63,0.0058826908512839005,0.005865455386366583,0.19605338530108168,0.19703870178225474,-0.1970530657352984,0.028853237260398457,19.43000030517578,0.06001093213574471,-0.4218050092028372,-1.08,0.08000000000000007
2023-02-07,132.5181427001953,133.15467486781688,130.23954897835594,130.42406166418485,10447900,18.65999984741211,4.71,4.88,3.67,0.012189807623880222,0.012116110219262883,0.19841366060921703,0.19588827736784073,-0.011314444855033823,0.04571580802615283,18.65999984741211,-0.039629461949033495,-0.4280117239247219,-1.04,0.1499999999999999
2023-02-08,131.58645629882812,132.87796104130317,131.25435306842795,131.59567630543654,6958000,19.6299991607666,4.72,4.87,3.63,-0.007030632805313353,-0.007055464159335954,0.1993789620966579,0.1794798242906762,-0.3349855155295888,0.029148680845523467,19.6299991607666,0.05198281464557564,-0.4348965842999832,-1.0899999999999999,0.23999999999999977
2023-02-09,129.5384521484375,132.232171333837,129.03107040131695,132.02921863498875,6443100,20.709999084472656,4.77,4.88,3.67,-0.015563943341856401,-0.01568633308021281,0.20691733487210265,0.18271208702921996,-0.37747224610865804,0.005657527838379917,20.709999084472656,0.055017828317822426,-0.49590850461060043,-1.0999999999999996,0.27
2023-02-10,130.11038208007812,130.33178882925134,127.85024272808514,128.9480283186834,6582900,20.530000686645508,4.79,4.89,3.74,0.004415136371903383,0.004405418251364066,0.20736193119622023,0.1813899970668718,-0.35009122358070327,0.011111548535266857,20.530000686645508,-0.008691376426090858,-0.5929506033077679,-1.0499999999999998,0.2100000000000004
2023-02-13,131.5218505859375,131.66944103130464,129.83366081928747,130.35026256892732,7134600,20.34000015258789,4.81,4.91,3.72,0.010848238882202876,0.010789818861914081,0.19073586732407577,0.18165436830008747,-0.24706274688175742,-0.0030767921140113508,20.34000015258789,-0.009254774851576553,-0.5891517631382759,-1.0899999999999994,0.0900000000000003
2023-02-14,132.10304260253906,132.6657726188391,130.62703936769975,131.45729030752534,9249400,18.90999984741211,4.8,4.99,3.77,0.004418976877319736,0.0044092418676507745,0.182312239597549,0.18176696812513832,0.0028064138237971097,0.017045711523359097,18.90999984741211,-0.07030483256873721,-0.5381995836319586,-1.0299999999999998,0.10000000000000009
2023-02-15,132.65650939941406,132.7395316510826,130.35024189968968,130.63621681744115,6728300,18.229999542236328,4.79,4.96,3.81,0.0041896597229802435,0.0041809075359574245,0.1398345151287043,0.18146478826014567,-0.2431863941599271,0.052939865587458446,18.229999542236328,-0.03595982605303094,-0.4916239218275741,-0.98,0.18000000000000016
2023-02-16,130.8299560546875,132.27828479759046,130.7007915549268,131.8354853567696,8165300,20.170000076293945,4.84,4.99,3.86,-0.013769044225542038,-0.013864716742878274,0.1405229807634419,0.18331092387970105,-0.054219110790135285,0.05246727485196345,20.170000076293945,0.10641802428809233,-0.6158526015104208,-0.98,0.18999999999999995
2023-02-17,131.2174072265625,131.76168300511551,129.21556862687913,130.05503934031125,7948800,20.020000457763672,4.84,5.0,3.82,0.002961486677508729,0.0029571101144645353,0.14052934273498902,0.18276337227204006,-0.051026657641104985,0.05300547719427562,20.020000457763672,-0.007436768367024893,-0.6239137867407037,-1.02,0.07999999999999963
2023-02-21,128.80970764160156,130.3871873500862,127.99789665746964,129.7875631944812,9996300,22.8700008392334,4.86,5.07,3.95,-0.01834893430567297,-0.018519364022599252,0.14981031895523053,0.18492949840598308,0.19692229218826893,0.017192631176932593,22.8700008392334,0.14235765815702117,-0.7485714508320487,-0.9100000000000001,0.22999999999999998
2023-02-22,127.82258605957033,128.62516276062055,126.78938257533628,128.15468919040865,11107500,22.290000915527344,4.84,5.07,3.93,-0.007663409847787128,-0.00769292465912423,0.149828549645241,0.18453611999644767,0.297636216755191,0.0007942934166593751,22.290000915527344,-0.025360730320178493,-0.6929414355316503,-0.9099999999999997,0.16000000000000014
2023-02-23,128.8465576171875,129.30781114087313,127.25062436661048,127.979398740444,8068000,21.13999938964844,4.84,5.03,3.88,0.008010881247074497,0.007978964478883221,0.15157164517256747,0.185170053679978,-0.052478348108509314,0.00395311335765669,21.13999938964844,-0.05159270877722599,-0.7048962370137456,-0.96,0.06999999999999984
2023-02-24,130.00894165039062,130.40562709266814,128.16392712676847,128.3299857535932,9126900,21.670000076293945,4.86,5.05,3.95,0.009021459747932559,0.008981009478240251,0.15336245837488932,0.18205992466798124,0.06166124411264178,0.006786736022496465,21.670000076293945,0.025070988739244182,-0.6707227636350296,-0.9100000000000001,0.0900000000000003
2023-02-27,131.1436309814453,132.2045086636795,130.73772554869174,131.09750280475183,10014700,20.950000762939453,4.89,5.03,3.92,0.008727779156190607,0.008689912261447079,0.1560811670575515,0.17996422970998288,0.14807320833882645,0.013112922939858773,20.950000762939453,-0.03322562578770549,-0.6796269628964895,-0.9699999999999998,0.10000000000000009
2023-02-28,132.2414093017578,132.6196265458736,130.90376263556865,131.8631779812996,11019800,20.700000762939453,4.88,5.02,3.92,0.008370809257735257,0.008335968330067207,0.15440665499157857,0.17919946457552408,0.23297426874739513,0.030331177381671903,20.700000762939453,-0.011933173789771434,-0.6601824784903928,-0.96,-0.03000000000000025
2023-03-01,131.50340270996094,132.34288763092906,130.81152231767038,131.0882772898551,7139200,20.57999992370605,4.9,5.06,4.01,-0.005580752622749485,-0.005596383203396135,0.15542445505810668,0.17701276845542685,-0.19195028918744553,0.018505437669685376,20.57999992370605,-0.0057971417782866075,-0.6402979229127689,-0.8900000000000006,0.07999999999999963
2023-03-02,130.1381072998047,131.39270367337005,128.726658226856,131.217439116247,11106800,19.59000015258789,4.91,5.04,4.08,-0.010382205950727363,-0.01043647701330041,0.16018008115478635,0.1776128245304436,0.2412120670291171,0.010602597172996164,19.59000015258789,-0.0481049453249891,-0.6143715009510129,-0.8300000000000001,0.20000000000000018
2023-03-03,132.5273895263672,132.6011917925285,130.14731922895072,130.54399057368198,9513100,18.489999771118164,4.91,5.03,3.97,0.0183595894864077,0.01819308707943553,0.17056476931466846,0.17034423295790938,0.07700755131383803,0.03397148746969636,18.489999771118164,-0.05615111653403504,-0.6356383817099545,-0.94,0.020000000000000018
2023-03-06,131.75250244140625,132.87794842363948,131.60489789161204,132.3244524764281,9261300,18.61000061035156,4.93,5.05,3.98,-0.0058469957623874524,-0.005864156366792754,0.1645070448865169,0.17103187600792782,0.061965472620100784,0.012261750961905848,18.61000061035156,0.006490040060511015,-0.6355954191535027,-0.9499999999999997,0.06000000000000005
2023-03-07,127.87793731689452,131.28199097093213,127.13070877358716,131.00523600917407,11747600,19.59000015258789,5.04,5.22,3.97,-0.029407905373447063,-0.029848986875683516,0.1953321682151604,0.18266203729231298,0.32174089148540586,-0.02325264952618966,19.59000015258789,0.05265983396535834,-0.6823611430193783,-1.0699999999999998,0.050000000000000266
2023-03-08,127.1214828491211,127.85025727401232,126.28199799887749,127.30598145625316,10002500,19.11000061035156,5.06,5.25,3.98,-0.005915441581598624,-0.005933007112321146,0.1894603944551047,0.1821297084511946,0.12822386939335337,-0.04072393214326464,19.11000061035156,-0.024502273532291063,-0.6543670616407936,-1.0799999999999996,-0.029999999999999805
2023-03-09,120.23957824707033,126.70636236099288,122.09842745119268,126.16207244585634,25888100,22.61000061035156,5.05,5.18,3.93,-0.05413644057486977,-0.055656949269746646,0.2684655256891629,0.2154275148855611,1.6383556813398816,-0.08623135215367028,22.61000061035156,0.18315017730057592,-0.7941983595731638,-1.1199999999999997,-0.1499999999999999
2023-03-10,123.2930679321289,124.7783049219382,117.91485690350788,118.96652146961952,37599700,24.799999237060547,5.01,4.9,3.7,0.025395046536043298,0.025077949593207992,0.284473261020475,0.219284096893687,2.3069100900260686,-0.048212589487730106,24.799999237060547,0.09685973319727981,-0.5954189841665077,-1.3099999999999996,-0.27
2023-03-13,121.07907104492188,123.50526950628984,119.38166116059536,121.04217695019427,42901100,26.520000457763672,4.87,4.3,3.55,-0.01795718870768792,-0.01812037555726566,0.2884610384419924,0.22242023106242206,2.2535463883906734,-0.0694126855272611,26.520000457763672,0.06935489006518969,-0.6070638199986359,-1.3200000000000003,-0.43000000000000016
2023-03-14,124.18792724609376,125.02741226082236,121.11597627206211,124.7967854376339,29648100,23.729999542236328,4.88,4.45,3.64,0.025676247549161202,0.025352148755071028,0.3023890616692582,0.228262081055181,1.0716096180552523,-0.05576201450307061,23.729999542236328,-0.10520365261572151,-0.6549317943097184,-1.2399999999999998,-0.33000000000000007
2023-03-15,118.32077026367188,120.83922509421076,116.90934238977314,120.82999101320628,34280600,26.13999938964844,4.75,4.19,3.51,-0.04724418156038135,-0.048396632251676105,0.34114364878181586,0.243777535224841,1.2026725249362518,-0.10432971162014926,26.13999938964844,0.10155920328285828,-0.6807634674149242,-1.2400000000000002,-0.4700000000000002
2023-03-16,120.61784362792967,121.72484970255354,116.25438049013847,118.09016826185602,24558500,22.989999771118164,4.74,4.49,3.56,0.0194139487018119,0.019227902077013043,0.3508553571231691,0.24661460204849564,0.49249196050124294,-0.0907506599260599,22.989999771118164,-0.12050496144149458,-0.7023722296127347,-1.1800000000000002,-0.3700000000000001
2023-03-17,116.06063842773438,118.523731171571,115.72853524450112,118.43148888954974,38396000,25.51000022888184,4.52,4.26,3.39,-0.037782181003441995,-0.038514430872920793,0.3697441117073885,0.25880659927829586,1.1371205867897718,-0.11288941823674914,25.51000022888184,0.10961289616581449,-0.730073095078063,-1.1299999999999994,-0.31000000000000005
2023-03-20,117.2875747680664,119.43701841508133,116.24514407761322,117.14919726872468,22875500,24.14999961853028,4.81,4.34,3.47,0.010571511211322493,0.010516023503383232,0.3731279655070363,0.25956134769528444,0.22246736350682014,-0.1061584187107476,24.14999961853028,-0.05331244994705242,-0.7366870277873632,-1.3399999999999994,-0.07999999999999963
2023-03-21,120.43334197998048,121.52189393811328,120.1012387581806,120.47023608180464,17807800,21.3799991607666,4.78,4.68,3.59,0.02682097586325538,0.026467598188793382,0.38642082107740217,0.2643049501986874,-0.06780770072354597,-0.06502899366037973,21.3799991607666,-0.11469981372746108,-0.7707855566057134,-1.1900000000000004,-0.050000000000000266
2023-03-22,117.32447814941406,120.53480663526662,117.23222882747788,120.44255027515833,17250200,22.26000022888184,4.79,4.56,3.48,-0.025813979579535462,-0.026153007517145534,0.39463347048579384,0.26869359051419195,-0.11128513119984132,-0.08213030446171488,22.26000022888184,0.041160014156131686,-0.778076427110803,-1.31,-0.029999999999999805
2023-03-23,117.01081085205078,119.49235749309965,116.25435522322675,117.98867327821704,16677600,22.61000061035156,4.73,4.38,3.38,-0.0026735025998907425,-0.0026770827904894906,0.3920455628963086,0.26852656918734635,-0.15942714881565748,-0.0918592392689418,22.61000061035156,0.01572328741558593,-0.7738243062737712,-1.3500000000000005,-0.18000000000000016
2023-03-24,115.23037719726562,115.94070464118424,113.56986142967864,115.89457646612908,22311100,21.739999771118164,4.74,4.32,3.38,-0.015215975701906248,-0.01533292652404684,0.39019068273024915,0.2701122880559814,0.0883481996188774,-0.11367344634545451,21.739999771118164,-0.038478585393539544,-0.7686215782806326,-1.3600000000000003,-0.010000000000000231
2023-03-27,118.532958984375,119.35398985556544,116.5034388565988,116.96469247134272,18853900,20.600000381469727,4.91,4.51,3.53,0.028660687115998895,0.028257652342159004,0.40585169064549426,0.27632631481157294,-0.09970549507745825,-0.0961592408468126,20.600000381469727,-0.052437874960925224,-0.7676202891005873,-1.3800000000000003,0.05999999999999961
2023-03-28,118.8927230834961,119.31706847934788,117.84105848314508,118.73589856099942,10820500,19.96999931335449,4.8,4.55,3.55,0.0030351397805610247,0.003030543042629963,0.40396247693890985,0.2761273211668053,-0.4830632200711257,-0.10094180248640383,19.96999931335449,-0.030582575555772373,-0.7704829044986071,-1.25,-0.040000000000000036
2023-03-29,119.13257598876952,120.12888542669916,117.86873862557152,120.01818907015443,14595300,19.1200008392334,4.8,4.59,3.57,0.0020173892821429007,0.0020153570850811034,0.4047962202269695,0.27579024229695726,-0.3149279046260308,-0.09407229369171577,19.1200008392334,-0.042563770823600966,-0.7711578088347716,-1.23,0.08999999999999986
2023-03-30,118.77278900146484,120.03661922272114,117.7580326001544,119.8797947050452,12134700,19.020000457763672,4.97,4.63,3.55,-0.0030200554660934076,-0.0030246250361584217,0.404316050530034,0.275318575534023,-0.4317939180077317,-0.08733274621980691,19.020000457763672,-0.005230145244791484,-0.7868778699891037,-1.42,0.16999999999999993
2023-03-31,120.21192169189452,120.23959578425315,118.86506894262816,119.612297588999,13105200,18.700000762939453,4.85,4.64,3.48,0.012116686848297586,0.012043867428149868,0.4002936615674699,0.2758032742753769,-0.39146809969369556,-0.09292771764754659,18.700000762939453,-0.01682437892337696,-0.7782512680793009,-1.3699999999999997,0.10000000000000009
2023-04-03,120.0735321044922,121.2543401115248,119.381651753043,119.84290532067578,11775400,18.549999237060547,4.9,4.6,3.43,-0.0011512135024096537,-0.001151876657678108,0.4004889123815361,0.27580389169622577,-0.4563896171404803,-0.08864325246579652,18.549999237060547,-0.008021471644866773,-0.778443951469946,-1.4700000000000002,-0.09999999999999964
2023-04-04,118.4683609008789,120.47019963237194,117.5366337910067,120.38717737112756,11579900,19.0,4.88,4.5,3.35,-0.013368235076289925,-0.013458394345925415,0.39091740432732863,0.27395552685243085,-0.4652078445173055,-0.07358248509043219,19.0,0.02425880223436394,-0.7751922239384574,-1.5299999999999998,-0.19999999999999973
2023-04-05,118.64503479003906,119.14709201057964,117.57582414515304,117.89194186582034,9614700,19.07999992370605,4.86,4.43,3.3,0.0014913170724795144,0.0014902061635153647,0.3912735019205362,0.2739396982266107,-0.5555682928875534,-0.0666799023194421,19.07999992370605,0.004210522300318376,-0.7784617114135957,-1.5600000000000005,-0.27
2023-04-06,118.51487731933594,119.08202368168172,117.94773095699014,118.07789499817687,8760200,18.39999961853028,4.91,4.51,3.3,-0.001097032597558445,-0.0010976347782666943,0.33918316013389577,0.27314402033467644,-0.578376401168583,-0.014343870403391135,18.39999961853028,-0.035639429134949885,-0.6972953660353475,-1.6100000000000003,-0.25
2023-04-10,118.90535736083984,119.22146797348508,117.35268138916052,117.65020018070032,9477300,18.96999931335449,5.08,4.65,3.41,0.003294776574351621,0.0032893606908377428,0.3257531687230975,0.2727160801175669,-0.510752571603795,-0.035587650180823105,18.96999931335449,0.030978244926166854,-0.8767707155665054,-1.67,-0.06999999999999984
2023-04-11,119.49110412597656,119.8815962149106,118.5799488250562,119.28655862413277,10516300,19.100000381469727,5.04,4.67,3.43,0.004926159578825029,0.004914065755866392,0.3206800067680945,0.2730161421053396,-0.40759714149552106,-0.013115123078175528,19.100000381469727,0.0068529822256619966,-0.8652938242934816,-1.6099999999999999,0.0
2023-04-12,119.47250366210938,121.26690877514532,119.06341266372614,120.10472488738162,11821000,19.09000015258789,5.02,4.64,3.41,-0.00015566400531019653,-0.00015567612220893076,0.30566847682249026,0.26753661732973044,-0.29889739887435696,-0.03797006430939287,19.09000015258789,-0.000523572182309362,-0.8486878675553794,-1.6099999999999994,0.06000000000000005
2023-04-13,119.92806243896484,119.97453843633706,117.91980565141417,119.43529769759532,12450200,17.799999237060547,5.1,4.66,3.45,0.0038130847089625775,0.0038058333290355286,0.2518588478351109,0.2661739562446024,-0.21046682222439947,0.01358419296722957,17.799999237060547,-0.06757469383008197,-0.7950491028706815,-1.6499999999999995,0.15000000000000036
2023-04-14,124.9672966003418,125.09745352284904,122.95439351583622,125.65528439461146,43931300,17.06999969482422,5.14,4.77,3.52,0.04201880743251052,0.041159992527702534,0.2833505974687715,0.27305489359886653,1.624690780486333,0.03605978055642334,17.06999969482422,-0.04101121199580893,-0.7299137627758142,-1.6199999999999997,0.2200000000000002
2023-04-17,130.00653076171875,130.22036860936103,127.98898138025828,130.11809586712968,16050500,16.950000762939453,5.21,4.8,3.6,0.04032442325685359,0.03953260994770115,0.27135770694242595,0.28342024435273777,0.027532532715168534,0.12016039652123611,16.950000762939453,-0.007029814530175482,-0.4983706796409125,-1.6099999999999999,0.18999999999999995
2023-04-18,131.4662322998047,131.81954073230335,129.26273624552854,130.41562773954573,13760100,16.829999923706055,5.2,4.81,3.58,0.01122790931758133,0.011165344224970468,0.27152112977740694,0.2842057243451478,-0.09262060606700051,0.12088797606887391,16.829999923706055,-0.007079695211328563,-0.48985527123090306,-1.62,0.1499999999999999
2023-04-19,131.29888916015625,131.55921721829318,130.53648971360158,131.30818152408432,9158100,16.459999084472656,5.16,4.84,3.6,-0.0012728982699284908,-0.001273709093067901,0.2610412679814672,0.28246406797550105,-0.37836062903135487,0.0902204240249509,16.459999084472656,-0.02198460136130065,-0.40748112400551284,-1.56,0.18999999999999995
2023-04-20,130.91766357421875,131.4941021338163,130.0158079128283,130.08089700791183,10586200,17.170000076293945,5.12,4.77,3.54,-0.00290349437360804,-0.002907717690295374,0.2369841183779736,0.28206177330310145,-0.26479488991403904,0.11585975611580057,17.170000076293945,0.043134935073663616,-0.29889143929229767,-1.58,0.08999999999999986
2023-04-21,130.66664123535156,131.19660385164096,129.0302915712904,129.922854961478,11842500,16.770000457763672,5.14,4.78,3.57,-0.0019174061926706676,-0.00191924676905587,0.2366531319591031,0.28194952944678686,-0.16350102633144079,0.11670571534255325,16.770000457763672,-0.023296424971048224,-0.2678350520538797,-1.5699999999999998,0.04999999999999982
2023-04-24,130.8433074951172,131.18732357463173,130.20177971600685,130.59228598862495,7567500,16.889999389648438,5.2,4.76,3.52,0.0013520379654314851,0.0013511247851118032,0.2242400074346558,0.2816945019410838,-0.43610451235614794,0.13549318051023485,16.889999389648438,0.0071555711752655515,-0.366325626846125,-1.6800000000000002,-0.08000000000000007
2023-04-25,127.9982452392578,130.12737343880352,127.961061608006,129.7926640102938,10629300,18.76000022888184,5.12,4.6,3.4,-0.021744041100195788,-0.021983926522685687,0.22999200338284378,0.2852967072374975,-0.18291527049745518,0.07985362329586754,18.76000022888184,0.11071645392595397,-0.47139945361744584,-1.7200000000000002,-0.18000000000000016
2023-04-26,125.72966766357422,128.12841633649057,124.5860829638994,127.95176215792056,14416100,18.84000015258789,5.16,4.64,3.43,-0.017723505282772334,-0.01788244741055034,0.2426040409146974,0.28710453503355376,0.09307363410341818,0.05750515593184513,18.84000015258789,0.004264388205224456,-0.4686892356981373,-1.73,-0.16999999999999993
2023-04-27,127.42184448242188,128.22142756587223,126.12949656476763,126.44560717787672,9041100,17.030000686645508,5.18,4.78,3.53,0.013458850645939435,0.013369084848308871,0.24545051467303508,0.2881999058482422,-0.2997301500749755,0.0695802002504653,17.030000686645508,-0.09607215771140842,-0.4916719042798389,-1.65,-0.010000000000000231
2023-04-28,128.52822875976562,128.60261022124138,126.13877219035167,126.96624644240126,9887300,15.779999732971191,5.1,4.8,3.44,0.008682846193584837,0.008645367078578905,0.2449172740873987,0.28872241371971713,-0.22746475956966866,0.08213530927677781,15.779999732971191,-0.07339993560038638,-0.4870499046279713,-1.6599999999999997,-0.1299999999999999
2023-05-01,131.2802734375,133.29782272315924,130.93627158760816,132.26580298667045,20415800,16.079999923706055,5.27,4.86,3.59,0.021411986333977007,0.021185970363231957,0.25100028228875143,0.29179463201991634,0.5508764786494116,0.09207366116294091,16.079999923706055,0.01901141925294425,-0.4331082612876625,-1.6799999999999997,0.06999999999999984
2023-05-02,129.1604461669922,132.4052681693228,128.7048650486828,131.4662146588088,14113400,17.780000686645508,5.24,4.74,3.44,-0.016147340457186243,-0.01627912937845105,0.26098624862244346,0.29207104920030363,0.06268080422018321,0.07567791088707398,17.780000686645508,0.10572144098292036,-0.5022163490291532,-1.8000000000000003,0.040000000000000036
2023-05-03,126.4270248413086,128.92804716935956,126.22247931498954,128.7142092779594,12930900,18.34000015258789,5.26,4.7,3.38,-0.021162990735952847,-0.021390137274277538,0.26926865793610977,0.29500862639888203,-0.031283688267362074,0.06717965775764045,18.34000015258789,0.031496031738794894,-0.5075216853790953,-1.88,-0.050000000000000266
2023-05-04,124.69768524169922,126.18528638056492,122.5499715602386,125.47868364235244,17089200,20.09000015258789,5.26,4.59,3.37,-0.013678559641659205,-0.013772973087172402,0.27595987781617376,0.29502001563414204,0.24536745707598956,0.05101478087449052,20.09000015258789,0.09541984653435587,-0.5410723751890374,-1.8899999999999997,-0.1599999999999997
2023-05-05,127.13362121582033,128.19353232279389,126.36192943463914,126.85469425360314,11261400,17.190000534057617,5.26,4.73,3.44,0.019534732897403595,0.019346379012526935,0.2819143842282226,0.29766061985015757,-0.18674251793222854,0.07272288586403675,17.190000534057617,-0.14435040301165503,-0.5745349439617357,-1.8199999999999998,0.0
2023-05-08,127.44044494628906,128.27721168217766,126.89188336179542,127.83093703549144,7484900,16.979999542236328,5.31,4.79,3.52,0.0024133956661855915,0.0024104881039905177,0.2819407677266532,0.2960423505803961,-0.45555078302445035,0.07178051329973267,16.979999542236328,-0.01221646220459538,-0.5771108727973142,-1.7899999999999996,-0.06999999999999984
2023-05-09,126.82678985595705,127.32884698655891,125.71109630932034,126.38050108785184,7343600,17.709999084472656,5.29,4.81,3.53,-0.004815230287297356,-0.0048268608596002335,0.2833937286841543,0.29602392077127626,-0.45959311267479186,0.061391061565944316,17.709999084472656,0.042991729205911655,-0.5843710463998474,-1.7600000000000002,0.08999999999999986
2023-05-10,126.89187622070312,128.36087829464017,125.39498286959376,128.2586055494036,8133400,16.940000534057617,5.24,4.7,3.43,0.000513190981337619,0.0005130593438808007,0.2833055482037314,0.29510865211968124,-0.39323995273278506,0.062101088795938564,16.940000534057617,-0.0434781812659798,-0.5735624385772176,-1.81,0.050000000000000266
2023-05-11,126.4920654296875,127.19866794882395,125.42284800924946,125.51582837165677,7057300,16.93000030517578,5.2,4.7,3.39,-0.0031507989551690097,-0.003155773173452853,0.2841235115786996,0.29496769651016624,-0.4627101114237196,0.05473283614552926,16.93000030517578,-0.0005903322648502796,-0.5853121553320317,-1.81,0.020000000000000018
2023-05-12,124.6791000366211,127.36606876598572,123.7772441549865,127.2080134509426,9988600,17.030000686645508,5.25,4.75,3.46,-0.014332641236490584,-0.014436345636863438,0.25079901613524935,0.2961109848110241,-0.12670726866739057,-0.002306175868094451,17.030000686645508,0.005906696967935332,-0.588659963987166,-1.79,0.020000000000000018
2023-05-15,125.72966766357422,126.1387585640918,124.54889933058492,124.83711859591006,7639500,17.1200008392334,5.21,4.73,3.5,0.008426172683669853,0.008390870659299384,0.2058335193128289,0.2955040441922927,-0.30659117334449154,-0.03289729425965027,17.1200008392334,0.005284800291198266,-0.6962419346802122,-1.71,-0.020000000000000018
2023-05-16,124.88363647460938,126.38982222709488,124.54892695329984,125.9435475942871,6477200,17.989999771118164,5.23,4.88,3.54,-0.0067289702159131215,-0.006751711811756573,0.2007754971235662,0.2956658927196083,-0.3919928960079,-0.0500706204935113,17.989999771118164,0.050817692128321434,-0.7089986354227628,-1.6900000000000004,0.010000000000000231
2023-05-17,128.72349548339844,128.8536595223895,125.94356046777068,126.35263731401685,12711500,16.8700008392334,5.26,4.92,3.57,0.030747495165787786,0.03028426249354008,0.23225632939309424,0.3000748398142258,0.1736398901839055,-0.01961474078898251,16.8700008392334,-0.062256750757876844,-0.714205062276204,-1.69,0.13999999999999968
2023-05-18,129.69972229003906,129.9135601537646,128.0819572058346,128.5561373131233,10999600,16.049999237060547,5.31,5.02,3.65,0.007583905354454412,0.007555292119890082,0.2340732003486693,0.3000347443617025,0.01364741572712725,-0.00930310892303099,16.049999237060547,-0.04860708721874096,-0.722690096446787,-1.6599999999999997,0.2599999999999998
2023-05-19,129.4021759033203,130.62015634556295,128.4259529385829,129.96932211998757,13492200,16.809999465942383,5.29,5.02,3.7,-0.0022941173771626744,-0.002296752895997349,0.23410809042813566,0.2996419032085416,0.23396856957066908,-0.009677032485695736,16.809999465942383,0.0473520414335562,-0.722336486009927,-1.5899999999999999,0.2400000000000002
2023-05-22,128.33297729492188,131.689364532914,127.9889754446489,131.09432702029443,11402500,17.209999084472656,5.4,5.07,3.72,-0.00826260146658786,-0.008296925961932475,0.2356039983359606,0.2995398479467035,0.02487564872089407,-0.019185774559306368,17.209999084472656,0.02379533796777844,-0.7248533639417455,-1.6800000000000002,0.2200000000000002
2023-05-23,126.99413299560548,129.26271783242626,126.87327553866224,127.87738976422008,9514900,18.530000686645508,5.34,5.06,3.7,-0.010432581925062023,-0.010487382784055914,0.2253125425386087,0.2996827404869928,-0.1404803243354574,-0.007844734447534085,18.530000686645508,0.07669969043541625,-0.6967487938534754,-1.6399999999999997,0.16000000000000014
2023-05-24,125.83197021484376,126.77102387365667,125.59024107397305,125.88775277144352,8578000,20.030000686645508,5.37,5.12,3.73,-0.009151310799546453,-0.00919344127390932,0.21837149933847927,0.29961947226162494,-0.20412799455192304,0.0008136707363555207,20.030000686645508,0.0809498081174409,-0.7316183794545507,-1.6400000000000001,0.16000000000000014
2023-05-25,126.13878631591795,126.69664024605038,125.12536539009837,125.34850979951426,8472500,19.13999938964844,5.38,5.24,3.83,0.0024383000643661834,0.002435332234092418,0.21290075911448678,0.29952563701438034,-0.21183737011828718,-0.010069373675413384,19.13999938964844,-0.0444334132045463,-0.7103810007713595,-1.5499999999999998,0.18000000000000016
2023-05-26,127.31954193115234,127.93317828601222,126.10157576993184,126.54785030673372,8579900,17.950000762939453,5.34,5.25,3.8,0.009360765627450585,0.00931722516469301,0.21329677935797067,0.29951716542599227,-0.19696302477042282,-0.009404057305360203,17.950000762939453,-0.06217338895802571,-0.7137030858780078,-1.54,0.09999999999999964
2023-05-30,127.80304718017578,128.04477632756996,126.46420903839032,127.18941066738822,7399900,17.459999084472656,5.55,5.22,3.69,0.003797572954550077,0.0037903803781821374,0.19827830851787723,0.2971506637814408,-0.2624821598003492,-0.02648704307414218,17.459999084472656,-0.027298142486906207,-0.790921617525383,-1.8599999999999999,-0.03000000000000025
2023-05-31,126.17598724365234,127.2265918367746,124.95800660583822,127.1243190866319,14219900,17.940000534057617,5.52,5.18,3.64,-0.012730994858280775,-0.012812728413968775,0.19517229767639954,0.29801589631150904,0.41648765370916674,-0.023106601222801726,17.940000534057617,0.02749149339943724,-0.7701192341153746,-1.8799999999999994,-0.06000000000000005
2023-06-01,127.91461181640624,128.5189417760317,125.93424589021166,126.92908212873871,12248100,15.649999618530272,5.5,5.11,3.61,0.01377936175285499,0.013685289532717257,0.18649271039563306,0.2931571003577875,0.22423399790398618,0.011766368598524535,15.649999618530272,-0.1276477618370171,-0.800367592539326,-1.8900000000000001,-0.1200000000000001
2023-06-02,130.60157775878906,131.54061723322627,129.55095898404744,129.7555044833213,12922500,14.600000381469728,5.5,5.22,3.69,0.02100593438253462,0.020788351489373174,0.19148624350273183,0.2959470121367072,0.3191110584839078,0.04734564643799466,14.600000381469728,-0.06709260464244993,-0.7854440180018935,-1.81,-0.14000000000000012
2023-06-05,129.31851196289062,130.26685791287542,128.42596275204582,130.26685791287542,8511900,14.729999542236328,5.46,5.17,3.69,-0.009824274851167214,-0.009872851454453102,0.18499231270520564,0.27284584132782075,-0.1187501261790298,0.017185782377434622,14.729999542236328,0.008904051874655705,-0.7524244116831182,-1.77,-0.10999999999999988
2023-06-06,129.5509490966797,130.25756592635653,128.50034458893558,128.9373126456911,9329500,13.960000038146973,5.44,5.2,3.7,0.001797400312306019,0.001795786921348326,0.18493648708162008,0.26828187292446987,-0.043238600674281175,0.016560709210330593,13.960000038146973,-0.05227423815469123,-0.7421020384835637,-1.7400000000000002,0.010000000000000231
2023-06-07,130.80609130859375,131.3453462034374,129.07676153782333,129.7461804288836,9281400,13.9399995803833,5.42,5.16,3.79,0.00968840614959432,0.009641774491771848,0.18620274410577806,0.26593088435459095,-0.05753596029250565,0.03137587458577307,13.9399995803833,-0.0014326975436259604,-0.7230963212156953,-1.63,0.1499999999999999
2023-06-08,130.8433074951172,130.99207043832266,129.6811236016028,130.7875249381189,7368100,13.649999618530272,5.38,5.12,3.73,0.00028451417018215963,0.0002844737037009853,0.18622130807645448,0.2611616424477992,-0.24890032875455542,0.03114014381457597,13.649999618530272,-0.020803441218256835,-0.7316306254860183,-1.65,0.1200000000000001
2023-06-09,131.1036376953125,131.83814587263618,130.3598513407576,130.49001537148624,7249100,13.829999923706056,5.37,5.17,3.75,0.0019896332886955026,0.0019876565898866642,0.18539674587526442,0.24013114329274604,-0.2617528265647182,0.036457403473962646,13.829999923706056,0.013186835912539552,-0.7281264573823266,-1.62,0.06000000000000005
2023-06-12,131.09434509277344,131.3918709835064,129.94145354640617,131.15943420142702,7596600,15.010000228881836,5.4,5.18,3.73,-7.087982227205192e-05,-7.088233436535976e-05,0.17546723842712345,0.2373588847213421,-0.21682436848822753,0.05145405327972408,15.010000228881836,0.08532178681744873,-0.7157927780961528,-1.6700000000000004,0.040000000000000036
2023-06-13,132.0426788330078,132.83295530635525,130.29474985485163,130.61086044419062,7701600,14.609999656677246,5.36,5.26,3.84,0.007233979006213032,0.00720793928519877,0.17499087914499437,0.2225633154127212,-0.206253423609261,0.05021099066551149,14.609999656677246,-0.02664893844804339,-0.7292554862275231,-1.5200000000000005,0.13999999999999968
2023-06-14,131.5499267578125,133.5209861370307,130.81541857922923,132.95383981928003,9068700,13.880000114440918,5.36,5.27,3.83,-0.003731763696028123,-0.0037387440977206684,0.17320738460203375,0.2221917211906372,-0.07767365511237315,0.053380014158688205,13.880000114440918,-0.0499657467070983,-0.6788727787529121,-1.5300000000000002,0.040000000000000036
2023-06-15,133.03750610351562,133.32572542805949,130.1924823122168,130.71313840646567,9343100,14.5,5.33,5.21,3.72,0.011308097103252646,0.011244638522287069,0.14348005300188985,0.21713896328238638,-0.033205711920529804,0.03351377775997055,14.5,0.044668579282937326,-0.6162142403626082,-1.6099999999999999,-0.009999999999999787
2023-06-16,133.19557189941406,133.85569861958822,132.48896917108857,133.0003329420945,13813500,13.539999961853027,5.34,5.24,3.77,0.0011881295773497058,0.001187424309980824,0.1417732456446415,0.20926846943271774,0.4088658545727328,0.026953408593716643,13.539999961853027,-0.06620689918254985,-0.5863752505204444,-1.5699999999999998,0.020000000000000018
2023-06-20,132.51686096191406,132.95384326002164,131.13153259272033,132.5912424367851,8428600,13.880000114440918,5.39,5.24,3.74,-0.005095596856722451,-0.005108623682195369,0.14307263212571464,0.20956539001220292,-0.1175640722963844,0.02406980436651085,13.880000114440918,0.025110794205745357,-0.5914359924895164,-1.6499999999999995,0.010000000000000231
2023-06-21,132.32164001464844,133.90220755705204,131.73589468707073,132.86088095393416,9926500,13.199999809265137,5.4,5.25,3.72,-0.0014731781740719985,-0.0014742643679407448,0.13906647964222038,0.20655162617785275,0.04735160320815724,0.03108057495276695,13.199999809265137,-0.048991376049651536,-0.5601758850466189,-1.6800000000000002,-0.11999999999999966
2023-06-22,129.77406311035156,132.58190248495086,129.18831807274296,132.3122679619711,10075200,12.90999984741211,5.4,5.29,3.8,-0.01925291210126212,-0.019440663156391008,0.15232761883464369,0.20406995818549356,0.05990807649701811,0.021890224762133537,12.90999984741211,-0.02196969439722829,-0.422768952395178,-1.6000000000000005,-0.03000000000000025
2023-06-23,129.09539794921875,129.4022020255021,127.95179873580884,128.80716441468397,9919500,13.4399995803833,5.41,5.25,3.74,-0.005229590142027951,-0.005243312310339531,0.14941067227803573,0.2045106379033999,0.03621665750007443,0.02593480598613418,13.4399995803833,0.041053426741707755,-0.3864179090838633,-1.67,0.020000000000000018
2023-06-26,129.41152954101562,130.17391495331148,128.0169085847207,129.11400359400008,8429700,14.25,5.5,5.27,3.72,0.0024488215445235273,0.0024458280670438485,0.14941175316165792,0.20451832304850892,-0.11921480900230026,0.02594557408298659,14.25,0.06026789024599055,-0.35469262173178334,-1.7799999999999998,-0.04999999999999982
2023-06-27,129.42080688476562,130.01584452291195,128.80717033038513,129.23486028287297,8154000,13.739999771118164,5.44,5.33,3.77,7.168869561247071e-05,7.168612610073396e-05,0.14638978770810862,0.20433190210673932,-0.14612168132557435,0.016503868312293557,13.739999771118164,-0.03578948974609375,-0.32066885644165066,-1.6700000000000004,0.029999999999999805
2023-06-28,128.8536376953125,129.43009050189633,128.26790671248017,129.3836003129569,7558600,13.43000030517578,5.44,5.32,3.71,-0.004382364807523742,-0.004391995515326397,0.14706632975746908,0.20346015979307766,-0.20912851478528727,0.008220387058968992,13.43000030517578,-0.022561824680231157,-0.3081976050634351,-1.7300000000000004,-0.010000000000000231
2023-06-29,133.3535919189453,133.47446355650607,130.02511047983398,130.22965593410052,15423200,13.539999961853027,5.46,5.41,3.85,0.03492298940192451,0.0343270175740886,0.18191815264843283,0.2144365395692338,0.6036649971354213,0.05688566289109076,13.539999961853027,0.008190592269372798,-0.13752296711348663,-1.6099999999999999,0.050000000000000266
2023-06-30,135.222412109375,135.74306818320116,133.5674635089359,134.4414279986358,14212800,13.59000015258789,5.43,5.4,3.81,0.014014022146217053,0.013916733619943094,0.18210415874626976,0.21348168271572293,0.46286862353272357,0.05713030113758655,13.59000015258789,0.00369277628328879,-0.009071454471516914,-1.6199999999999997,0.06999999999999984
2023-07-03,136.31024169921875,137.11911724800308,135.74309532252184,135.9197495657775,8021600,13.56999969482422,5.44,5.43,3.86,0.008044743270545052,0.008012556829274684,0.17063077153965106,0.21380668562499053,-0.15300517598562297,0.043710528145173955,13.56999969482422,-0.001471704013179198,0.13129521091084087,-1.5800000000000005,0.13999999999999968
2023-07-05,135.4021759033203,136.14171413854416,135.14006000089324,135.68301845141943,8934900,14.18000030517578,5.44,5.4,3.95,-0.006661757653560363,-0.00668404620350506,0.16800870296351963,0.2144927639730604,-0.058672687295679114,0.04704402987698675,14.18000030517578,0.0449521462100122,0.09489743550061541,-1.4900000000000002,0.18000000000000016
2023-07-06,134.06350708007812,134.2320040302401,132.40654898226205,133.8856396654107,9709500,15.4399995803833,5.46,5.44,4.05,-0.009886612340691103,-0.009935809422702578,0.17354401270895842,0.21591886807123442,0.020890965122844427,0.034832303544382937,15.4399995803833,0.08885749281314292,-0.026565494244153033,-1.4100000000000001,0.33999999999999986
2023-07-07,135.12132263183594,136.52552097664736,133.866908872023,134.71879262942724,8981500,14.829999923706056,5.46,5.41,4.06,0.007890406381253046,0.007859439910191056,0.17257647448348784,0.21617289105574788,-0.05416228096271884,0.032989528851999905,14.829999923706056,-0.03950775085850755,-0.04961219898099071,-1.4000000000000004,0.20999999999999952
2023-07-10,135.8795928955078,136.66595485612726,135.2711126354132,135.2711126354132,9100100,15.06999969482422,5.48,5.38,4.01,0.005611773544712317,0.005596086205386933,0.17305938849164704,0.21624372783627288,-0.05033334498662394,0.03849096676632513,15.06999969482422,0.01618339665224955,-0.04950162492539297,-1.4700000000000006,0.19999999999999973
2023-07-11,138.00460815429688,138.37906960740568,136.4038300805188,136.99358365726889,11260900,14.84000015258789,5.49,5.44,3.99,0.015638958091545252,0.015517929793201587,0.17969926126596783,0.21795336811830143,0.1510675911951389,0.052637520821675166,14.84000015258789,-0.015262080085862495,-0.07501997186071085,-1.5,0.13000000000000034
2023-07-12,138.68800354003906,140.29815234336888,137.6114570388081,138.03271374432256,11323200,13.539999961853027,5.47,5.35,3.86,0.004951975117947649,0.004939754416963185,0.17960464427632564,0.2024906904105728,0.13580293971463492,0.05792514117898606,13.539999961853027,-0.0876010901191373,-0.06980077951995371,-1.6099999999999999,-0.0900000000000003
2023-07-13,139.36199951171875,139.83006562336877,138.31353599258082,139.20285874786703,11234900,13.609999656677246,5.47,5.27,3.76,0.004859800087071653,0.004848029378750371,0.17903360877512675,0.18669904041438593,0.1073230829883698,0.05543147672706317,13.609999656677246,0.005169844536294876,-0.05816652792882539,-1.71,-0.29000000000000004
2023-07-14,140.2045135498047,143.1252412336155,138.93137327763844,141.870827603696,27028400,13.34000015258789,5.49,5.34,3.83,0.006045507678117845,0.006027306914973202,0.17772848819756568,0.18581760971045244,1.447341245030666,0.06578936990155504,13.34000015258789,-0.019838318214570272,-0.10021055351665635,-1.6600000000000001,-0.22999999999999954
2023-07-17,143.58396911621094,143.9303334778498,140.74748954065532,140.74748954065532,17262400,13.479999542236328,5.49,5.33,3.81,0.024103757295985906,0.023817846968597126,0.19043920154418534,0.19149294664272812,0.508957644045647,0.0792743589502436,13.479999542236328,0.010494706750155292,-0.1068084794604513,-1.6800000000000002,-0.19999999999999973
2023-07-18,143.84608459472656,144.5388133160355,143.05973693495963,143.58396870813758,13491700,13.300000190734863,5.49,5.32,3.8,0.0018255204959787275,0.0018238562585300058,0.19033613204807737,0.19127414130271977,0.18101062162876647,0.07996146225758549,13.300000190734863,-0.013353068072256224,-0.12992356505987177,-1.6900000000000004,-0.1900000000000004
2023-07-19,144.39840698242188,145.2971002736689,142.49805956001194,142.99420853526703,12510000,13.760000228881836,5.49,5.32,3.75,0.003839676201486064,0.003832323460240272,0.18737998509958328,0.1911892305098179,0.07585786980141779,0.08966063589389295,13.760000228881836,0.03458646853760361,-0.10688268402965387,-1.7400000000000002,-0.10999999999999988
2023-07-20,146.1770477294922,146.58894821231368,144.5481867273733,144.6605180284174,9935900,13.989999771118164,5.49,5.35,3.85,0.012317592584569326,0.012242348296580502,0.18810462752924728,0.19241173826273633,-0.14554882872966185,0.10471006642080538,13.989999771118164,0.016715082733324893,-0.1336292645439886,-1.6400000000000001,0.0900000000000003
2023-07-21,145.05369567871094,146.1676953908266,144.8103064253035,145.84941384000646,10636400,13.600000381469728,5.5,5.35,3.84,-0.007684873023705241,-0.0077145538202850646,0.1718140805245392,0.1870096515802543,-0.08751027327336086,0.11774026490460243,13.600000381469728,-0.02787701186768954,-0.1715741444716649,-1.6600000000000001,0.009999999999999787
2023-07-24,147.9088897705078,148.64842793429298,144.84773343199822,145.07241030562304,14381400,13.90999984741211,5.51,5.38,3.86,0.019683704564970483,0.019492485643474503,0.1736011079626654,0.1856463763466501,0.21060090213816932,0.14573324936563248,13.90999984741211,0.022794077738759633,-0.08616265697760353,-1.65,0.04999999999999982
2023-07-25,146.80426025390625,147.6467735305015,145.99918598070113,147.25359971580744,9944700,13.859999656677246,5.51,5.38,3.91,-0.007468310514097465,-0.007496337977459332,0.18036553250629447,0.18545303230434335,-0.1681768051923393,0.13439861791741037,13.859999656677246,-0.003594550056315482,-0.049265965031457526,-1.5999999999999996,0.11000000000000032
2023-07-26,147.6842041015625,148.14291400130324,146.29873250733112,146.70127676307158,8728600,13.1899995803833,5.51,5.37,3.86,0.005993993949047205,0.005976101430150229,0.178870597711923,0.1851470574058751,-0.271647654567097,0.14111639122338593,13.1899995803833,-0.04834055504259438,-0.07352710342750186,-1.65,0.10999999999999988
2023-07-27,146.0553741455078,148.6390943050811,145.6153907955602,147.69360576809055,10778400,14.40999984741211,5.51,5.4,4.01,-0.011029141308399826,-0.011090413221648217,0.18577730203976195,0.1828986803485087,-0.11252549912412696,0.1334982601800545,14.40999984741211,0.09249433706148413,-0.2588552696114298,-1.5,0.1599999999999997
2023-07-28,146.88851928710938,147.53445284492707,146.4485359733566,147.234883659289,9103800,13.329999923706056,5.52,5.37,3.96,0.005704310070586915,0.005688102101539424,0.1533936293753176,0.17913766882866378,-0.2303865355262952,0.10149653393956437,13.329999923706056,-0.07494794830966012,-0.31165256963275845,-1.5599999999999996,0.1200000000000001
2023-07-31,147.87144470214844,149.2007506770254,147.11316564135666,147.14124846387747,8892700,13.630000114440918,5.55,5.37,3.97,0.006691642204642578,0.006669352547964383,0.14981720168222337,0.17249982852440882,-0.2309382040205655,0.09354242684668446,13.630000114440918,0.022505640844104002,-0.31539775800476416,-1.5799999999999996,0.11000000000000032
2023-08-01,147.14129638671875,147.90893187694957,146.17708107481772,147.3753295067772,6853900,13.93000030517578,5.54,5.38,4.05,-0.004937723553728679,-0.00494995438894112,0.15278944603271863,0.16984777849850854,-0.404250362787617,0.07945884735058817,13.93000030517578,0.022010285268964314,-0.32808340021147825,-1.4900000000000002,0.13999999999999968
2023-08-02,145.47494506835938,145.74643141841656,144.1081999906907,145.6247296556844,8299400,16.09000015258789,5.53,5.36,4.08,-0.011324837821054978,-0.011389452090827167,0.15790835116093,0.16870290322875728,-0.27660772481911705,0.07439148667914464,16.09000015258789,0.15506100503167608,-0.429085460164828,-1.4500000000000002,0.2200000000000002
2023-08-03,146.36428833007812,146.897876304198,144.4920237619121,145.10050403286803,6084000,15.920000076293944,5.54,5.37,4.2,0.00611337753934782,0.006094766658589202,0.14974093424279666,0.1688871045770204,-0.46119310656624407,0.09175339000084914,15.920000076293944,-0.010565573317698473,-0.3623169483029727,-1.3399999999999999,0.1900000000000004
2023-08-04,146.0553741455078,147.7216885960237,145.75580493522597,146.41109472740982,6209400,17.100000381469727,5.54,5.33,4.05,-0.0021105844061746204,-0.0021128148283244847,0.15085557987952003,0.16848853331143065,-0.443253435619622,0.08092025226443211,17.100000381469727,0.07412062182919787,-0.37769926173316565,-1.4900000000000002,0.08999999999999986
2023-08-07,146.74807739257812,147.6280439392386,146.5983070977639,146.5983070977639,7251800,15.770000457763672,5.56,5.3,4.09,0.004742743984074149,0.004731532608306647,0.15075712961238455,0.16851359956657977,-0.34435715257633065,0.07998614262428827,15.770000457763672,-0.07777777158106369,-0.36508478226765845,-1.4699999999999998,0.11999999999999966
2023-08-08,145.92430114746094,146.01790580284208,142.84441801525406,144.46393710846394,8623400,15.989999771118164,5.57,5.35,4.02,-0.005613540291321439,-0.00562935542230933,0.14770185972358602,0.16893908085652348,-0.21094144602478607,0.05738716336420735,15.989999771118164,0.013950495051900047,-0.3581470343320126,-1.5500000000000007,-0.03000000000000025
2023-08-09,143.96775817871094,145.58727709541188,143.66820331619675,145.4000535208101,6277800,15.960000038146973,5.55,5.35,4.0,-0.013407931053052269,-0.01349862898741546,0.1582658654353488,0.1685508447919621,-0.4119955603220172,0.03806929585764518,15.960000038146973,-0.0018761559349974588,-0.3224174538755495,-1.5499999999999998,-0.08000000000000007
2023-08-10,143.75247192382812,145.51240519701045,143.31248860553254,144.5201072567677,5995100,15.850000381469728,5.54,5.33,4.09,-0.001495378254175339,-0.0014964974481215451,0.15828380787851043,0.16826694404021084,-0.4243484539764904,0.03150408595953147,15.850000381469728,-0.006892209048516729,-0.31524737610923753,-1.4500000000000002,-0.11000000000000032
2023-08-11,144.5856170654297,144.65115317660656,142.88186387000218,143.25631104053193,5180700,14.84000015258789,5.54,5.36,4.16,0.0057956926267190845,0.005778962211976907,0.1581930840963115,0.16736647908968202,-0.44425463215003097,0.03124794919008589,14.84000015258789,-0.0637224103831967,-0.3203482067165627,-1.38,0.11000000000000032
2023-08-14,144.8852081298828,145.02562226899528,143.15335756484984,143.7992911732594,5044300,14.81999969482422,5.56,5.37,4.19,0.0020720668523865893,0.0020699230827114852,0.13465403198671536,0.15698519427613233,-0.42093886355105,0.009062564725583755,14.81999969482422,-0.0013477397276294711,-0.38829607937577626,-1.3699999999999992,0.10000000000000053
2023-08-15,141.19680786132812,143.4809724951409,140.6351228816474,143.08779872306133,10300300,16.459999084472656,5.56,5.36,4.21,-0.025457397039787555,-0.025787043226941742,0.16349932557077068,0.16650248509686502,0.20448804902006643,-0.018417440703113575,16.459999084472656,0.11066122965044278,-0.5107638798103008,-1.3499999999999996,0.1900000000000004
2023-08-16,140.5977020263672,141.3185278436564,140.12026544675294,140.9815196692057,6978200,16.780000686645508,5.56,5.37,4.28,-0.004243055094767634,-0.004252082397648125,0.16289375020098376,0.16673674628320212,-0.15671401001328095,-0.02632096181308541,16.780000686645508,0.019441167677507476,-0.5257452190746518,-1.2799999999999994,0.28000000000000025
2023-08-17,139.13735961914062,141.59937805479146,138.92203888799807,141.2436574651906,9953900,17.889999389648438,5.56,5.36,4.3,-0.01038667336790966,-0.010440991308913109,0.15763480652722306,0.1673252551709362,0.20275595070511884,-0.048158642000889595,17.889999389648438,0.06615009878315026,-0.5767216139924968,-1.2599999999999998,0.20999999999999996
2023-08-18,139.45562744140625,139.95177640901298,138.0233461901272,138.21992597052116,8517500,17.299999237060547,5.55,5.35,4.26,0.0022874361216629335,0.0022848239223918288,0.15721610433545963,0.16550428949880294,0.04253812592832405,-0.03859307555806246,17.299999237060547,-0.03297932770916012,-0.6145941912410898,-1.29,0.09999999999999964
2023-08-21,139.9330596923828,140.5134714627281,138.56631446042414,140.09220047778916,8327000,17.1299991607666,5.57,5.37,4.34,0.0034235423821613598,0.00341769540206261,0.13719301967796008,0.1640157712939565,0.05843913593640467,-0.0539239398693353,17.1299991607666,-0.009826594438788527,-0.7389366093237676,-1.2300000000000004,0.14999999999999947
2023-08-22,137.03102111816406,140.0828066162515,136.5348722488115,139.72707184794504,9673300,16.969999313354492,5.57,5.39,4.34,-0.020738763095714097,-0.02095683149127464,0.15096970173620647,0.1704889765538247,0.23169089630013975,-0.06657326646269546,16.969999313354492,-0.009340330137234454,-0.6431452184312828,-1.2300000000000004,0.1299999999999999
2023-08-23,137.9578399658203,138.16379025559206,136.16983777261737,137.00299511424015,7858000,15.979999542236328,5.57,5.35,4.19,0.006763569592443064,0.006740799270404147,0.15162557496810436,0.17005790449367897,0.006127287009396113,-0.06585920406933543,15.979999542236328,-0.058338232832990555,-0.6477842665075707,-1.38,-0.08999999999999986
2023-08-24,137.82676696777344,139.86754299375357,137.60210433741543,138.07952671117278,6534000,17.200000762939453,5.58,5.39,4.23,-0.0009500945946917527,-0.0009505462206420935,0.14906044041494473,0.17004338214860412,-0.1400283630070052,-0.05633895517967469,17.200000762939453,0.07634551036616566,-0.5976816511917489,-1.3499999999999996,-0.0699999999999994
2023-08-25,137.6582794189453,139.12799993539016,136.53492333751183,137.8735858825269,6695500,15.68000030517578,5.61,5.44,4.25,-0.0012224588339035947,-0.0012232066462125237,0.14576181437676627,0.16758820933528848,-0.10458160537398145,-0.06283840229965532,15.68000030517578,-0.0883721157175058,-0.5488172309885004,-1.3600000000000003,-0.009999999999999787
2023-08-28,138.1356658935547,139.11860756571917,137.73313590181482,138.14503635752138,5094100,15.079999923706056,5.58,5.44,4.2,0.00346790964280852,0.0034619103102576905,0.14329202370573949,0.165699700729289,-0.3009888056117394,-0.06583947852950334,15.079999923706056,-0.03826532970612695,-0.5933737643109948,-1.38,-0.13999999999999968
2023-08-29,139.25901794433594,139.34328069655484,137.77992738593437,138.27609058280223,6337000,14.449999809265137,5.56,5.37,4.12,0.008132237561636613,0.008099349101955401,0.14880699455755478,0.16130150850732056,-0.12734353429311315,-0.05356945083361575,14.449999809265137,-0.04177719612919539,-0.6075570950460721,-1.4399999999999995,-0.21999999999999975
2023-08-30,138.69735717773438,139.62411896057506,137.78930775518225,139.127970012283,6277300,13.880000114440918,5.56,5.39,4.12,-0.004033209302295004,-0.004041364626405048,0.14539749351174885,0.160049681680452,-0.1233592574954997,-0.046589382710817806,13.880000114440918,-0.03944634618325349,-0.5859686534980073,-1.4399999999999995,-0.07000000000000028
2023-08-31,136.9842529296875,138.8752443375692,136.6378885199195,138.79098156731098,10933900,13.56999969482422,5.56,5.37,4.09,-0.012351383493570123,-0.012428295802476825,0.14593417070857337,0.16244769281907548,0.47693035035880116,-0.06408691291715185,13.56999969482422,-0.02233432399573032,-0.5621397241945297,-1.4699999999999998,-0.14000000000000057
2023-09-01,137.4429168701172,138.62243813166728,136.39443924227538,136.75953017686766,7903500,13.09000015258789,5.53,5.36,4.18,0.003348296834272624,0.003342703769776819,0.14780148425964165,0.16151508398805953,0.05551274534811821,-0.05896706865993484,13.09000015258789,-0.03537211149823449,-0.6177140783571263,-1.3500000000000005,-0.07000000000000028
2023-09-05,135.92637634277344,138.74414307002488,135.74850896054588,137.7612015206172,7854700,14.010000228881836,5.55,5.42,4.27,-0.01103396640495391,-0.011095292140255692,0.1474422266133741,0.1633510062810026,0.04478932159258311,-0.07374339236387162,14.010000228881836,0.07028266352709411,-0.61485097390722,-1.2800000000000002,0.0699999999999994
2023-09-06,135.70176696777344,136.24471122155913,134.90604866728975,135.45836338754435,8629200,14.449999809265137,5.55,5.44,4.3,-0.0016524340679368033,-0.0016538008429892001,0.14747413417875635,0.16339269925778296,0.14776481009913855,-0.07005367919738958,14.449999809265137,0.03140610800820931,-0.5973856050904233,-1.25,0.17999999999999972
2023-09-07,134.5409393310547,135.9919472963918,134.23201394868647,134.92475701377694,8373700,14.399999618530272,5.53,5.4,4.27,-0.008554255870481198,-0.008591053518507334,0.1441095771943413,0.16446592470015858,0.09846964342403182,-0.06547868055258943,14.399999618530272,-0.003460220857775087,-0.6094202580455896,-1.2600000000000007,0.14999999999999947
2023-09-08,134.64390563964844,134.91537771193595,133.53926213708527,134.21327851187928,7107900,13.84000015258789,5.55,5.42,4.26,0.0007653158146934125,0.0007650231098768654,0.14472513962222766,0.16386117065614278,-0.07433549949861305,-0.06336284978115825,13.84000015258789,-0.038888852831757026,-0.6149458524920075,-1.29,0.16999999999999993
2023-09-11,135.2336883544922,135.78600302416146,134.51286243054037,135.50516045652148,6854200,13.800000190734863,5.55,5.4,4.29,0.004380314965180876,0.004370749309135212,0.14363920279370995,0.16384495356400286,-0.1169970530926424,-0.06468090603165211,13.800000190734863,-0.0028901706222559387,-0.5784557126926548,-1.2599999999999998,0.11000000000000032
2023-09-12,136.9936065673828,137.91102656774115,134.84986974127222,135.27112644775508,8363200,14.229999542236328,5.56,5.42,4.27,0.01301390381572154,0.012929950558061428,0.15387563669507906,0.16435435930574138,0.05485146916370681,-0.05446795890596057,14.229999542236328,0.031159372866542467,-0.4776792385545943,-1.29,0.0
2023-09-13,137.0591278076172,138.26673213964824,136.506813201659,137.92972395420438,8325900,13.479999542236328,5.55,5.42,4.25,0.00047827954804691153,0.0004781652088398217,0.1278855311658498,0.16434790210054562,0.06338765709614795,-0.029304345589559078,13.479999542236328,-0.052705553346921175,-0.2773436261542254,-1.2999999999999998,-0.04999999999999982
2023-09-14,139.71775817871094,140.3262385140318,138.09825315552496,138.39780809031097,10034900,12.81999969482422,5.55,5.42,4.29,0.019397689257336648,0.019211952153858913,0.1468700820109407,0.16832747651301694,0.2571226699622358,-0.006258593383633215,12.81999969482422,-0.04896141467543502,-0.32307089411713996,-1.2599999999999998,0.020000000000000462
2023-09-15,139.3058319091797,140.16707182842225,138.83776580409716,139.4088070236676,19863400,13.789999961853027,5.56,5.43,4.33,-0.00294827425590638,-0.002952628977833003,0.1423578023040433,0.16844308891337795,1.3429595265814334,0.0012108343186920667,13.789999961853027,0.07566304915127442,-0.2569147123166025,-1.2299999999999995,0.07000000000000028
2023-09-18,139.59605407714844,139.61478072408826,138.31355730457247,138.6973750034845,6512400,14.0,5.55,5.44,4.32,0.002083345427763339,0.002081178273110155,0.1423174294225702,0.1630544228993781,-0.2226464326831315,0.0010069628477429315,14.0,0.015228429204342975,-0.24380939905787394,-1.2299999999999995,0.03000000000000025
2023-09-19,139.41818237304688,140.15773491994022,137.80804789167848,139.95178466264682,7943400,14.109999656677246,5.54,5.45,4.37,-0.0012741886242949585,-0.0012750010928522279,0.14181872229523737,0.16258512402710085,-0.04965917825919202,-0.003679454451062547,14.109999656677246,0.007857118334088975,-0.24611759227650504,-1.17,0.10000000000000053
2023-09-20,138.8284149169922,140.65386993955852,138.67863032943688,140.09218487834835,7332000,15.140000343322754,5.56,5.47,4.35,-0.004230204740990118,-0.004239177370044394,0.1200927236138617,0.16295754733066614,-0.11034640917027548,0.013116692732503266,15.140000343322754,0.07299792428826057,-0.32737483306689225,-1.21,0.09999999999999964
2023-09-21,137.7424774169922,139.34326960229055,137.2650551855661,138.15437782884638,8052400,17.540000915527344,5.57,5.46,4.49,-0.007822155865204516,-0.007852909404020295,0.121443477310895,0.1639918159083881,-0.024085185907869587,-0.0015610751000557643,17.540000915527344,0.15852050976095722,-0.37166500380899403,-1.08,0.20000000000000018
2023-09-22,136.4225616455078,138.0888760647545,135.9170564679509,137.88292580761205,7071700,17.200000762939453,5.56,5.46,4.44,-0.009582488976792147,-0.009628696449618813,0.12608830641729432,0.16508005450761296,-0.14572515270871098,-0.010188190241696371,17.200000762939453,-0.019384272225830057,-0.3406105046250717,-1.1199999999999992,0.11000000000000032
2023-09-25,137.09654235839844,137.16207846143809,134.52217909897934,136.0668056251761,7044700,16.899999618530273,5.58,5.45,4.55,0.00494039039262395,0.0049282267097858065,0.12751078098044974,0.14999873576720307,-0.1507779843830522,-0.004080663095005765,16.899999618530273,-0.017441926226863136,-0.3826738915889674,-1.0300000000000002,0.22999999999999954
2023-09-26,135.6736297607422,136.5255134713151,135.01834009270283,135.36471871200064,7468400,18.940000534057617,5.58,5.45,4.56,-0.010378909439863637,-0.010433145923870667,0.13168276092832149,0.1489666877109136,-0.11240416486910802,-0.017823319682765404,18.940000534057617,0.12071011606950299,-0.4384407184693239,-1.0200000000000005,0.1899999999999995
2023-09-27,136.46934509277344,136.7595437767897,135.28045325041472,135.91703054679127,6717800,18.21999931335449,5.58,5.49,4.61,0.0058649225603712996,0.005847790853505097,0.1298721754483299,0.14853825348266,-0.20341316435102563,-0.020032259976711764,18.21999931335449,-0.038014846906072375,-0.4296168229691018,-0.9699999999999998,0.2600000000000007
2023-09-28,138.1637725830078,139.3620208697306,136.68468172940547,136.9374414680217,8868100,17.34000015258789,5.56,5.46,4.59,0.012416176607885632,0.012339728035975602,0.13759150949534762,0.1499807915331364,0.03565785370855459,-0.003847114361687498,17.34000015258789,-0.04829852875579399,-0.5018226614554978,-0.9699999999999998,0.09999999999999964
2023-09-29,135.7578887939453,139.25901390338058,135.60810422128415,139.10924361496248,11917800,17.520000457763672,5.55,5.46,4.59,-0.017413275159499975,-0.01756666957648809,0.1446783809478357,0.15299807669508178,0.38386535477094946,-0.008952592064517595,17.520000457763672,0.010380640345549086,-0.5193480643303737,-0.96,0.14999999999999947
2023-10-02,134.58775329589844,136.3195895900525,133.52056297766828,135.58005131127518,9170600,17.610000610351562,5.62,5.49,4.69,-0.008619281784964405,-0.008656642631565296,0.14676149839758698,0.15321476191480743,0.05709068945007216,-0.02077345009286191,17.610000610351562,0.0051369948765045415,-0.4935269802961167,-0.9299999999999997,0.14000000000000057
2023-10-03,133.59544372558594,134.41923041723004,133.25843553401722,134.054139400051,9431100,19.780000686645508,5.62,5.49,4.81,-0.00737295590432252,-0.007400270485993556,0.14396644450975402,0.15347823445136435,0.07733026887849634,-0.017148493764811756,19.780000686645508,0.1232254401523627,-0.4870403405931061,-0.8100000000000005,0.25
2023-10-04,134.194580078125,134.30691139083365,132.8652595512566,134.0447954716826,8128700,18.57999992370605,5.61,5.42,4.73,0.004484706482728029,0.0044746801521998985,0.14515962506870125,0.15025719795677162,-0.06878303241508446,-0.011106612119548664,18.57999992370605,-0.06066737721347193,-0.49939978486003445,-0.8799999999999999,0.1200000000000001
2023-10-05,134.7603759765625,134.9489954403181,132.8082911555661,133.94936120720567,8576200,18.489999771118164,5.61,5.39,4.72,0.004216235097632914,0.004207371683192559,0.14285712900304676,0.15015210496663225,-0.018656084510781257,0.0016310027758008605,18.489999771118164,-0.004843926423974687,-0.5287579689674227,-0.8900000000000006,0.1299999999999999
2023-10-06,136.83509826660156,137.57066825366812,134.04369376953446,134.76983853766583,10270600,17.450000762939453,5.63,5.43,4.78,0.015395640409907374,0.015278330051295233,0.15272631080787202,0.15322270197950066,0.15434046558676015,0.01627398296672622,17.450000762939453,-0.05624656684978524,-0.5745384696696119,-0.8499999999999996,0.1900000000000004
2023-10-09,136.5238800048828,137.11798531189535,135.32621539355333,135.47710521963256,6964900,17.700000762939453,5.62,5.4,4.720000000000001,-0.0022744037579626175,-0.0022769941426555276,0.1524917887934387,0.15270112109328318,-0.21768275766013584,0.009540460414039886,17.700000762939453,0.01432664693808805,-0.5711786908051788,-0.8999999999999995,0.03000000000000025
2023-10-10,137.35372924804688,138.40994351775856,137.00480915687686,137.13683414188532,11288800,17.030000686645508,5.61,5.37,4.66,0.006078418245470285,0.006060019181778805,0.1468967536745264,0.14478183751259188,0.24749286952754887,0.0026287553827333277,17.030000686645508,-0.03785311002340763,-0.6302967458839736,-0.9500000000000002,-0.14999999999999947
2023-10-11,137.8252716064453,138.8437563954765,136.75964633550754,138.16476653612236,8698200,16.09000015258789,5.61,5.38,4.58,0.003433051006186183,0.0034271715390783,0.14736136050270585,0.14494027364574166,-0.040760139857440696,0.0055898779678762445,16.09000015258789,-0.05519674081955506,-0.6439675874692398,-1.0300000000000002,-0.15000000000000036
2023-10-12,137.50462341308594,138.58912775754237,136.86336329119763,137.96671807007812,10484400,16.690000534057617,5.63,5.43,4.7,-0.0023264833047089706,-0.002329193771712709,0.12939646961882756,0.144664835275672,0.1533638127758441,-0.015840039193831146,16.690000534057617,0.03729026574143468,-0.6330921129135252,-0.9299999999999997,-0.019999999999999574
2023-10-13,139.5698699951172,144.38880324418298,139.41898019566213,140.04138982618178,29427000,19.31999969482422,5.62,5.41,4.63,0.015019470115029687,0.014907794689110762,0.14050672804499015,0.1457911754545306,2.075416524707215,0.0018953842945328425,19.31999969482422,0.15757933352966802,-0.3370428544740311,-0.9900000000000002,-0.15000000000000036
2023-10-16,139.42843627929688,141.00331097441395,138.36279673046786,140.93729128323395,12663500,17.209999084472656,5.61,5.42,4.71,-0.001013354213379003,-0.001013868003890403,0.1403557909557512,0.14507304927962664,0.28224795122324137,-0.0012007344975447642,17.209999084472656,-0.10921328383441054,-0.3020609057911877,-0.9000000000000004,-0.010000000000000675
2023-10-17,139.12667846679688,140.80528837588392,138.4288237446185,139.16440812185908,11482700,17.8799991607666,5.62,5.48,4.83,-0.0021642487038693314,-0.0021665940746836143,0.14049376552309417,0.13888128215367013,0.14221852624793843,-0.0020908600391160714,17.8799991607666,0.03893086065869911,-0.30564727802302927,-0.79,0.16999999999999993
2023-10-18,137.5989532470703,139.07951838576773,137.08970365032715,138.24021346264712,9620300,19.21999931335449,5.61,5.47,4.91,-0.010980821482711955,-0.011041555720054665,0.14514672532360606,0.1397745534409902,-0.053808768125955565,-0.008855980028706578,19.21999931335449,0.07494408364001481,-0.3267168956176749,-0.7000000000000002,0.33000000000000007
2023-10-19,137.01425170898438,138.64572098900047,136.62761631159904,137.1934315805182,11143600,21.39999961853028,5.6,5.44,4.98,-0.004249316759234789,-0.004258370763686678,0.14326202503093569,0.13914030247560574,0.07960168398331517,-0.005286863730519564,21.39999961853028,0.11342353709976871,-0.293005628981631,-0.6199999999999992,0.28000000000000025
2023-10-20,134.8075408935547,136.87280042471613,134.02481610747344,136.33527520394097,13332900,21.709999084472656,5.58,5.41,4.93,-0.016105702785697784,-0.016236809230170103,0.1507168142496242,0.14108110190324236,0.2536794729485572,-0.011838369932898107,21.709999084472656,0.014485956610669648,-0.3046440969214648,-0.6500000000000004,0.2999999999999998
2023-10-23,132.9686279296875,135.49596799323533,132.71400312369968,134.79812766595725,10133400,20.3700008392334,5.58,5.42,4.86,-0.013641024468499241,-0.013734918090669016,0.1561080569203722,0.14255867163578695,-0.060804767620221606,-0.03010954439623814,20.3700008392334,-0.06172263020488311,-0.20628747663762415,-0.7199999999999998,0.15000000000000036
2023-10-24,133.12893676757812,133.6570367926189,132.36507677495513,133.1478015940857,8881400,18.96999931335449,5.58,5.41,4.83,0.0012056139887026696,0.0012048878197521544,0.15273297137084388,0.14163194918263222,-0.1821990589405254,-0.018755988158137837,18.96999931335449,-0.06872859441333223,-0.15259322304080727,-0.75,0.0
2023-10-25,132.4027862548828,133.13835617043748,131.5634813825373,132.5631156887243,8242600,20.190000534057617,5.59,5.43,4.95,-0.005454490438566717,-0.0054694204868252164,0.15133216739271763,0.14168606222315716,-0.24631092303275137,-0.02979833189003822,20.190000534057617,0.06431213836914962,-0.1488456621435559,-0.6399999999999997,0.040000000000000036
2023-10-26,132.7422637939453,133.60043337964612,131.48801925860812,131.79922408824612,9109400,20.68000030517578,5.59,5.39,4.86,0.0025639757943536345,0.0025606944161360424,0.1432237669805162,0.14051569884138262,-0.16797012898225816,-0.03923972751833549,20.68000030517578,0.024269428338627552,-0.0876577594159524,-0.7299999999999995,-0.1200000000000001
2023-10-27,127.9610595703125,131.17682841025032,127.4895397189308,131.0353638210495,17434700,21.270000457763672,5.59,5.39,4.84,-0.03601870336530222,-0.036683386391035765,0.18168855302157058,0.15698883318665668,0.5533064570015814,-0.05743186854847837,21.270000457763672,0.02852998761514658,-0.10769905750510525,-0.75,-0.08999999999999986
2023-10-30,129.592529296875,130.17720937589277,128.29112975104002,128.6683543097979,9855500,19.75,5.6,5.41,4.88,0.012749735990315259,0.01266914241468989,0.18845958880811756,0.15993505718608242,-0.1246165673120608,-0.03711499654832018,19.75,-0.07146217325109949,-0.1771801042791356,-0.7199999999999998,0.019999999999999574
2023-10-31,131.13909912109375,131.3088537506683,129.63966944313077,129.86600415268222,9672500,18.13999938964844,5.59,5.44,4.88,0.011934097070332106,0.011863447272774835,0.19333282623337708,0.16187200167808585,-0.14179102822263126,-0.018386439956273426,18.13999938964844,-0.08151901824564856,-0.203603451216553,-0.71,0.04999999999999982
2023-11-01,131.02593994140625,132.52536963058716,130.5827101254128,131.3182799499032,9432000,16.8700008392334,5.57,5.37,4.77,-0.0008628942889337132,-0.0008632667965158434,0.19228005869923556,0.16169436833487513,-0.16794066196001492,-0.02361228102412216,16.8700008392334,-0.07001094780299522,-0.18435796132592241,-0.8000000000000007,-0.1800000000000006
2023-11-02,133.3646697998047,133.42124987825363,131.29941059855653,132.1104252988265,10186200,15.65999984741211,5.54,5.38,4.67,0.017849365243586934,0.017691935906011782,0.20296563325023334,0.16465928510693098,-0.10774397502503015,-0.010356947779669001,15.65999984741211,-0.07172501076628712,-0.24166081636199704,-0.8700000000000001,-0.1900000000000004
2023-11-03,134.8546905517578,135.58083522229103,133.77020054443747,134.0908306209058,9538700,14.90999984741211,5.53,5.29,4.57,0.011172529832599754,0.011110578132238914,0.1991664270916237,0.16660243408419217,-0.16177452088753286,-0.01447295131096582,14.90999984741211,-0.047892720773170416,-0.22924560005634567,-0.96,-0.2699999999999996
2023-11-06,135.87318420410156,135.9769191638664,134.65665473143704,135.01501448146942,7625100,14.890000343322754,5.56,5.33,4.67,0.007552526709872609,0.0075241491718642806,0.20118443027256874,0.16694667323377146,-0.33187267281160504,-0.004766168385765046,14.890000343322754,-0.0013413483765277734,-0.22320879059362556,-0.8899999999999997,-0.20999999999999996
2023-11-07,135.80712890625,136.04288880849035,134.6849238588857,135.33560910176934,6297900,14.8100004196167,5.55,5.33,4.58,-0.0004861540431136957,-0.00048627225430463176,0.19980324656884943,0.1668257111659194,-0.4358287572448513,-0.011259980710126016,14.8100004196167,-0.005372728130387805,-0.21380144599383827,-0.9699999999999998,-0.2999999999999998
2023-11-08,136.47671508789062,136.58987525429612,135.4393655970245,135.90146025925483,7618200,14.449999809265137,5.54,5.34,4.49,0.0049304199789308445,0.004918305262455225,0.20026808994066436,0.15909014026294394,-0.3142378770557471,-0.009784537355423728,14.449999809265137,-0.02430794059092134,-0.21048705187254202,-1.0499999999999998,-0.27999999999999936
2023-11-09,136.07118225097656,137.35371672684704,135.51479232127906,137.15568646220893,7992500,15.289999961853027,5.54,5.39,4.62,-0.002971443419142239,-0.002975866922104623,0.20035992162977279,0.15898533089749833,-0.27238414475663675,-0.010424676105639685,15.289999961853027,0.058131499216304006,-0.2127211362165435,-0.9199999999999999,-0.04999999999999982
2023-11-10,138.08929443359375,138.13644929586334,135.87315980335984,136.68417450960823,7983300,14.170000076293944,5.53,5.38,4.61,0.014831297481452621,0.014722389301562083,0.20017151651719722,0.1606507161315169,-0.19460832580061985,-0.010608131694722078,14.170000076293944,-0.07325048321473959,-0.47947851710057904,-0.9199999999999999,0.040000000000000036
2023-11-13,137.47633361816406,137.91956345188186,136.89165357778936,137.40088871139884,6676300,14.760000228881836,5.55,5.37,4.63,-0.004438872817359885,-0.004448753864620871,0.2006516601997011,0.16081172739647479,-0.30548967227576107,-0.014000749870151652,14.760000228881836,0.04163727236494141,-0.520105766150046,-0.9199999999999999,-0.040000000000000036
2023-11-14,139.9848175048828,140.7486773711874,138.17418298003085,138.32505839820212,9927700,14.15999984741211,5.52,5.24,4.44,0.01824665977553619,0.018082187183072963,0.21128697623927536,0.1649896615278335,0.04116217681624212,0.0061680408642166284,14.15999984741211,-0.04065043171853533,-0.531147375991812,-1.0799999999999992,-0.13999999999999968
2023-11-15,141.21078491210938,141.60685990157586,140.00369511859856,140.00369511859856,8365300,14.18000030517578,5.53,5.27,4.53,0.008757859809931157,0.008719732204808057,0.20883847429024277,0.16001946502014752,-0.11688199263971555,0.026248976317092554,14.18000030517578,0.0014124617216946245,-0.4884470958169267,-1.0,0.040000000000000036
2023-11-16,142.8233642578125,142.8988091629842,141.5408296491821,141.5408296491821,8126200,14.31999969482422,5.51,5.23,4.45,0.01141966137152206,0.011354949233073645,0.21067715216238636,0.16106397595015193,-0.12823885195551402,0.04239787085190638,14.31999969482422,0.00987301739319002,-0.48035539985469594,-1.0599999999999996,-0.16999999999999993
2023-11-17,144.1153564453125,144.15307170777956,142.90825220167514,143.53066195472735,7812400,13.800000190734863,5.5,5.24,4.44,0.009046084260890375,0.009005413530554698,0.200377466637139,0.1619504296347098,-0.1363281342845914,0.06904521431117372,13.800000190734863,-0.03631281530524788,-0.4622252002176881,-1.0599999999999996,-0.16999999999999993
2023-11-20,144.55853271484375,144.99233725857215,143.26657307859108,143.41746286681334,7019000,13.40999984741211,5.54,5.25,4.42,0.003075149522316245,0.0030704309211517654,0.18999645342741675,0.16196676041332098,-0.21044742624871413,0.08716270119960079,13.40999984741211,-0.028260894053073637,-0.5649701531093991,-1.12,-0.20999999999999996
2023-11-21,144.2567901611328,144.87919984297054,143.87958002103724,144.47368527220556,7083500,13.350000381469728,5.53,5.24,4.41,-0.0020873382431609855,-0.002089519769883074,0.19103734377378873,0.16197886853833743,-0.1950522446150262,0.08358703722679128,13.350000381469728,-0.004474233156233742,-0.6014418174577285,-1.12,-0.03000000000000025
2023-11-22,144.59629821777344,145.11497299989654,144.19078361006055,144.6717431305955,5174500,12.850000381469728,5.54,5.26,4.42,0.002353497927282344,0.002350732788684302,0.1878792438460638,0.16128764059394093,-0.40155287458747974,0.09209407375625345,12.850000381469728,-0.03745318245039286,-0.5792283759052999,-1.12,-0.11000000000000032
2023-11-24,144.79432678222656,145.6430712490366,144.54914161073685,144.84148165087916,3496900,12.460000038146973,5.54,5.27,4.47,0.001369527207085719,0.001368590260052322,0.188081983315173,0.1609996630859513,-0.5820065216975538,0.09079295955800148,12.460000038146973,-0.030350220369265823,-0.5862785564164704,-1.0700000000000003,0.019999999999999574
2023-11-27,144.46426391601562,144.78489398263042,144.01160885787445,144.69058425026378,6259100,12.6899995803833,5.49,5.24,4.39,-0.0022795289949955055,-0.002282131076313645,0.11334040577296323,0.1587889345193107,-0.19828515948221756,0.12897051963402095,12.6899995803833,0.018459032225695893,-0.628543686191899,-1.1000000000000005,-0.05000000000000071
2023-11-28,144.79432678222656,145.10553164775902,144.02104161697716,144.492561524212,6582700,12.6899995803833,5.47,5.21,4.34,0.0022847371195053867,0.002282131076313671,0.11129201669390221,0.15873371922265728,-0.13878458821220646,0.1173045820452101,12.6899995803833,0.0,-0.611374937686266,-1.13,-0.08000000000000007
2023-11-29,145.52987670898438,146.7652562718604,145.22809713258968,145.38841213643354,9126100,12.979999542236328,5.45,5.12,4.27,0.005079963718910729,0.005067104235304996,0.10876112022674662,0.15697693138143118,0.19825161695233043,0.1097367427741911,12.979999542236328,0.02285263762351275,-0.5698789101207801,-1.1800000000000006,-0.14000000000000057
2023-11-30,147.1896209716797,147.2367758291202,145.58645654619724,146.08626637785397,9869800,12.920000076293944,5.45,5.16,4.37,0.011404835214794407,0.011340290366965449,0.10835450258678275,0.15824361956127658,0.2921850676938022,0.12336245050027284,12.920000076293944,-0.004622455166284789,-0.6761708179015907,-1.08,-0.04999999999999982
2023-12-01,147.9063720703125,148.86827678185622,146.94448174841548,146.94448174841548,8916000,12.630000114440918,5.43,5.05,4.22,0.00486957635940044,0.0048577583227996934,0.09885921927913895,0.1570290480448473,0.17709807566380092,0.109037140738522,12.630000114440918,-0.022445817348339392,-0.6078805888134118,-1.21,-0.25
2023-12-04,148.99085998535156,149.04744006979425,147.0010454744615,147.1330704680428,9607500,13.079999923706056,5.46,5.1,4.28,0.00733225959002981,0.007305509255360912,0.09672864734107275,0.1574558303610791,0.2678147268408551,0.10482519648189936,13.079999923706056,0.0356294382571396,-0.5246005559230689,-1.1799999999999997,-0.10999999999999943
2023-12-05,148.97201538085938,149.47182538080324,148.02897547309405,148.3024507149013,9135600,12.850000381469728,5.45,5.06,4.18,-0.00012648161433559402,-0.00012648961380950783,0.09786983219160278,0.1573982288401555,0.19364606504845808,0.09640482964674946,12.850000381469728,-0.01758406296467019,-0.506187733935715,-1.2700000000000005,-0.16000000000000014
2023-12-06,147.40655517578125,150.15080456532945,147.11421512755064,149.79244482122945,9366000,12.970000267028809,5.45,5.07,4.12,-0.010508417980893192,-0.010564021283327217,0.11053665120601772,0.15754722820149647,0.19970334049363833,0.08541102637946585,12.970000267028809,0.009338512217643702,-0.5001206237980487,-1.33,-0.14999999999999947
2023-12-07,147.8592071533203,148.34959188917583,147.25566224366952,147.7649118050395,8130900,13.0600004196167,5.44,5.05,4.14,0.0030707723750771354,0.0030660671835080183,0.11054986191308322,0.15758437650612042,0.038089055117959444,0.08340244750248704,13.0600004196167,0.00693910182998847,-0.5018693882791899,-1.3000000000000007,-0.23000000000000043
2023-12-08,149.4906768798828,149.73586205376884,148.038387493204,148.30243749266455,7369400,12.350000381469728,5.44,5.13,4.23,0.011033940719503255,0.010973510908558595,0.10995374006971012,0.15445000840708273,-0.05537588717936886,0.0986211364295686,12.350000381469728,-0.05436447284339441,-0.49156079274562253,-1.21,0.010000000000000675
2023-12-11,150.0376434326172,150.22624852159782,149.14174407807883,149.4906786018212,8093900,12.630000114440918,5.47,5.14,4.23,0.003658867323036219,0.0036521899507819676,0.10340056138413131,0.1542979521816046,0.03675703924969322,0.08652625135085557,12.630000114440918,0.022672042455262442,-0.38793532526046326,-1.2399999999999993,-0.04999999999999982
2023-12-12,151.37673950195312,151.4993248802861,149.83015494063707,150.16021020801867,10223000,12.06999969482422,5.46,5.14,4.2,0.00892506732776921,0.008885474320154225,0.09945241282066647,0.15508508823012862,0.28039177007304983,0.10111126415690563,12.06999969482422,-0.044338908514846564,-0.3303335708421973,-1.2599999999999998,0.020000000000000462
2023-12-13,151.885986328125,152.80073607591623,150.66947133004385,151.376751172791,12379100,12.1899995803833,5.44,4.94,4.04,0.0033641022250008312,0.0033584562918980198,0.08626115298862767,0.15504077615077436,0.5269935468113675,0.08501756858615805,12.1899995803833,0.009941995740939236,-0.23072522608666599,-1.4000000000000004,-0.08000000000000007
2023-12-14,154.64910888671875,155.45068411871856,152.49897919789595,152.61213937426157,13643000,12.479999542236328,5.43,4.9,3.92,0.01819208358448865,0.018028587543762863,0.09837973064076383,0.15824761127035486,0.6298459035233486,0.09516499736881623,12.479999542236328,0.023789989486111995,-0.07061151501634173,-1.5099999999999998,-0.21999999999999975
2023-12-15,155.81846618652344,155.8656210556817,153.14023653822656,153.79093631953123,20309300,12.279999732971191,5.44,4.95,3.91,0.0075613581495723725,0.007532914373440405,0.0957717796365125,0.15737860376038557,1.2616436624745195,0.09098722744867782,12.279999732971191,-0.016025626330215204,-0.12110751288140177,-1.5300000000000002,-0.3200000000000003
2023-12-18,156.76150512695312,157.61024959807705,156.19568986918287,156.46916508532496,8469600,12.5600004196167,5.46,4.95,3.95,0.006052164185089692,0.006033923399913228,0.09442914584837372,0.15567631480171112,-0.06026410377748399,0.08775018147659686,12.5600004196167,0.022801359343169958,-0.0571763784889736,-1.5099999999999998,-0.28000000000000025
2023-12-19,158.85507202148438,158.87393684903017,156.12026200288022,156.54462708995365,10345700,12.529999732971191,5.43,4.93,3.93,0.013355108403914517,0.013266715075639505,0.09959814384956578,0.15720433442235032,0.12709552591327236,0.09889792762937066,12.529999732971191,-0.0023885896212750835,-0.06305039060150203,-1.4999999999999996,-0.27
2023-12-20,157.0632781982422,159.76037254396363,156.9689684644074,158.42125778345093,10734700,13.670000076293944,5.44,4.88,3.86,-0.01127942470102472,-0.011343519838443368,0.11255772879813764,0.15753384547605584,0.14666874607440578,0.08877563422009249,13.670000076293944,0.09098167339325469,-0.3747434962642317,-1.5800000000000005,-0.18000000000000016
2023-12-21,157.9591827392578,158.51557282494355,156.2428432197769,157.33677295375506,7601700,13.649999618530272,5.42,4.84,3.89,0.00570409933685978,0.005687892563062654,0.11243308159230486,0.15751941161923372,-0.19838658652325214,0.0924151218681879,13.649999618530272,-0.0014630912693524012,-0.4108144990375657,-1.5299999999999998,-0.029999999999999805
2023-12-22,157.86485290527344,158.64757764689784,157.70453786994963,157.95916263882626,6576300,13.029999732971191,5.44,4.82,3.9,-0.0005971785390919138,-0.0005973569212165428,0.11335343659235021,0.15627206349059758,-0.317596713489821,0.09026960111983673,13.029999732971191,-0.045421238306659895,-0.3629384255408473,-1.5400000000000005,-0.010000000000000231
2023-12-26,158.79849243164062,159.15685220791008,157.65740779068372,157.92147220821988,4683600,12.989999771118164,5.45,4.83,3.89,0.005914169678588488,0.005896749626778973,0.1107213923701947,0.15088721877458722,-0.509991164649811,0.09922335203921584,12.989999771118164,-0.003069835968746104,-0.34963207817240544,-1.56,-0.06000000000000005
2023-12-27,159.7509002685547,159.81691994666738,158.03457570297246,158.27976081530073,6428600,12.43000030517578,5.44,4.79,3.79,0.00599758739727374,0.005979673461226159,0.11041458364761374,0.1491901099591142,-0.3268827044476252,0.10329530043551438,12.43000030517578,-0.0431100443271355,-0.3463970878325866,-1.6500000000000004,-0.14000000000000012
2023-12-28,160.59970092773438,160.9391958738307,159.37374615629497,159.70381588348346,6320100,12.470000267028809,5.45,4.82,3.84,0.0053132762178664805,0.0052992105669105805,0.11042189611120035,0.14772387177803487,-0.3283770040774947,0.1035514119817822,12.470000267028809,0.0032180177691849554,-0.35115170027956155,-1.6100000000000003,-0.020000000000000018
2023-12-29,160.4110870361328,160.96747710381322,159.96785714773753,160.3167772936309,6435100,12.449999809265137,5.4,4.79,3.88,-0.0011744348869393573,-0.0011751250760322076,0.10971491299989682,0.1479477354173098,-0.30344413649251956,0.08982607589564373,12.449999809265137,-0.001603885913022296,-0.34828644260111513,-1.5200000000000005,-0.010000000000000231
2024-01-02,162.27828979492188,162.3631599230326,159.2888553688662,159.45859562508764,9977400,13.199999809265137,5.46,4.8,3.95,0.01164011037696211,0.011572885459566905,0.11271523340243751,0.1489764370707983,0.07381726896284517,0.09716902337228017,13.199999809265137,0.06024096477831753,-0.22773940176011834,-1.5099999999999998,0.050000000000000266
2024-01-03,161.57098388671875,162.2405339755657,160.6656594972967,162.07079374672327,9852300,14.039999961853027,5.48,4.81,3.91,-0.004358598485952658,-0.004368124867526078,0.11659906408459204,0.14754908515378393,0.05895838942621616,0.0844355412312141,14.039999961853027,0.06363637611557316,-0.3271623758659563,-1.5700000000000003,0.020000000000000018
2024-01-04,162.64321899414062,164.4839997839759,161.81770540051127,161.91259668017605,11972500,14.130000114440918,5.48,4.85,3.99,0.006636309822645181,0.006614386458653784,0.11584707461411417,0.14737528322767424,0.2675200437028418,0.09177028033305223,14.130000114440918,0.006410267295756666,-0.35064941593212706,-1.4900000000000002,0.20000000000000018
2024-01-05,163.4592742919922,164.51250404605182,162.70018730628055,162.70018730628055,10066000,13.350000381469728,5.47,4.84,4.05,0.005017456632366413,0.005004911143635299,0.10148330792182535,0.14729503474743497,0.06174602689067476,0.10890098542136184,13.350000381469728,-0.055201679168708995,-0.3609022712251248,-1.42,0.20999999999999996
2024-01-08,163.22201538085938,163.54462255510825,160.8214137681895,163.22201538085938,11229900,13.079999923706056,5.49,4.82,4.01,-0.0014514863849756088,-0.001452540811786111,0.10396213098909193,0.1475596969208004,0.1654641764464131,0.10390160020003925,13.079999923706056,-0.020224752812624813,-0.3189945994757512,-1.4800000000000004,0.1299999999999999
2024-01-09,161.9315643310547,163.0037604143166,161.4002079573363,162.84245683503605,9923600,12.760000228881836,5.47,4.82,4.02,-0.007906109030657249,-0.007937528021538848,0.11085509813626293,0.14883748970470467,0.016421752138371673,0.08322182834965863,12.760000228881836,-0.024464808615499822,-0.1770414831771271,-1.4500000000000002,0.0699999999999994
2024-01-10,162.273193359375,162.3301223453623,160.3090564725397,161.3053571624542,9670200,12.6899995803833,5.46,4.82,4.04,0.002109712394440244,0.0021074900763324226,0.11105424715804316,0.14665831496985918,-0.017464287292783997,0.08154986739879622,12.6899995803833,-0.00548594414129322,-0.17396859315465274,-1.42,0.1299999999999999
2024-01-11,161.58999633789062,161.6469253167498,160.01489369036094,161.6184608273202,11919500,12.4399995803833,5.46,4.75,3.98,-0.0042101656308158875,-0.0042190533327052275,0.1130073828577902,0.14713376523273142,0.20072610711691755,0.06746912946824124,12.4399995803833,-0.019700552266877946,-0.09439842310203128,-1.48,-0.010000000000000231
2024-01-12,160.40390014648438,167.29258049499637,160.261563245395,164.9109602585302,19436500,12.699999809265137,5.45,4.65,3.96,-0.007340158538812536,-0.007367230056671656,0.11913627895593283,0.14821408367149505,0.8907505802653364,0.05608097247337751,12.699999809265137,0.020900340647264315,-0.12574182477077056,-1.4900000000000002,-0.08999999999999986
2024-01-16,159.39813232421875,159.49300912270533,155.8968555922771,156.43769533094127,17206400,13.84000015258789,5.45,4.7,4.07,-0.006270220495556145,-0.006289960889096182,0.10851276656160737,0.14668944270078124,0.6452937717239038,0.030708378934007907,13.84000015258789,0.08976380790896399,-0.31334380608103274,-1.38,0.0600000000000005
2024-01-17,158.54417419433594,160.42291746804034,157.9748698967347,158.78138793793093,11107500,14.789999961853027,5.47,4.8,4.1,-0.005357391064945816,-0.005371793346591326,0.10868477266714321,0.14692451905110862,0.11098775137879506,0.017492843271539327,14.789999961853027,0.06864160395890595,-0.3422814145719848,-1.37,0.08000000000000007
2024-01-18,158.85728454589844,158.9616591633274,156.788787827513,158.57262518214884,9382300,14.130000114440918,5.45,4.8,4.14,0.0019749092210648023,0.001972961651609438,0.10706814219197765,0.14168776566378224,-0.06583315867633727,0.013369222356266919,14.130000114440918,-0.04462473624843866,-0.35933469546469704,-1.3100000000000005,0.09999999999999964
2024-01-19,161.5994873046875,161.84619886256158,158.53468981159222,158.98065280488078,13115700,13.300000190734863,5.45,4.84,4.15,0.017262052329723332,0.017114755782017828,0.11373904830602866,0.14047067278318248,0.2881267374419257,0.017276220697768796,13.300000190734863,-0.058740263056175857,-0.46968769639968727,-1.2999999999999998,0.17000000000000037
2024-01-22,161.40969848632812,163.1840524158629,161.03016233915122,161.7418034738899,12837500,13.1899995803833,5.46,4.83,4.11,-0.0011744394832239324,-0.0011751296777211774,0.10463589241271812,0.14070317174330751,0.24791790911658104,0.027673052147809907,13.1899995803833,-0.00827072246421412,-0.3543189917012006,-1.3499999999999996,0.15000000000000036
2024-01-23,160.34698486328125,161.06810933054288,159.8251118048267,160.99219920582442,8360800,12.550000190734863,5.45,4.81,4.14,-0.006583951478831951,-0.006605721294253991,0.10697281688451792,0.14102148260346123,-0.19024434653838368,0.015116576843556828,12.550000190734863,-0.04852156254805884,-0.27412211942447956,-1.3100000000000005,0.0699999999999994
2024-01-24,161.77976989746094,162.26368071250425,160.2236483497231,160.69807582742826,9967100,13.140000343322754,5.44,4.83,4.18,0.00893552838178624,0.00889584278073011,0.11063169383556917,0.14149728997358346,-0.05026666018716239,0.024799167896711216,13.140000343322754,0.04701196363514493,-0.2114486281479173,-1.2600000000000007,0.08000000000000007
2024-01-25,164.09495544433594,164.1424010811721,162.16878131146788,163.49717227262667,8873500,13.449999809265137,5.44,4.76,4.14,0.014310723450419172,0.014209291610927984,0.11891246262531302,0.11626893225082686,-0.1710205177910385,0.03335335828188257,13.449999809265137,0.02359204397585213,-0.14834163381187782,-1.3000000000000007,0.0
2024-01-26,163.46871948242188,164.20882513921873,162.9942920368661,163.78184333389387,7443000,13.260000228881836,5.44,4.78,4.15,-0.003816302336767996,-0.003823602998805702,0.11925894998185364,0.11601729256218077,-0.30793981689182875,0.02327260258075059,13.260000228881836,-0.014126363054103419,-0.1027577194079956,-1.29,0.0
2024-01-29,163.89569091796875,164.00006552852224,162.5388354591491,163.4307613169015,6971200,13.600000381469728,5.42,4.76,4.08,0.0026119458016111707,0.002608540599356223,0.11839676787250761,0.11483831286921037,-0.35376457719190907,0.02052301449625671,13.600000381469728,0.02564103670581641,-0.09682479486509522,-1.3399999999999999,-0.03000000000000025
2024-01-30,167.25466918945312,167.71959885740603,163.99060578443397,163.99060578443397,10822100,13.3100004196167,5.42,4.8,4.06,0.020494610033192195,0.02028742156169489,0.1362884764261061,0.119328586044305,-0.016776069230245078,0.04266277524681805,13.3100004196167,-0.021323526008731553,-0.15386423094681403,-1.3600000000000003,-0.08000000000000007
2024-01-31,165.44235229492188,169.1808431739778,165.42337114167398,167.18824195590526,11521800,14.350000381469728,5.42,4.73,3.99,-0.010835672949006891,-0.010894806408317933,0.1388620661625707,0.11976971681950793,0.039501189555727775,0.019497756009128286,14.350000381469728,0.07813673396435394,-0.34025053162326485,-1.4299999999999997,-0.1899999999999995
2024-02-01,164.84454345703125,165.89777288401743,162.6621744802231,164.7591499982318,9354800,13.880000114440918,5.42,4.68,3.87,-0.0036133966278777407,-0.0036199407144826114,0.1385058568339541,0.11962474004442812,-0.1541079988914102,0.02026081349240072,13.880000114440918,-0.032752630978026054,-0.28515929100706877,-1.5499999999999998,-0.2699999999999996
2024-02-02,165.7934112548828,166.82767409091414,164.39859340512308,164.4365557087008,8607600,13.850000381469728,5.43,4.81,4.03,0.00575613713352241,0.005739633875896709,0.13806992943145047,0.11941429171548913,-0.2096484663731481,0.01936872794466571,13.850000381469728,-0.0021613640290951697,-0.29250493953069673,-1.3999999999999995,-0.1200000000000001
2024-02-05,165.57518005371094,166.13500096991308,164.07598757427212,164.9679134968324,7820200,13.670000076293944,5.42,4.87,4.17,-0.0013162839193674447,-0.0013171509819962194,0.13743520078233698,0.11953939531032755,-0.2744670902235549,0.012944543959855448,13.670000076293944,-0.01299641156809006,-0.2684173427050811,-1.25,0.08999999999999986
2024-02-06,166.14450073242188,166.8751085895703,164.87302414792433,165.6795566137463,6764800,13.0600004196167,5.44,4.82,4.09,0.003438442153747001,0.003432544227443455,0.1375411386497404,0.11949242310100688,-0.3591089977977898,0.017904970384927665,13.0600004196167,-0.04462323725477402,-0.28572945018937546,-1.3500000000000005,0.03000000000000025
2024-02-07,166.45761108398438,166.87510956386498,165.062807676568,166.7043226284831,7225500,12.829999923706056,5.43,4.83,4.09,0.0018845664477740165,0.0018827928803468305,0.133543417976568,0.11881921879963339,-0.3066005143756478,0.027950367623674532,12.829999923706056,-0.017611063439567087,-0.3307850775342441,-1.3399999999999999,0.09999999999999964
2024-02-08,165.85984802246094,166.34375883435635,164.69276048884402,166.04961611663302,6060300,12.789999961853027,5.44,4.83,4.15,-0.0035910827845645477,-0.0035975462007619597,0.1346610484124885,0.11725761344666126,-0.4081683374992248,0.022102570294175505,12.789999961853027,-0.003117689952524594,-0.3243324569268595,-1.29,0.28000000000000025
2024-02-09,166.05909729003906,166.14450523792445,164.78763514943896,166.04961395288615,6296700,12.93000030517578,5.44,4.86,4.17,0.001201311046366893,0.0012005900496216322,0.13319159495053734,0.11628119050084358,-0.3677228049863613,0.027657039751417534,12.93000030517578,0.010946078478523136,-0.34718392011034827,-1.2700000000000005,0.13999999999999968
2024-02-12,166.79917907714844,167.76701502799656,164.8160760181081,165.84084094046935,8539300,13.93000030517578,5.43,4.87,4.17,0.004456737385587273,0.004446835540573282,0.12946954084814097,0.11208347859288106,-0.09290565392363742,0.039869846835542955,13.93000030517578,0.07733951866959421,-0.2841153774451013,-1.2599999999999998,0.0
2024-02-13,165.34744262695312,167.21668785869485,163.79132123629455,166.35324093999716,8397600,15.850000381469728,5.45,4.99,4.31,-0.008703498771560847,-0.008741595427533498,0.13181150621222235,0.11392244497714263,-0.06417420695350123,0.03732358852632833,15.850000381469728,0.13783201968635717,-0.33642671038747385,-1.1400000000000006,0.21999999999999975
2024-02-14,167.02691650390625,167.09334329239704,165.49925963075256,166.11602396443158,7056700,14.380000114440918,5.43,4.94,4.27,0.010157241323303978,0.010106003214116109,0.13204174538972893,0.11354200944738008,-0.195444038114566,0.05350396728657203,14.380000114440918,-0.09274449411038443,-0.35152889843775825,-1.1600000000000001,0.17999999999999972
2024-02-15,170.67051696777344,170.99313861983137,167.1407757730594,167.1407757730594,8723400,14.010000228881836,5.43,4.93,4.24,0.02181445086895306,0.0215799203756761,0.14815393337150592,0.11934383555362502,-0.0016685778635336772,0.07436380683230048,14.010000228881836,-0.02573017264356725,-0.3737012010456698,-1.1899999999999995,0.08999999999999986
2024-02-16,169.87347412109375,170.7748832877289,169.04797507605818,170.42381164390923,8152600,14.239999771118164,5.44,4.98,4.3,-0.004670067571367231,-0.004681006406949061,0.14182289085027439,0.12032720948467247,-0.039721077878519286,0.05120057590780647,14.239999771118164,0.016416812168366768,-0.31701333801727355,-1.1400000000000006,0.1299999999999999
2024-02-20,170.53768920898438,171.2303637188881,169.28520825442058,170.02531392720303,9668000,15.420000076293944,5.44,4.97,4.27,0.003910057713996773,0.003902433306453307,0.14122334506646686,0.11993671690589773,0.1604361838117472,0.05655168684569101,15.420000076293944,0.082865191302115,-0.2982815414454477,-1.1700000000000008,0.09999999999999964
2024-02-21,171.64784240722656,171.73325035019496,169.38957763277347,170.7464331647667,7024000,15.34000015258789,5.44,4.98,4.32,0.006509723471635365,0.006488626728278429,0.13731209167428726,0.1201716479190502,-0.1501008529241298,0.07047751819955272,15.34000015258789,-0.005188062471480848,-0.38756911862306664,-1.12,0.010000000000000675
2024-02-22,173.7068634033203,174.03895391200567,171.97045729976963,172.52079484720994,9296500,14.539999961853027,5.45,5.02,4.33,0.011995612454066329,0.011924235336178106,0.1393242214411416,0.12155190862457697,0.12945238598562991,0.07372425806649985,14.539999961853027,-0.05215125050698921,-0.45420377030041253,-1.12,0.0600000000000005
2024-02-23,174.57981872558594,175.72792504973566,173.82073190790015,174.40901731437765,7105800,13.75,5.46,5.0,4.26,0.005025450953188626,0.005012865521914575,0.13370936304093198,0.12110771739545281,-0.12732980088043186,0.06389509813302374,13.75,-0.054332872347019445,-0.4950111021776292,-1.2000000000000002,0.019999999999999574
2024-02-26,173.98204040527344,175.02578661879247,173.1470434344582,174.3520932485434,7145400,13.739999771118164,5.47,5.03,4.28,-0.003424097496928402,-0.003429973135102095,0.13344619108895528,0.12184723844850699,-0.12085992188456411,0.06431396144864321,13.739999771118164,-0.0007272893732244157,-0.5078489814999148,-1.1899999999999995,-0.019999999999999574
2024-02-27,174.06741333007812,174.15280678882112,172.91930710908773,173.9345742347972,5717100,13.43000030517578,5.45,5.03,4.31,0.0004906996412148423,0.0004905792875159665,0.13376451589480018,0.12188631945575973,-0.29112301162676796,0.06206217109881429,13.43000030517578,-0.022561824680231157,-0.4979146937433924,-1.1400000000000006,0.040000000000000036
2024-02-28,174.94985961914062,175.72791305734785,173.60248748692752,174.04843594056865,6131600,13.84000015258789,5.45,5.0,4.27,0.005069566279985782,0.005056759294523356,0.11762546111245738,0.12072111260077167,-0.21695782572854683,0.046008822755022605,13.84000015258789,0.030528655107632474,-0.5035745176434324,-1.1800000000000006,-0.05000000000000071
2024-02-29,176.5439453125,176.89501700223315,174.44698403277337,176.1644091332413,9643000,13.399999618530272,5.45,5.01,4.25,0.009111671748863515,0.00907041091522487,0.10907418681315681,0.12132315176121403,0.24642201396101232,0.0671024853284734,13.399999618530272,-0.03179194575191857,-0.4446897685788699,-1.2000000000000002,-0.08000000000000007
2024-03-01,175.8133087158203,176.90450047991027,175.63303845622815,176.20234267897524,6311800,13.109999656677246,5.42,4.94,4.19,-0.004138553692036195,-0.0041471412068172005,0.1095295266093389,0.12183622284626072,-0.167791234501895,0.06654005664220364,13.109999656677246,-0.021641788814083074,-0.45474999855392434,-1.2299999999999995,-0.0699999999999994
2024-03-04,177.13221740722656,177.99567880021087,174.84548820991387,175.26298666271404,7063600,13.489999771118164,5.48,4.98,4.22,0.007501756841048257,0.007473758600007697,0.1102291486080596,0.12206284255771163,-0.059089313651770066,0.06839117469458422,13.489999771118164,0.02898551673472971,-0.42982833075876237,-1.2600000000000007,-0.0600000000000005
2024-03-05,178.90660095214844,179.61824215364595,176.82860632723535,176.82860632723535,6617800,14.460000038146973,5.47,4.94,4.13,0.010017282970282926,0.00996744255852729,0.11122310495892529,0.11962821415711244,-0.1113558007674154,0.08051581700900412,14.460000038146973,0.07190513591449865,-0.3583781605596894,-1.3399999999999999,-0.17999999999999972
2024-03-06,179.83645629882812,180.3488460192698,178.0336378978686,179.570778102442,7572900,14.5,5.47,4.95,4.11,0.005197434536964973,0.005183974492404708,0.11130506011349568,0.11969470480498386,0.011408377718538146,0.08240992332606512,14.5,0.0027662490835065334,-0.37005408374020143,-1.3599999999999994,-0.15999999999999925
2024-03-07,178.26132202148438,180.75681443388729,177.08475149815234,180.1969936540197,7618300,14.4399995803833,5.47,4.93,4.09,-0.008758703934459211,-0.008797286837793603,0.12005982392506531,0.12110463721991398,0.014809940429885229,0.07091121193337657,14.4399995803833,-0.004137959973565475,-0.33288659737202647,-1.38,-0.16000000000000014
2024-03-08,178.5934600830078,180.7189001480093,178.3088007338345,178.80220930717653,6172200,14.739999771118164,5.46,4.92,4.09,0.0018632087867238578,0.0018614751662962504,0.11735783879058947,0.12111485882428799,-0.17843283020851983,0.07677332526448755,14.739999771118164,0.020775637081209553,-0.3537099410200949,-1.37,-0.10000000000000053
2024-03-11,178.6598663330078,178.80220324195415,176.69574439925185,177.70152818428755,5762600,15.220000267028809,5.48,4.95,4.1,0.00037182912503697096,0.00037176001371906127,0.11762837828306578,0.12057448003221623,-0.23021743225029087,0.07588123293817639,15.220000267028809,0.032564484624427736,-0.36077954710355636,-1.3800000000000008,-0.1200000000000001
2024-03-12,180.13058471679688,180.43422519054923,178.29930197399256,179.28610455693834,5708400,13.84000015258789,5.48,5.0,4.16,0.008231946065871076,0.008198248403108782,0.11871121887166845,0.12108364551769313,-0.22276163069740273,0.07992488760080985,13.84000015258789,-0.09067017675620026,-0.40463480890571074,-1.3200000000000003,0.03000000000000025
2024-03-13,181.59185791015625,181.92394844272968,180.1306132360268,180.62402184480607,7795500,13.75,5.48,5.01,4.19,0.008112299172607473,0.008079571353109436,0.10973399742124898,0.11741525392897424,0.06578019129493216,0.09824412779006675,13.75,-0.00650290112685159,-0.2357389933598694,-1.29,0.08000000000000007
2024-03-14,178.3562469482422,181.82905916695464,177.53074786350967,181.25974046676785,10310900,14.399999618530272,5.48,5.04,4.29,-0.01781803985680297,-0.017978692331250712,0.1339466880865135,0.12434455631907637,0.3790027377034052,0.06782936954997298,14.399999618530272,0.04727269952947433,-0.2874406372041536,-1.1900000000000004,0.20000000000000018
2024-03-15,180.56710815429688,181.17437477098684,176.94247512959424,176.94247512959424,17214200,14.40999984741211,5.48,5.05,4.31,0.012395759856374866,0.012319561470238036,0.1205292956222007,0.12581971550399723,1.1785686714479708,0.05798653078663918,14.40999984741211,0.0006944603574134955,-0.24084874803727202,-1.1700000000000008,0.21999999999999975
2024-03-18,182.806381225586,182.84432904958828,180.17804920335632,180.8802070135972,9013800,14.329999923706056,5.48,5.06,4.34,0.012401334297139188,0.012325067642466781,0.12160705880619448,0.12548530782062545,0.13457198348074872,0.07613258733540151,14.329999923706056,-0.005551694972461774,-0.23094191829281105,-1.1400000000000006,0.2400000000000002
2024-03-19,183.8785858154297,184.0114249231001,182.54071140188407,182.85383525818784,8478700,13.81999969482422,5.48,5.06,4.3,0.005865247058966627,0.005848113459986054,0.12185253556407635,0.12238574367051451,0.07526690808926337,0.07822843541697577,13.81999969482422,-0.03558968817844477,-0.26979606550169904,-1.1800000000000006,0.13999999999999968
2024-03-20,186.2886962890625,186.5069288762153,183.70780963606143,184.2581472510197,9367000,13.039999961853027,5.47,5.01,4.27,0.01310707531790567,0.013021920882843954,0.12592738486586272,0.12408036690623087,0.17053042510610938,0.08529588066187976,13.039999961853027,-0.05643992403728593,-0.32695453545083164,-1.2000000000000002,0.07999999999999918
2024-03-21,188.8790435791016,189.2301152395076,186.2886739000261,186.4689586375457,11203800,12.920000076293944,5.48,5.01,4.27,0.013905015933010079,0.013809228131543312,0.12764823415300597,0.12591973254212602,0.38357463582341694,0.0873435849253339,12.920000076293944,-0.009202445238506884,-0.2779834354896326,-1.2100000000000009,-0.020000000000000462
2024-03-22,186.5638427734375,190.2264232070592,186.4879326452657,188.83160536845347,8108800,13.0600004196167,5.46,4.98,4.22,-0.012257584334359972,-0.012333328114810947,0.14037532165444686,0.12961034749103667,-0.004795118233354239,0.06864495641783597,13.0600004196167,0.010835939821674856,-0.2916826771371515,-1.2400000000000002,-0.08999999999999986
2024-03-25,184.8559417724609,186.86750977989115,184.41946209318417,186.5449025482049,8620000,13.1899995803833,5.46,5.0,4.25,-0.009154512340586063,-0.009196672389060183,0.14545347998109087,0.13167818801843792,0.04845772112484188,0.06250013703631607,13.1899995803833,0.009953993613303291,-0.30228678140561066,-1.21,-0.08999999999999986
2024-03-26,185.7193603515625,186.60180291274617,184.13477445009167,184.6376663748181,5961500,13.239999771118164,5.46,5.0,4.24,0.0046707645468295755,0.004659890373425898,0.1452403345344108,0.13162525167350897,-0.27597397076933916,0.06693927828633361,13.239999771118164,0.003790765149775055,-0.3136974894724662,-1.2199999999999998,-0.05999999999999961
2024-03-27,189.3155059814453,189.39141609973532,186.3361026108392,186.44996054908697,8725800,12.779999732971191,5.45,4.99,4.2,0.01936333198151985,0.019178248080196397,0.1558462544222202,0.13579276401002902,0.04331544216377534,0.08211293449207768,12.779999732971191,-0.0347432058987206,-0.3747149474185429,-1.25,-0.0699999999999994
2024-03-28,190.05563354492188,190.45415085331143,188.38563970590693,189.28706341600085,8628300,13.010000228881836,5.46,5.03,4.2,0.003909492567128137,0.0039018703605764654,0.15466754610806546,0.1345711965668222,0.03795414177782563,0.07653441871656863,13.010000228881836,0.017996909289228258,-0.3577962517583853,-1.2599999999999998,-0.0699999999999994
2024-04-01,188.76519775390625,190.66290757030683,188.4141260709528,189.761498303192,7309000,13.649999618530272,5.44,5.06,4.33,-0.006789779218570824,-0.006812934642487429,0.15673415988787753,0.13520626455456097,-0.1259952730323085,0.07366842210461444,13.649999618530272,0.04919288073705452,-0.4377671733689609,-1.1100000000000003,0.11000000000000032
2024-04-02,188.6892852783203,189.5622300456081,187.9491796173942,188.2433223187396,7014700,14.609999656677246,5.42,5.05,4.36,-0.00040215292060830077,-0.00040223380578027665,0.1566150800119895,0.1350794415701274,-0.16094212944411684,0.06524543101339986,14.609999656677246,0.07032967508978882,-0.45736966885568664,-1.0599999999999996,0.11000000000000032
2024-04-03,188.15789794921875,189.3534497101128,187.5885793135315,188.86004119107545,9353400,14.329999923706056,5.42,5.03,4.36,-0.0028162029885150375,-0.0028201759490132814,0.15581919748914377,0.13540519203541448,0.10078980909710379,0.05171020492164358,14.329999923706056,-0.019164937683158745,-0.5501745420776039,-1.0599999999999996,0.1200000000000001
2024-04-04,186.726318359375,190.5725072606076,186.63088813761212,190.0666819404932,9243800,16.350000381469727,5.41,5.0,4.31,-0.0076083948930494305,-0.007637486383109207,0.15951551614843734,0.13673290078666267,0.07729879314052096,0.038311820652750406,16.350000381469727,0.14096304734949738,-0.5547616698499143,-1.1000000000000005,0.10999999999999943
2024-04-05,188.4442443847656,189.08368373972883,186.21097596961084,187.21308807266684,6532300,16.030000686645508,5.43,5.05,4.39,0.009200235084613206,0.009158170726289435,0.15627541226769534,0.1357820434952628,-0.23385878995828757,0.05712356582912559,16.030000686645508,-0.019571846321599473,-0.5955162423385214,-1.04,0.1899999999999995
2024-04-08,189.42727661132807,189.90447149416,188.6065008303441,188.6065008303441,8001000,15.1899995803833,5.43,5.07,4.42,0.005216568061136018,0.0052030089043685075,0.1564656253592929,0.13588933698806255,-0.0715593242957062,0.06066188830926311,15.1899995803833,-0.05240181349224815,-0.5883523838025391,-1.0099999999999998,0.08999999999999986
2024-04-09,188.15792846679688,189.80903317635733,186.02010480291608,189.0359798291268,7351500,14.979999542236328,5.43,5.03,4.36,-0.006700978693452209,-0.006723531056240403,0.16000020485067237,0.1365199218952968,-0.15472018323307027,0.05316281898524111,14.979999542236328,-0.013824887685854326,-0.5565841190808398,-1.0699999999999994,0.0
2024-04-10,186.55455017089844,188.0815794697576,185.3233793400209,186.63090309212447,7681400,15.800000190734863,5.45,5.19,4.55,-0.0085214495555066,-0.008557964696037043,0.16323287224654662,0.13691014129963786,-0.12669385397753694,0.035662824634702606,15.800000190734863,0.05473969783420429,-0.5835175510648598,-0.9000000000000004,0.1899999999999995
2024-04-11,186.516342163086,187.6043602268826,184.42624128812224,187.06035119498424,10137700,14.90999984741211,5.45,5.17,4.56,-0.0002048087692175793,-0.0002048297453976728,0.1616144478412502,0.13580169969536587,0.137421349776952,0.027118419898353396,14.90999984741211,-0.05632913497334324,-0.5432781140928249,-0.8900000000000006,0.25
2024-04-12,180.53233337402344,180.31284860479283,179.15801733834343,179.73068483719993,31532300,17.309999465942383,5.45,5.13,4.5,-0.032083026718539576,-0.03260896678758718,0.19055892720287448,0.1530262915253226,2.16146561793472,0.012200786140183384,17.309999465942383,0.16096577083110009,-0.7009305910790014,-0.9500000000000002,0.11000000000000032
2024-04-15,174.54832458496094,178.90989232756837,173.88979338856458,176.0848925222756,14766600,19.229999542236328,5.45,5.16,4.63,-0.0331464656619983,-0.03370825897377966,0.22069284834938874,0.16977246204537,0.4989082958350801,-0.03333266856216588,19.229999542236328,0.11091855202373435,-0.7504585669085377,-0.8200000000000003,0.20999999999999996
2024-04-16,172.55368041992188,174.80604095219934,171.4561234016168,174.5578902815886,16451800,18.39999961853028,5.45,5.18,4.67,-0.011427460961208946,-0.011493256121230555,0.21678420569036086,0.16870446079674306,0.6092187877501475,-0.05608502688433026,18.39999961853028,-0.04316172352906478,-0.6986557840885049,-0.7800000000000002,0.3099999999999996
2024-04-17,171.8665008544922,174.0997692825039,171.02663324895016,173.09765717367875,9017100,18.209999084472656,5.45,5.16,4.59,-0.0039824103650376586,-0.0039903612774130496,0.2143259459002563,0.16896458500064548,-0.12031639771755026,-0.06532617655105732,18.209999084472656,-0.010326116195474189,-0.6861084423835883,-0.8600000000000003,0.040000000000000036
2024-04-18,172.98313903808594,174.9969019564357,171.76152134535386,172.839986403325,9557700,18.0,5.46,5.18,4.64,0.006497125257348024,0.006476109916132003,0.20887290613304324,0.16856065218725358,-0.06844348277399688,-0.07142439405088996,18.0,-0.011532075509642303,-0.665521583972845,-0.8200000000000003,0.08000000000000007
2024-04-19,177.3256072998047,177.40196022253804,173.1358371435667,174.08067361637623,13402300,18.709999084472656,5.45,5.17,4.62,0.02510341924574888,0.024793504325750056,0.22416812510681738,0.17467279226197224,0.2924294951228803,-0.061168439125743324,18.709999084472656,0.039444393581814285,-0.5554280480147673,-0.8300000000000001,0.1200000000000001
2024-04-22,180.77096557617188,181.45812735942548,177.49740116944542,177.5069543871332,11529700,16.940000534057617,5.42,5.16,4.62,0.019429558589031837,0.01924321456879029,0.23479242391289873,0.17652840852365764,0.09380655058227978,-0.03105037455891424,16.940000534057617,-0.09460174436266822,-0.6230636744720234,-0.7999999999999998,-0.009999999999999787
2024-04-23,183.3764190673828,183.4623106371964,181.83031255941904,182.41249080398305,9144400,15.6899995803833,5.45,5.14,4.61,0.014413008653832104,0.014310128606996946,0.23945501758448925,0.1780483147962665,-0.1346360856298053,-0.008003652416535445,15.6899995803833,-0.07378990048797274,-0.6535138142404954,-0.8399999999999999,-0.05999999999999961
2024-04-24,184.2735595703125,184.4167121959437,181.4962821304213,181.8398629947669,6964900,15.970000267028809,5.46,5.17,4.65,0.004892343887465955,0.004880415263243358,0.23951811537402853,0.1781469443314365,-0.3440036694880094,-0.007784868408512335,15.970000267028809,0.017845805872141796,-0.6498163874134758,-0.8099999999999996,0.0600000000000005
2024-04-25,184.55032348632807,185.0943325814848,182.46020780549333,183.4814117295957,9802300,15.369999885559082,5.47,5.21,4.7,0.001501918759592602,0.0015007920076645412,0.2283201121625293,0.17400100324436313,-0.08141702222168078,-0.02517058742977063,15.369999885559082,-0.03757046784203688,-0.6381010751623472,-0.7699999999999996,0.0600000000000005
2024-04-26,184.6648712158203,185.9819191199223,184.2544760656584,184.74122414056745,6413700,15.029999732971191,5.46,5.21,4.67,0.000620685606659066,0.0006204930610173285,0.22762944706898766,0.1720472230106051,-0.39266390035207066,-0.028364128063730343,15.029999732971191,-0.022121025056567434,-0.6418163105776977,-0.79,0.04999999999999982
2024-04-29,184.4644470214844,185.39974488523453,183.65320992069704,184.6553220561309,5387800,14.670000076293944,5.45,5.2,4.63,-0.001085340124606926,-0.0010859295327107382,0.2267421322051357,0.17178242292188853,-0.4851266016329776,-0.022783599856307957,14.670000076293944,-0.023952073391426576,-0.6348238849781692,-0.8200000000000003,0.009999999999999787
2024-04-30,182.99468994140625,186.0964565277787,182.8992451443853,184.0158793679396,8153700,15.649999618530272,5.46,5.25,4.69,-0.007967698403730683,-0.007999610134384277,0.2280089807819273,0.17276676658759305,-0.22502701670045536,-0.030179749361573083,15.649999618530272,0.06680296776684846,-0.6572092403079598,-0.7699999999999996,0.08000000000000007
2024-05-01,183.1092071533203,185.59062618122607,182.08800319125083,183.50051042268325,7445300,15.390000343322754,5.46,5.21,4.63,0.0006257952728068172,0.0006255995445980185,0.2280788819602009,0.17267033502250329,-0.2858817949397964,-0.02683220237324835,15.390000343322754,-0.016613372622684808,-0.6617483257066098,-0.8300000000000001,-0.020000000000000462
2024-05-02,182.91835021972656,184.6744239341498,180.87595665640484,184.2640433155668,6501700,14.68000030517578,5.46,5.16,4.58,-0.001042312052795591,-0.0010428556377595592,0.22686956669398808,0.17271964474010773,-0.3680773970818641,-0.020393312378813144,14.68000030517578,-0.0461338546009209,-0.6846387666209766,-0.8799999999999999,-0.1200000000000001
2024-05-03,181.8207855224609,183.7486568896736,179.86429819068653,183.2428314886118,8922800,13.489999771118164,5.45,5.12,4.5,-0.006000298471680043,-0.006018372598928062,0.2242104193507972,0.17342258422823104,-0.1427213993467704,-0.03514810910743926,13.489999771118164,-0.08106270499449875,-0.6391758183434358,-0.9500000000000002,-0.16999999999999993
2024-05-06,183.2427673339844,183.4336423040586,181.16220540337,182.9850781148295,7911100,13.489999771118164,5.45,5.12,4.49,0.007820787966774212,0.0077903641272101185,0.2254651780957653,0.1735712154517672,-0.23959441703456144,-0.03264846218548134,13.489999771118164,0.0,-0.6227896389959825,-0.96,-0.13999999999999968
2024-05-07,183.0042266845703,184.1303995509317,182.90878188854623,182.95650428655827,7688800,13.229999542236328,5.45,5.13,4.47,-0.0013017738865475081,-0.0013026219302273295,0.22467008255934942,0.17367536542472028,-0.26215770505788744,-0.027390298268169966,13.229999542236328,-0.01927355324634561,-0.6276237082176975,-0.9800000000000004,-0.22000000000000064
2024-05-08,186.726318359375,187.6807079539802,182.28841256959265,182.28841256959265,9227600,13.0,5.45,5.13,4.48,0.020338829010873916,0.020134757439635224,0.23535760339899559,0.17769554140445668,-0.12101059586310299,0.0009207397424464414,13.0,-0.017384697671535276,-0.5986135399257242,-0.9699999999999998,-0.14999999999999947
2024-05-09,188.4919586181641,188.5778501928348,186.2014292499616,186.268228953762,7977300,12.6899995803833,5.46,5.12,4.45,0.009455765391308768,0.009411339476190514,0.23768539366157462,0.17695340533587756,-0.23220960264948468,0.01059218957527408,12.6899995803833,-0.023846186124361513,-0.6117659550590152,-1.0099999999999998,-0.1299999999999999
2024-05-10,189.7040405273437,190.24803507157247,189.2268456879572,189.48452041598773,7529800,12.550000190734863,5.47,5.17,4.5,0.006430417074900108,0.006409830150895101,0.20342333850578084,0.17640787696078553,-0.1806368351066724,0.05080368143427516,12.550000190734863,-0.011032261172400193,-0.4262339731022438,-0.9699999999999998,0.0
2024-05-13,189.66587829589844,190.7348047600813,189.0073470128049,189.73269257114907,7049200,13.600000381469728,5.45,5.16,4.48,-0.000201167204131103,-0.0002011874409671493,0.15285465121593977,0.1717319782037414,-0.19931394430908853,0.08660956068689774,13.600000381469728,0.0836653525718698,-0.08484641550634409,-0.9699999999999998,-0.009999999999999787
2024-05-14,192.31906127929688,192.385875547787,189.121864553999,189.9235483988948,8596200,13.420000076293944,5.44,5.16,4.45,0.013988720624060758,0.013891781462212729,0.14473480406668335,0.17297092551986445,0.021998128678887716,0.11454627227465974,13.420000076293944,-0.013235316185802426,-0.1464753954839851,-0.9900000000000002,-0.019999999999999574
2024-05-15,192.89170837402344,193.44525616341704,190.65843990714103,192.79626357615743,8370000,12.449999809265137,5.45,5.1,4.36,0.002977588861537317,0.0029731646240209702,0.14078514758800134,0.17293932119346572,-0.0010520580774250297,0.12233452950398904,12.449999809265137,-0.07228019832446086,-0.11789582939048716,-1.0899999999999999,-0.1200000000000001
2024-05-16,193.2352600097656,195.15357782872616,192.7771570875777,192.99666261404684,8497900,12.420000076293944,5.45,5.13,4.38,0.00178105963516062,0.0017794754292132092,0.14145844277387573,0.17269253053412578,0.020667621526995823,0.11707569352883995,12.420000076293944,-0.0024096171430354474,-0.12527731003213333,-1.0700000000000003,-0.07000000000000028
2024-05-17,195.449462890625,195.6976135361828,193.5597753367388,194.51416504960696,9260500,11.989999771118164,5.46,5.14,4.42,0.01145858618529294,0.011393433816931024,0.12420830335847935,0.1725652857019022,0.14063336221714343,0.10220664610598673,11.989999771118164,-0.034621602458483114,-0.34068569573931723,-1.04,-0.08000000000000007
2024-05-20,186.65953063964844,196.4897470075204,186.48773292892272,195.0677011776776,17373300,12.149999618530272,5.45,5.15,4.44,-0.044972915867747765,-0.04601557855564577,0.2102353606774991,0.19846114777261661,1.0655659937117423,0.03257472816338569,12.149999618530272,0.01334444123990064,-0.2497766003392159,-1.0099999999999998,-0.040000000000000036
2024-05-21,190.4198303222656,190.78248849278148,187.6330142438508,188.01476428528767,14420800,11.859999656677246,5.45,5.14,4.41,0.02014523271183255,0.0199450021719966,0.21563482849092264,0.2019260233171084,0.6623908396048986,0.03840958009052753,11.859999656677246,-0.023868310366918832,-0.19935203682393088,-1.04,-0.040000000000000036
2024-05-22,189.2650146484375,191.7750641608121,188.6732977083887,189.92354585608183,9425300,12.289999961853027,5.45,5.16,4.43,-0.0060645767401099615,-0.0060830409753260765,0.21712115978788987,0.2025155696415756,0.07133012910680055,0.027087201711216924,12.289999961853027,0.03625635055846632,-0.23986325526218746,-1.0200000000000005,0.0699999999999994
2024-05-23,187.9384307861328,189.25549332200828,187.12720822353947,188.7878370945141,8069400,12.770000457763672,5.46,5.2,4.47,-0.007009134069330458,-0.007033813437810779,0.21913955703311458,0.2030968617080704,-0.07366569817164517,0.01835871775134401,12.770000457763672,0.03905618367782915,-0.2687206641125769,-0.9900000000000002,0.08999999999999986
2024-05-24,191.5555725097656,191.6032803468456,188.5492360693029,188.7305724512688,7356200,11.93000030517578,5.46,5.21,4.46,0.019246418672873578,0.019063549022432236,0.22839996634229595,0.2057672600469272,-0.1600819114810233,0.03731462973210542,11.93000030517578,-0.0657791795204834,-0.33351234460092155,-1.0,0.040000000000000036
2024-05-28,190.40074157714844,191.26923968293065,189.59905773927144,190.74432244521444,6910200,12.920000076293944,5.46,5.21,4.54,-0.0060286992306543,-0.0060469452078276515,0.22991435987819092,0.20602111751239777,-0.2178036766690947,0.03218123953702934,12.920000076293944,0.08298405245544349,-0.35726600708924827,-0.9199999999999999,0.09999999999999964
2024-05-29,189.0741271972656,189.91399471851383,187.90977070201868,188.9691437571096,6120000,14.279999732971191,5.46,5.22,4.61,-0.006967485362158188,-0.006991871628277344,0.22938446147143257,0.2063109099886352,-0.2991834112590995,0.03322193260255779,14.279999732971191,0.10526313070017879,-0.35096994634457884,-0.8499999999999996,0.20000000000000018
2024-05-30,190.2384796142578,190.7347662809771,189.35088971872463,189.5035955489197,6829100,14.470000267028809,5.46,5.19,4.55,0.006158179515367568,0.006139295416022643,0.22989732579122388,0.20575555957748703,-0.21521375889752306,0.038934538419840514,14.470000267028809,0.01330535977664793,-0.34637604100639857,-0.9100000000000001,0.1200000000000001
2024-05-31,193.3879852294922,194.0274245665969,189.3031985702233,190.20986585230213,14417900,12.920000076293944,5.46,5.18,4.51,0.01655556552817572,0.016420016171385513,0.23521784631529666,0.20800221113377193,0.5847903913859263,0.057236657761177145,12.920000076293944,-0.10711818674023654,-0.4156084947991787,-0.9500000000000002,0.040000000000000036
2024-06-03,192.61492919921875,193.1875542605761,190.10487971991847,193.0825708149027,6444300,13.109999656677246,5.52,5.14,4.41,-0.003997435669832683,-0.004005446772171124,0.23432571102005395,0.2072478937568407,-0.28187172691000245,0.059366940065410656,13.109999656677246,0.014705849788029024,-0.4960017798113753,-1.1099999999999994,-0.04999999999999982
2024-06-04,190.07623291015625,192.7676039624625,189.2363654167245,191.0306224934816,6848300,13.15999984741211,5.52,5.11,4.33,-0.013180163654068378,-0.013267792840755572,0.24032280118949206,0.20937832137124834,-0.23230543219882507,0.03729187064566064,13.15999984741211,0.003813897181103032,-0.4872499777652294,-1.1899999999999995,-0.20999999999999996
2024-06-05,188.262924194336,190.70617428252737,187.9384351617438,190.6488986625119,8351600,12.630000114440918,5.51,5.08,4.29,-0.009539902427871394,-0.0095856987916691,0.2435322802485391,0.21050518571256455,-0.06725063088126812,0.028735388275100693,12.630000114440918,-0.04027353640702469,-0.449726145478619,-1.2199999999999998,-0.3200000000000003
2024-06-06,187.9288787841797,188.9882519306608,186.42094131495605,188.2629064405249,7640300,12.579999923706056,5.51,5.08,4.28,-0.0017743557930264275,-0.001775931826838956,0.2334046489518009,0.2100145192487057,-0.13906098228834016,0.0064402299331485224,12.579999923706056,-0.0039588432527163375,-0.44828440519101176,-1.2299999999999995,-0.2699999999999996
2024-06-07,190.8302154541016,191.755974617706,188.024307437637,188.42514935958465,6964500,12.220000267028809,5.52,5.17,4.43,0.01543848230613798,0.015320521479691821,0.2373659742728336,0.2116184757935199,-0.2107088377490724,0.0124050747473754,12.220000267028809,-0.028616825028659587,-0.4536482210535372,-1.0899999999999999,-0.08000000000000007
2024-06-10,190.5057373046875,191.67963261173605,189.38910305220256,190.15261775965763,6070800,12.739999771118164,5.52,5.16,4.47,-0.0017003499610476203,-0.0017017971968134914,0.23648486939361898,0.20803919009198826,-0.30625692080372174,0.004226039546207039,12.739999771118164,0.042553149977613725,-0.45016656546871514,-1.0499999999999998,0.05999999999999961
2024-06-11,185.4951934814453,188.91191055404263,184.7698625098068,188.8832800264012,9235300,12.850000381469728,5.52,5.17,4.39,-0.026301275195867335,-0.026653340637667212,0.2550110637068843,0.214298492211832,0.042347740063735206,-0.02198964226947786,12.850000381469728,0.008634270983343129,-0.4609835808887412,-1.13,0.05999999999999961
2024-06-12,182.79425048828125,187.747535155726,182.5842835979704,187.06037343522323,12751300,12.039999961853027,5.51,5.13,4.31,-0.01456071687072702,-0.014667764506250737,0.2528664353375223,0.21504778294023716,0.40620985128779147,-0.04952608819769111,12.039999961853027,-0.06303505023896794,-0.38939770890233216,-1.2000000000000002,0.019999999999999574
2024-06-13,184.8270874023437,185.7051240581642,182.1738855659129,183.5482088751376,8587800,11.9399995803833,5.51,5.07,4.24,0.011120901826136897,0.011059519264454603,0.2568031527973713,0.2159166735477845,-0.054075785846934704,-0.041809059806978244,11.9399995803833,-0.008305679550378975,-0.3837191564611661,-1.2699999999999996,-0.040000000000000036
2024-06-14,184.941635131836,185.97237775666235,182.68927485451107,182.7179053805204,6874000,12.65999984741211,5.51,5.07,4.2,0.0006197561791521089,0.0006195642096034245,0.2566015537195015,0.21423239176747222,-0.23601382377081748,-0.042919831905991024,12.65999984741211,0.060301532021133974,-0.35958196957999145,-1.3099999999999996,-0.22999999999999954
2024-06-17,186.0869140625,186.65955375205004,183.8536454863529,184.65532940145712,8725400,12.75,5.52,5.11,4.28,0.006192650615679973,0.00617355494949925,0.25358702840269903,0.2126776235857067,-0.02735433557133764,-0.04790265826089457,12.75,0.0071090168777756535,-0.3333164292240016,-1.2399999999999993,-0.1899999999999995
2024-06-18,188.0147705078125,188.930991025547,185.27567673463204,185.72424105772285,9023000,12.300000190734863,5.5,5.09,4.22,0.010359978588634133,0.010306681796820172,0.1979765172756962,0.2122435213275349,0.05491756081734774,0.007260491138705305,12.300000190734863,-0.03529410268746169,-0.41620322055827513,-1.2800000000000002,-0.16999999999999993
2024-06-20,189.60858154296875,190.35300427166865,187.1653464782276,187.4325744032568,8731100,13.279999732971191,5.5,5.1,4.25,0.008477052259519224,0.00844132382455881,0.18677867346403515,0.21201133906721242,0.05591023595955394,-0.004260316679853604,13.279999732971191,0.07967475829590032,-0.3232177545042755,-1.25,-0.05999999999999961
2024-06-21,187.3466796875,188.17699397183773,185.36154759002736,187.7379829150178,20972100,13.199999809265137,5.49,5.1,4.25,-0.01192932217024234,-0.012001047527928915,0.19039165516848297,0.21333465173999794,1.3707655211940137,-0.010135708199958904,13.199999809265137,-0.006024090761646117,-0.29361286015550303,-1.2400000000000002,0.009999999999999787
2024-06-24,189.8090209960937,190.14304864072443,188.1102085595612,188.78781706567207,9785900,13.329999923706056,5.5,5.1,4.25,0.013143234311389751,0.013057611432344263,0.19457120718160667,0.2113619810006524,0.09560560929830031,0.0099532075591795,13.329999923706056,0.009848493660558288,-0.264567713595904,-1.25,0.04999999999999982
2024-06-25,189.0359649658203,190.94474426582192,188.7210146337804,189.05504227358247,6862500,12.84000015258789,5.49,5.1,4.23,-0.004072809744323447,-0.004081126222566613,0.18222942940813122,0.211372707483774,-0.22956191964541325,-0.013153402487504406,12.84000015258789,-0.03675917283740948,-0.15664572923886774,-1.2599999999999998,-0.04999999999999982
2024-06-26,188.42515563964844,188.9119037176036,187.3276132855566,188.44424751166247,7758600,12.550000190734863,5.5,5.13,4.32,-0.0032311805125671,-0.0032364120487176212,0.18139909528286424,0.21101359289050012,-0.13308729129165367,-0.010375936149909948,12.550000190734863,-0.022585666542580096,-0.11875696353530829,-1.1799999999999997,0.10000000000000053
2024-06-27,190.08578491210932,190.74431610090176,187.9193163282288,188.43469489460125,7913500,12.239999771118164,5.49,5.1,4.29,0.008813203666057978,0.008774594070288376,0.18256966240324216,0.21178116002853098,-0.12455133740035942,0.005350587781839833,12.239999771118164,-0.024701228279307874,-0.07489964705674905,-1.2000000000000002,0.040000000000000036
2024-06-28,193.03485107421875,193.35935463256504,190.20986578187188,190.88747429822308,15307600,12.4399995803833,5.48,5.09,4.36,0.015514396110540396,0.015395278314519967,0.18934892957723023,0.2139786902183553,0.6175769737585977,0.014699294620263315,12.4399995803833,0.01633985400367921,-0.047432767602864544,-1.12,0.11000000000000032
2024-07-01,196.079345703125,197.64454410688447,193.416605054855,193.5883881973363,10205800,12.220000267028809,5.47,5.1,4.48,0.015771735580202062,0.01564865420974574,0.18851914146098323,0.21554635072950043,0.10300955884697252,0.013916895976960442,12.220000267028809,-0.017684832859754307,0.12412537049518484,-0.9899999999999993,0.23000000000000043
2024-07-02,199.30517578125,199.33380630334244,195.4303564545634,195.92662854605163,7802900,12.029999732971191,5.47,5.07,4.43,0.01645165668294868,0.016317794355169325,0.19547842197547538,0.21722296622691778,-0.16283421212012297,0.03473379041720914,12.029999732971191,-0.015548324869538943,0.10797395288874664,-1.04,0.1999999999999993
2024-07-03,199.1715850830078,200.78450597577336,198.1790116584609,199.9923607921085,5560900,12.09000015258789,5.47,5.04,4.36,-0.0006702821325061947,-0.000670506872006299,0.18763605004188605,0.21706338485100335,-0.3992272244306411,0.04785107550585077,12.09000015258789,0.004987566163634494,0.12410596954681957,-1.1099999999999994,0.040000000000000036
2024-07-05,196.532455444336,199.00842649532183,196.2733529220472,198.64375880499992,8093100,12.479999542236328,5.46,4.98,4.28,-0.013250532888875344,-0.013339104483790882,0.19123774722932507,0.21846633686180195,-0.12443797250338623,0.043925437179886284,12.479999542236328,0.03225801362500036,-0.0027324817888065667,-1.1799999999999997,-0.009999999999999787
2024-07-08,196.89715576171875,198.5573947892196,195.74554496023563,196.7723929216868,8707000,12.369999885559082,5.46,4.99,4.28,0.001855674761495285,0.0018539551241481553,0.19068280926000544,0.21761694802307444,-0.0634265765482316,0.04772165425324748,12.369999885559082,-0.008814075377564845,-0.004210197688160141,-1.1799999999999997,-0.08000000000000007
2024-07-09,199.25796508789065,201.30206944737745,197.1658592520164,197.3386089216144,9058900,12.510000228881836,5.46,5.02,4.3,0.011990063122236716,0.011918751767893417,0.18797234982164449,0.21876953449595685,-0.03642818204783875,0.044163601732222,12.510000228881836,0.01131773198205055,0.05969997797377617,-1.1600000000000001,-0.1800000000000006
2024-07-10,199.421127319336,199.58427085155645,197.29064060335327,197.8280580373801,8328500,12.850000381469728,5.46,5.01,4.28,0.00081884923081188,0.0008185141566847972,0.18749774986116716,0.20718878157608064,-0.12462976626663555,0.046798538147906577,12.850000381469728,0.027178269094107144,0.0783922677463172,-1.1799999999999997,-0.14999999999999947
2024-07-11,199.0852203369141,199.7090198924808,197.0986942703721,197.89522885627903,10658100,12.920000076293944,5.44,4.91,4.2,-0.0016844102073698686,-0.0016858304212824834,0.1544117657695017,0.1938028319799489,0.1119097794562564,0.07326349864061665,12.920000076293944,0.005447446906317488,0.12858883268919924,-1.2400000000000002,-0.16000000000000014
2024-07-12,196.6764068603516,199.08519330986303,193.9509249213505,195.774307219416,15443400,12.460000038146973,5.43,4.87,4.18,-0.012099408848562643,-0.012173202539907479,0.15072120952442367,0.19401280729037446,0.5888263431963255,0.07594416309587548,12.460000038146973,-0.035603717912586874,0.03528971388383169,-1.25,-0.10000000000000053
2024-07-15,201.58038330078125,203.07747876015205,198.38465354242032,198.83570341075963,10719700,13.119999885559082,5.43,4.85,4.23,0.024934238522629215,0.024628452993290244,0.16643349168305663,0.1989276985529699,0.09088596259133373,0.09064307690986806,13.119999885559082,0.0529694899993165,0.20050140563823685,-1.1999999999999993,-0.04999999999999982
2024-07-16,205.0064392089844,205.1216105431733,199.68982876618043,201.5324090344148,11557000,13.1899995803833,5.43,4.85,4.17,0.01699597873614067,0.01685316301351289,0.1715202509050962,0.20090537158362126,0.14872151678552792,0.10849262829781492,13.1899995803833,0.0053353426398474735,0.2530928549210378,-1.2599999999999998,-0.1299999999999999
2024-07-17,208.1253662109375,208.7875463835636,204.6705341466408,205.17916232258048,11572500,14.479999542236328,5.43,4.85,4.16,0.015213800181045345,0.015099230884598584,0.17511521535317548,0.19732942308512608,0.1342135555794045,0.11843096146478937,14.479999542236328,0.09780136488947022,0.31909261645262615,-1.2699999999999996,-0.1200000000000001
2024-07-18,201.51319885253903,207.90465837072435,200.80304644620205,206.93538878296755,12415100,15.93000030517578,5.43,4.86,4.2,-0.03177011759199477,-0.032285738073453626,0.219548031902868,0.20687035794447914,0.19690032787959946,0.07179451012422255,15.93000030517578,0.10013817740186948,-0.04955918338748121,-1.2299999999999995,0.0
2024-07-19,201.32125854492188,203.787638142558,200.49593484279177,202.68399960778325,8095900,16.520000457763672,5.43,4.87,4.25,-0.0009524949666329663,-0.0009529488782189208,0.21925708400046803,0.2052901182791506,-0.2171028773952103,0.0617729266610163,16.520000457763672,0.037037045906157084,-0.09774352638511169,-1.1799999999999997,0.07000000000000028
2024-07-22,201.8011016845703,203.6148926358178,201.2540928039212,201.9738513503452,7663200,14.90999984741211,5.43,4.88,4.26,0.0023834697990494647,0.0023806338402954227,0.2120332747249032,0.2051811117877911,-0.2079793251101622,0.07715333957976056,14.90999984741211,-0.09745766136434542,-0.09607673457011355,-1.17,0.02999999999999936
2024-07-23,201.8490753173828,202.95269915898984,200.9085949784075,202.5112554797567,5557300,14.720000267028809,5.41,4.85,4.25,0.00023772730878102166,0.00023769905612188192,0.20940915935873364,0.20519779640735972,-0.4128005114076125,0.06343246626585208,14.720000267028809,-0.012743097406287318,-0.09417056233176578,-1.1600000000000001,0.08000000000000007
2024-07-24,200.1792449951172,203.4805398970385,199.6802229423339,201.10054238495405,7119000,18.040000915527344,5.4,4.82,4.28,-0.008272667683218327,-0.008307076096163738,0.21184763195585588,0.20617333621870856,-0.24880498897318742,0.05894793634275719,18.040000915527344,0.22554351822499452,-0.23029316237549635,-1.12,0.1200000000000001
2024-07-25,200.25601196289065,201.71472666285024,199.66101627259545,200.2368143021804,6403800,18.459999084472656,5.39,4.83,4.27,0.0003834911445257383,0.0003834176305908016,0.2108524902162372,0.20612133836759255,-0.31940789613525544,0.06278809367613314,18.459999084472656,0.023281493771090345,-0.2508779117349031,-1.12,0.0699999999999994
2024-07-26,203.6820831298828,204.5649852156185,200.20803848586087,200.8030488593653,8027800,16.389999389648438,5.38,4.79,4.2,0.01710845598796329,0.016963754436467544,0.21575086159839993,0.20761863290332103,-0.14732803143961018,0.07152716981998442,16.389999389648438,-0.11213433355830271,-0.31024986239755714,-1.1799999999999997,-0.04999999999999982
2024-07-29,202.34811401367188,204.99682004630137,202.0602076823259,204.0755227146991,6533600,16.600000381469727,5.41,4.79,4.17,-0.006549270783725691,-0.006570811359175933,0.21370599935931103,0.20831294846156845,-0.27211757792155344,0.048246536247863014,16.600000381469727,0.012812751655983723,-0.3106406278273354,-1.2400000000000002,-0.08999999999999986
2024-07-30,206.5131225585937,207.08892060425245,204.37304460068856,204.6321471316488,8850700,17.690000534057617,5.4,4.78,4.15,0.020583382084996327,0.02037440701957833,0.21821544155270364,0.2117200661744599,-0.006479263438409954,0.05321201383069685,17.690000534057617,0.06566265828551643,-0.23151055476920743,-1.25,-0.09999999999999964
2024-07-31,204.2194976806641,207.66473846208044,204.09473484474648,206.119656172624,9071600,16.360000610351562,5.41,4.73,4.09,-0.011106436479739079,-0.01116857345397816,0.21709400699471232,0.21281571436177935,0.011117544810967186,0.024657271845302642,16.360000610351562,-0.07518371303299154,-0.1331819600255047,-1.3200000000000003,-0.1900000000000004
2024-08-01,199.5746612548828,205.20796693510616,198.05836812142127,204.6033650548551,10918600,18.59000015258789,5.37,4.62,3.99,-0.022744333810106432,-0.023006976229290745,0.23352744504945522,0.21848114127725463,0.18169991796305957,0.002023763438479431,18.59000015258789,0.13630803539367387,-0.24118643460921418,-1.38,-0.27999999999999936
2024-08-02,191.1102905273437,196.4173090899953,188.951014866982,195.65916985684163,18041700,23.38999938964844,5.29,4.33,3.8,-0.04241205108061796,-0.04333770948821497,0.27671118102509057,0.23692591056298287,0.8528689547373621,-0.0275891577537839,23.38999938964844,0.2582032919667485,-0.47717624640789463,-1.4900000000000002,-0.40000000000000036
2024-08-05,187.041244506836,188.26003972022244,183.2025323392783,186.2255269573448,13927000,38.56999969482422,5.35,4.34,3.78,-0.021291611295653934,-0.02152154731464714,0.28537159166457887,0.23772704421791366,0.392954910748667,-0.050056138275609174,38.56999969482422,0.6489953271180455,-0.46612420872214305,-1.5699999999999998,-0.3900000000000001
2024-08-06,192.2618865966797,194.4307682439227,186.1775316040648,187.52107494379788,10605800,27.709999084472656,5.34,4.46,3.9,0.02791171596194597,0.027529283930675864,0.3008422896215018,0.24360847191151472,0.05263105657626434,-0.035110659130364374,27.709999084472656,-0.2815660019776688,-0.5452460183591902,-1.44,-0.25000000000000044
2024-08-07,192.3194580078125,197.45374096940827,192.12752534383736,195.3040570597253,9204400,27.850000381469727,5.34,4.45,3.96,0.00029944266204773307,0.00029939783804172913,0.300788295736676,0.2432787594387703,-0.09041229095659685,-0.035611418945353246,27.850000381469727,0.005052374652567915,-0.5450709325063469,-1.38,-0.1299999999999999
2024-08-08,195.8319091796875,196.6476414155857,193.6534358098913,194.30602452731492,7761200,23.790000915527344,5.34,4.48,3.99,0.01826362869498266,0.018098851885964894,0.3089861305925239,0.24601620436474755,-0.22189310404116913,-0.016341299227139894,23.790000915527344,-0.1457809483063327,-0.5710064151606298,-1.3499999999999996,0.0
2024-08-09,197.5017547607422,198.14473732678184,194.7186795008032,195.265703043516,5540200,20.3700008392334,5.33,4.5,3.94,0.008526933062387165,0.008490784116398689,0.30762247335132287,0.24501053296620895,-0.41554786980691094,0.0041964764028692425,20.3700008392334,-0.1437578791374391,-0.5981729591892391,-1.3900000000000001,0.14000000000000012
2024-08-12,197.87603759765625,198.78772889996105,195.448053080238,198.0871679594775,6936000,20.709999084472656,5.33,4.47,3.9,0.0018950861341331393,0.0018932927238257925,0.2939689033170911,0.24497289819738294,-0.25340038664731995,-0.01837651879844726,20.709999084472656,0.01669112573546916,-0.6323610098966777,-1.4300000000000002,0.1200000000000001
2024-08-13,199.5554656982422,199.69941155528463,197.11787513313567,199.35392685485715,6387800,18.1200008392334,5.32,4.4,3.85,0.0084872737546966,0.008451459348569453,0.2886943910910448,0.24551144966986113,-0.29273245449895147,-0.02658927949665757,18.1200008392334,-0.12506027811373066,-0.6477409795148221,-1.4700000000000002,-0.04999999999999982
2024-08-14,201.76272583007807,202.26174789086065,198.7685202477556,199.36353061795853,6999800,16.190000534057617,5.32,4.42,3.83,0.011060885373961993,0.011000161146828962,0.28595079976499044,0.24543848004588656,-0.2048415175465252,-0.030571191280984067,16.190000534057617,-0.10651215318914042,-0.6905031482813768,-1.4900000000000002,-0.1299999999999999
2024-08-15,203.0198974609375,205.2655406172805,202.58804526064463,204.4114277256701,7001000,15.229999542236328,5.34,4.52,3.92,0.006230940951492681,0.006211608901935288,0.2627869576723794,0.22567750085742794,-0.17947287490389482,0.007476922687833509,15.229999542236328,-0.05929592094835401,-0.7175536340706924,-1.42,-0.07000000000000028
2024-08-16,205.34231567382807,205.4574723551024,203.058277205054,203.154250868466,7931200,14.800000190734863,5.33,4.49,3.89,0.011439362554783283,0.011374427785982,0.26559052537983746,0.2233408380163851,-0.06955409290263999,0.01997333594062023,14.800000190734863,-0.028233707447526624,-0.7156668255906926,-1.44,-0.04999999999999982
2024-08-19,206.7626190185547,206.83939501460688,205.1983538600032,205.37108886847773,6090800,14.649999618530272,5.31,4.48,3.86,0.006916759169029119,0.006892948124115992,0.2663859385723923,0.22310232616996126,-0.27880821245485005,0.024586175657948406,14.649999618530272,-0.010135173666990571,-0.7192346433351798,-1.4499999999999997,-0.040000000000000036
2024-08-20,205.87013244628903,207.290451812223,205.0639917823852,206.33077379457384,5640000,15.880000114440918,5.29,4.43,3.82,-0.004316479335104373,-0.004325822227323615,0.2670994388645726,0.22272998339914613,-0.33251278167013826,0.01992110750363163,15.880000114440918,0.08395908040535804,-0.7218819303614044,-1.4700000000000002,-0.03000000000000025
2024-08-21,205.94692993164065,206.3307953213397,204.2578870725024,205.78377176531623,5202300,16.270000457763672,5.26,4.36,3.79,0.00037303849975245384,0.0003729689381901946,0.2648615607481282,0.2197149163998447,-0.37725085635040007,0.02881260210899561,16.270000457763672,0.024559215397492062,-0.7176528318625655,-1.4699999999999998,-0.040000000000000036
2024-08-22,207.89505004882807,208.05819355178016,205.6973792260983,205.92770721801395,5247100,17.549999237060547,5.28,4.43,3.86,0.009459330701526047,0.009414871383227302,0.26632873200534923,0.21981942233563764,-0.3675091279699805,0.038146360806151414,17.549999237060547,0.07867232595473528,-0.7025622546876217,-1.4200000000000004,-0.06000000000000005
2024-08-23,209.50733947753903,210.3518609551952,207.7703243284273,208.82597617549752,7214000,15.859999656677246,5.25,4.36,3.81,0.00775530455550677,0.00772538676264083,0.26135789353386,0.21947000541551548,-0.12613079692413545,0.028599748481272114,15.859999656677246,-0.09629627657273676,-0.6968246443564079,-1.44,-0.08000000000000007
2024-08-26,210.33262634277344,210.82205685305937,209.25779166440867,210.1790743477144,5105200,16.149999618530273,5.24,4.38,3.82,0.003939178776707575,0.003931440526899541,0.25975829892945956,0.2193262978673832,-0.3761837381565088,0.039459287120225284,16.149999618530273,0.018284991685414864,-0.7011732367150182,-1.4200000000000004,-0.040000000000000036
2024-08-27,211.3018951416016,211.5322231334125,210.3518232928703,210.65891263842732,5185200,15.43000030517578,5.23,4.34,3.83,0.0046082665142428425,0.004597680962347851,0.2507862219571816,0.21725972815403854,-0.3518941522108806,0.023188708415607717,15.43000030517578,-0.044582001879949096,-0.7482143144786056,-1.4000000000000004,0.010000000000000231
2024-08-28,212.3671722412109,213.25008902913484,210.3518569040625,210.4094352503344,6506400,17.110000610351562,5.21,4.36,3.84,0.005041493351942927,0.005028827576113906,0.24679602986104918,0.21707492197016645,-0.17350553238354557,0.03989665361574457,17.110000610351562,0.10887882514248881,-0.7739540069608339,-1.37,0.04999999999999982
2024-08-29,213.2500457763672,213.98898726168144,210.1118947493113,213.19245279825017,6416100,15.649999618530272,5.22,4.38,3.87,0.004157297598488929,0.004148679912761006,0.2285126426730728,0.21489415019384592,-0.1609826393066184,0.06852264929573959,15.649999618530272,-0.0853302711712347,-0.7808391615878857,-1.3499999999999996,0.010000000000000231
2024-08-30,215.7356414794922,216.38821556365377,212.98135535356383,213.52837890369267,8574100,15.0,5.21,4.38,3.91,0.01165578039655668,0.011588375057174789,0.14919768894602128,0.21443389912415878,0.1951997412800504,0.12885413383129762,15.0,-0.041533522963198344,-0.872221626453526,-1.2999999999999998,0.10000000000000009
2024-09-03,211.41705322265625,215.063832325292,210.39979694868128,213.3364091036726,8956100,20.71999931335449,5.19,4.35,3.84,-0.020017963778351633,-0.020221037871596122,0.14604709911459227,0.21919937000763498,0.29325575233187035,0.13032317433564433,20.71999931335449,0.38133328755696594,-0.8737911108240097,-1.3500000000000005,0.020000000000000018
2024-09-04,210.48619079589844,213.1157139537024,208.4516779932841,212.12723207920712,7389500,21.31999969482422,5.18,4.23,3.77,-0.004402967558995607,-0.004412689167103367,0.1266871956553471,0.21778924458771282,0.09240703563646255,0.09478895958952616,21.31999969482422,0.028957548327861904,-0.824429943517617,-1.4099999999999997,-0.06000000000000005
2024-09-05,208.85476684570312,211.8969449168422,207.3192759014218,211.2731453141849,8067900,19.89999961853028,5.15,4.21,3.73,-0.007750741005984829,-0.00778093411287665,0.13333680562126676,0.21854197570546802,0.20280070576711923,0.08597834566078544,19.89999961853028,-0.06660413211162786,-0.7387295271150697,-1.4200000000000004,-0.10999999999999988
2024-09-06,203.89321899414065,209.9199963918961,202.57845001745773,208.82596392525963,7777000,22.3799991607666,5.13,4.1,3.72,-0.023755971321583247,-0.024042694437557986,0.1566311367540371,0.21716501094756135,0.15929541909118217,0.041164434581784315,22.3799991607666,0.12462309496363111,-0.6950465261836346,-1.4099999999999997,-0.1499999999999999
2024-09-09,208.0677947998047,209.35375986693387,205.543836853024,206.51312105129105,8935100,19.450000762939453,5.11,4.12,3.7,0.020474323894920765,0.020267542632687326,0.16823557372437264,0.21780488822027225,0.29905948273731375,0.05349846158006244,19.450000762939453,-0.13092039802055044,-0.7149918885513363,-1.4100000000000001,-0.20999999999999996
2024-09-10,197.2714080810547,209.82399812562028,199.6178253442479,209.78561744862617,28406900,19.07999992370605,5.06,4.07,3.65,-0.05188879292510351,-0.0532834765660181,0.26020471163633413,0.24481547918044472,2.5724422841728316,-0.003055597453547998,19.07999992370605,-0.019023178648836403,-0.43583699630537753,-1.4099999999999997,-0.18999999999999995
2024-09-11,198.8740692138672,199.3251190484655,193.6918138354718,204.5313765659584,13658700,17.690000534057617,5.1,4.12,3.65,0.008124143019012653,0.008091319822839942,0.26004985319770685,0.2452331993837916,0.6426143866307806,-0.0034145718935374436,17.690000534057617,-0.07285112134206151,-0.43185506023972553,-1.4499999999999997,-0.1200000000000001
2024-09-12,198.2694854736328,200.36157653556083,196.6284296106188,199.27713568329065,9054400,17.06999969482422,5.06,4.09,3.68,-0.003040033035097256,-0.003044663322055914,0.2568062664915962,0.2451640335343512,0.07560629369383282,-0.01731360607899013,17.06999969482422,-0.035048096128643014,-0.4061207543425794,-1.3799999999999994,-0.04999999999999982
2024-09-13,196.08143615722656,199.4690986741892,194.833851700199,198.5190120847975,10226700,16.559999465942383,4.97,4.0,3.66,-0.011035734072640357,-0.01109707953153725,0.2578204489070925,0.2456385339735933,0.192029359261053,-0.0341762624771591,16.559999465942383,-0.029876991095463934,-0.3809581907963638,-1.3099999999999996,-0.06000000000000005
2024-09-16,199.4786834716797,199.8145766523365,197.30021016072052,197.5305381683303,8634900,17.139999389648438,4.96,3.96,3.63,0.01732569579778609,0.017177317318763628,0.26251507400466056,0.24746013066741893,0.0023774090420481007,-0.028555401174409467,17.139999389648438,0.03502415111177348,-0.34685650839161075,-1.33,-0.07000000000000028
2024-09-17,200.8126220703125,201.4651960832742,199.2867375604248,199.3539074059829,7573300,17.610000610351562,4.95,3.99,3.65,0.006687123533288153,0.006664863902875512,0.26242018126333116,0.24627510255573895,-0.12835808527204498,-0.02877694709268619,17.610000610351562,0.027421309068831112,-0.3383650937748866,-1.3000000000000003,0.0
2024-09-18,199.16197204589844,202.8183428439659,198.3654375571648,200.58229137057424,8259900,18.229999542236328,4.84,3.95,3.7,-0.008219851956497548,-0.008253821215850742,0.2633578725809374,0.24574872432752015,-0.06345455658685147,-0.03258442747706858,18.229999542236328,0.03520720672322497,-0.3387781138131109,-1.1399999999999997,0.050000000000000266
2024-09-19,201.9930419921875,203.36538928713296,198.97965334983056,201.3212702522084,11635200,16.329999923706055,4.8,3.93,3.73,0.014214912200390506,0.014114827682628478,0.2692145385896721,0.24703048424685933,0.2728327891843344,-0.01919857674385117,16.329999923706055,-0.10422378860340853,-0.37164067748422464,-1.0699999999999998,0.04999999999999982
2024-09-20,202.5784454345703,202.8951409629487,201.05256077890448,201.4652153306085,20885000,16.149999618530273,4.75,3.92,3.73,0.002898136671487306,0.0028939451698143047,0.2668633422381818,0.2468897625637574,1.1046892698637922,-0.025573502654387625,16.149999618530273,-0.011022676424785383,-0.4031915181020009,-1.02,0.06999999999999984
2024-09-23,202.91433715820312,203.25982185543435,201.5228068600728,202.49207645675105,7223500,15.890000343322754,4.72,3.91,3.75,0.0016580822451879307,0.0016567091444218253,0.26500554393636355,0.24638834001666976,-0.2720854572781629,-0.03146907566950763,15.890000343322754,-0.01609902670890473,-0.38980219771369123,-0.9699999999999998,0.1200000000000001
2024-09-24,203.0582733154297,204.3634360377964,201.8874649331512,202.6360126341457,7323200,15.390000343322754,4.69,3.88,3.74,0.0007093444418091455,0.0007090929759508285,0.2643597305618311,0.24457765384323746,-0.2701945446962491,-0.03458499593633624,15.390000343322754,-0.031466330345934046,-0.39449328598091116,-0.9500000000000002,0.0900000000000003
2024-09-25,201.71473693847656,203.68207992104144,200.19844382266885,203.1446478984502,8976500,15.40999984741211,4.69,3.89,3.79,-0.006616506459040328,-0.00663849257240468,0.26378389772217464,0.24307570348518384,-0.12201854065230702,-0.04537185147677114,15.40999984741211,0.0012995129072905787,-0.38769939895623395,-0.9000000000000004,0.08999999999999986
2024-09-26,201.32125854492188,203.1638386289397,200.582302352154,202.61682975945425,7807500,15.369999885559082,4.68,3.96,3.79,-0.001950667559181385,-0.0019525725889342309,0.26236391414788335,0.2408624795209509,-0.24118543212096324,-0.05201328237182945,15.369999885559082,-0.002595714617073419,-0.4239451010556799,-0.8899999999999997,0.06000000000000005
2024-09-27,202.01223754882807,203.87401538274105,200.8894159429532,202.1561834046356,7032500,16.959999084472656,4.68,3.9,3.75,0.0034322207644654767,0.003426344137525854,0.26212731921309657,0.24094790194690321,-0.31854926818538365,-0.05269779983692979,16.959999084472656,0.10344822451218505,-0.3863953140663281,-0.9299999999999997,0.020000000000000018
2024-09-30,202.3577117919922,202.453685453256,196.9835089187661,197.99117378793656,8663800,16.729999542236328,4.73,3.98,3.81,0.0017101649254323004,0.0017087042584800225,0.25728237714074403,0.23929463724119932,-0.16084065096402883,-0.062010753511823946,16.729999542236328,-0.013561294495994303,-0.37612068886756667,-0.9200000000000004,0.06000000000000005
2024-10-01,198.69174194335932,200.6590849232253,197.87602436679808,200.47674374625123,8540100,19.26000022888184,4.71,3.96,3.74,-0.018116284356887724,-0.01828239348142505,0.25566836217893074,0.24234220578593135,-0.17115216264638117,-0.06019056213925722,19.26000022888184,0.15122538887453674,-0.37378016939936276,-0.9699999999999998,0.0
2024-10-02,198.93165588378903,200.5247249559692,197.39617979497947,198.7301316943292,5810900,18.89999961853028,4.69,3.97,3.79,0.00120746810150818,0.0012067396981903192,0.25606464689445446,0.24111176442763313,-0.4316773679294646,-0.05489450338009805,18.89999961853028,-0.018691620253031505,-0.3754402533378608,-0.9000000000000004,0.0
2024-10-03,196.9547119140625,198.16391556637384,196.10059907948147,197.85681157736644,7251300,20.489999771118164,4.68,4.02,3.85,-0.009937804825197905,-0.009987514417918142,0.256750183058254,0.2419653697572296,-0.28795874239725366,-0.056977655388790294,20.489999771118164,0.08412699389840128,-0.4126480663709616,-0.8299999999999996,0.06000000000000005
2024-10-04,203.9453582763672,204.3798568480088,199.78380164736595,202.0914868996392,10211700,19.209999084472656,4.73,4.2,3.98,0.035493674126237273,0.03487829283072517,0.27689480792207094,0.2523897647745899,-0.009107224210632033,0.00025571856917916413,19.209999084472656,-0.06246953152482426,-0.38154579819511075,-0.7500000000000004,0.22999999999999998
2024-10-07,203.6653594970703,205.9827100132501,202.4680757269759,203.7619212935509,6718900,22.63999938964844,4.77,4.24,4.03,-0.0013729107720973355,-0.00137385407757309,0.26635383722590306,0.2510584299260144,-0.3409447710560686,-0.021158657960354876,22.63999938964844,0.17855286145995897,-0.25433408893632714,-0.7399999999999993,0.2200000000000002
2024-10-08,203.49156188964844,204.0515878849043,201.2031917446077,203.3274186255105,6021800,21.420000076293945,4.75,4.21,4.04,-0.0008533488849112869,-0.0008537131943410855,0.1815555167557663,0.24601457940456048,-0.3364765979577962,0.03153094444400173,21.420000076293945,-0.05388689691892434,-0.44813239180248793,-0.71,0.2999999999999998
2024-10-09,206.0695953369141,206.86136077091663,202.16874354804747,202.47771475974207,7024000,20.86000061035156,4.75,4.24,4.06,0.012668994347115436,0.012589414068118174,0.184384308233269,0.24493146134986524,-0.1966838046125492,0.03618131891950638,20.86000061035156,-0.02614376582389244,-0.4450975173321709,-0.6900000000000004,0.2699999999999996
2024-10-10,205.5095672607422,207.41171960680364,204.1867561889192,207.41171960680364,7927100,20.93000030517578,4.75,4.22,4.09,-0.002717664754260718,-0.0027213643094062706,0.18427571442582255,0.24298105920775048,-0.08751650380609136,0.03651636947467751,20.93000030517578,0.003355689970089726,-0.4625181505633565,-0.6600000000000001,0.23999999999999977
2024-10-11,214.63409423828125,216.89351339672228,207.74966888805528,208.2420986525401,18320700,20.459999084472656,4.73,4.18,4.08,0.04439952406674208,0.04344210214256254,0.22975583726400725,0.24975273433924208,1.0150152495190874,0.09461710626282005,20.459999084472656,-0.022455863060207304,-0.4750589959399463,-0.6500000000000004,0.10000000000000009
2024-10-14,213.8519897460937,215.9955317699529,211.3415453439257,215.5127523003136,9048900,19.700000762939453,4.73,4.18,4.055,-0.0036438968140787287,-0.0036505519781475037,0.22640838246585135,0.24990633933744588,-0.00701102516353389,0.07205434698216573,19.700000762939453,-0.037145569674535084,-0.4744952368762488,-0.6750000000000007,0.024999999999999467
2024-10-15,214.7306671142578,217.6852753202392,214.1803061412129,215.95693117924253,9235800,20.63999938964844,4.73,4.18,4.03,0.004108810814467345,0.004100392702387952,0.22611255425309465,0.24997157698558728,0.004337251921097574,0.06930861666191501,20.63999938964844,0.047715664482478326,-0.4739956044159645,-0.7000000000000002,-0.009999999999999787
2024-10-16,215.9375915527344,215.9762074260548,213.4271325223828,214.67271175254336,6382500,19.57999992370605,4.72,4.17,4.02,0.005620643081383436,0.005604906207091217,0.2219929361948655,0.2501404038389573,-0.2987839545948191,0.08423103735370674,19.57999992370605,-0.05135656479108286,-0.46459422423964103,-0.7000000000000002,-0.040000000000000036
2024-10-17,216.6907501220703,218.0715071604394,215.6189790372494,216.54592216463283,6470200,19.11000061035156,4.74,4.21,4.09,0.0034878529667770053,0.003481784514104825,0.21878021232146552,0.24940754201931786,-0.2683910018267045,0.07276343771510341,19.11000061035156,-0.024004050826652468,-0.43639260434890914,-0.6500000000000004,0.0
2024-10-18,217.60801696777344,218.13907733966104,215.4162087479307,217.2507648690765,7000500,18.030000686645508,4.73,4.19,4.08,0.004233068763601633,0.004224134531960262,0.2187813321351992,0.24947007185734515,-0.14099762318748105,0.07419136572482699,18.030000686645508,-0.05651490786039193,-0.4299341013091864,-0.6500000000000004,0.0
2024-10-21,215.31967163085932,217.9266781613519,215.2231098309936,217.4632139351729,5870000,18.3700008392334,4.73,4.24,4.19,-0.010515905474443143,-0.010571588322820154,0.22443865498120233,0.2485062188673827,-0.2736851938808906,0.06113582039786736,18.3700008392334,0.018857467534081795,-0.4303630086394679,-0.54,0.13500000000000068
2024-10-22,216.4010772705078,217.5211292408237,213.4850997132088,215.3389712158381,9586800,18.200000762939453,4.72,4.24,4.2,0.005022326253137033,0.0050097564415364565,0.22438398513757624,0.24814707188947197,0.1698245592627279,0.06570923576382182,18.200000762939453,-0.009254222565459602,-0.44111421470337764,-0.5199999999999996,0.16999999999999993
2024-10-23,215.7155303955078,217.0576567581256,214.86583379761672,215.95692013506684,6180500,19.239999771118164,4.73,4.27,4.24,-0.0031679457590825244,-0.003172974322200655,0.2227032137144249,0.24501542837117368,-0.23273879538563239,0.06940887745500479,19.239999771118164,0.05714280025176999,-0.4610736608721038,-0.4900000000000002,0.22000000000000064
2024-10-24,217.2314453125,217.30869179537711,214.0257973060313,214.18994055717252,6002200,19.07999992370605,4.7,4.25,4.21,0.007027379596697525,0.007002802638598652,0.2221403236945769,0.24407569697886994,-0.24642906914115614,0.07902884614655825,19.07999992370605,-0.008316000484173358,-0.47035702436920457,-0.4900000000000002,0.1200000000000001
2024-10-25,214.6534118652344,217.84940969268465,213.2726696126605,217.25076784703845,6369700,20.32999992370605,4.73,4.29,4.25,-0.01186768077502287,-0.011938663860531051,0.22907317688722922,0.2404471673151296,-0.19694851277189365,0.0625762798818108,20.32999992370605,0.06551362709634656,-0.5143355515503799,-0.4800000000000004,0.16999999999999993
2024-10-28,217.7335662841797,217.86874396216533,215.2713877542694,215.65762021512973,6843000,19.799999237060547,4.7,4.28,4.28,0.014349431449424577,0.01424745275774857,0.2324100250585579,0.22321890187566715,-0.1272607619346421,0.0759835360660368,19.799999237060547,-0.026069881388808613,-0.5282628743401773,-0.41999999999999993,0.08999999999999986
2024-10-29,215.2230987548828,218.9405068594728,215.13620197943288,217.4535524575936,6580000,19.34000015258789,4.7,4.29,4.28,-0.011529997749728182,-0.011596983569143049,0.22513554293355165,0.2196167096146251,-0.1501809739985083,0.08320102612133762,19.34000015258789,-0.023232277888761477,-0.39590959195329156,-0.41999999999999993,0.08000000000000007
2024-10-30,216.6810913085937,218.5156474524891,213.94855766414204,214.87548602178532,7110900,20.350000381469727,4.67,4.28,4.29,0.006774331203972528,0.006751488526886789,0.22508473205752386,0.21347988589806205,-0.08925981307214237,0.08922378565618261,20.350000381469727,0.05222338267389759,-0.38718844616021564,-0.3799999999999999,0.04999999999999982
2024-10-31,214.27682495117188,217.91698605526625,214.18027790309608,216.96107745978253,7829900,23.15999984741211,4.64,4.27,4.28,-0.011095875246436293,-0.011157893662647122,0.22610425464713968,0.21515280959717586,-0.0008747242959617853,0.08794972645624011,23.15999984741211,0.13808350925148427,-0.40914776798806035,-0.35999999999999943,0.07000000000000028
2024-11-01,215.26171875,218.36115478761525,215.0299792936343,215.86036059570225,6923500,21.8799991607666,4.61,4.28,4.37,0.0045963617346511665,0.0045858307212878445,0.19505306980420115,0.2125475064319819,-0.09760314480123092,0.05548721760216746,21.8799991607666,-0.055267732948130144,-0.3337375437404851,-0.2400000000000002,0.1200000000000001
2024-11-04,212.21055603027344,216.05347672838167,211.62156445041865,214.9817056480971,8229600,21.979999542236328,4.65,4.25,4.31,-0.01417420030576877,-0.014275613726247156,0.20380701814679494,0.21449634467579867,0.062174427069082126,0.04195704441002901,21.979999542236328,0.004570401522182799,-0.35537103642061296,-0.34000000000000075,0.02999999999999936
2024-11-05,213.8616485595703,214.3154624265246,212.4229604778152,212.45192606649232,5600700,20.489999771118164,4.64,4.27,4.26,0.007780444857141466,0.007750333282833613,0.2044656434883179,0.21491298378772006,-0.2751615314181439,0.050960769938684036,20.489999771118164,-0.06778888999770039,-0.3904648455654468,-0.3799999999999999,-0.020000000000000462
2024-11-06,221.05023956298828,225.23111159704425,219.77086956005053,224.2655453176104,23987800,16.270000457763672,4.64,4.31,4.42,0.03361327779821921,0.033060700130696806,0.22928884511414835,0.22413311421266946,1.7974061852953027,0.07269701384904237,16.270000457763672,-0.20595409275225196,-0.5695274135259423,-0.21999999999999975,0.1299999999999999
2024-11-07,228.23883056640625,236.14676076756385,227.11877864228583,236.0791645687285,16451100,15.199999809265137,4.63,4.28,4.31,0.032520168345574474,0.03200257916888397,0.24905271895292033,0.23185326277716964,0.8276532668089808,0.11059953854521098,15.199999809265137,-0.06576525005492273,-0.5832575015596401,-0.3200000000000003,0.02999999999999936
2024-11-08,228.81814575195312,231.0968653627636,227.6594780097169,231.0968653627636,9502100,14.9399995803833,4.63,4.32,4.3,0.002538197308973311,0.002534981526561098,0.2041169912418243,0.23169411368418472,0.1100214537249636,0.06608480150374008,14.9399995803833,-0.017105278430553206,-0.6932071363776837,-0.33000000000000007,-0.07000000000000028
2024-11-11,231.04861450195312,233.7618477603648,230.76860886504485,231.734167897953,9017100,14.970000267028809,4.63,4.35,4.365,0.009747779148677749,0.009700576051863499,0.2036754516231041,0.23142989926764962,0.05356015140158634,0.08041367665681753,14.970000267028809,0.002008078145122605,-0.7019412776560946,-0.2649999999999997,0.055000000000000604
2024-11-12,231.309310913086,233.1438818469388,230.5368607690037,232.26521962387952,6861000,14.710000038146973,4.63,4.38,4.43,0.001128318435039466,0.001127682362210879,0.20390352489113517,0.23120714335741063,-0.18708097377296443,0.07720668883316373,14.710000038146973,-0.017368084451840793,-0.7155393053519532,-0.20000000000000018,0.16999999999999993
2024-11-13,232.8542022705078,235.68328295062503,232.03347126141185,232.29417630585863,11472600,14.020000457763672,4.6,4.31,4.44,0.006678898274018463,0.006656693248180195,0.20406669323150745,0.2310456260149676,0.3195299075503252,0.07834027691117496,14.020000457763672,-0.04690683742990798,-0.7178239548738183,-0.15999999999999925,0.020000000000000462
2024-11-14,233.53973388671875,235.87638473135124,232.74798322472824,234.0707942453307,10172200,14.3100004196167,4.61,4.36,4.43,0.0029440379839680286,0.002939712791084527,0.20408595880950434,0.23102579919119895,0.14557478073237864,0.07775589754134282,14.3100004196167,0.020684732695029018,-0.7156326317302779,-0.1800000000000006,0.1200000000000001
2024-11-15,236.8612823486328,237.9330534569948,233.14388893789496,233.14388893789496,11518800,16.139999389648438,4.6,4.34,4.43,0.01422262673094088,0.014122434059854642,0.20739246344548082,0.23186274739501198,0.2650410879168852,0.08847682015185443,16.139999389648438,0.1278825238553527,-0.5746555095427771,-0.16999999999999993,0.1299999999999999
2024-11-18,236.5909118652344,239.3910269686542,234.3218424056193,239.2268837126996,9051400,15.579999923706056,4.63,4.33,4.42,-0.0011414718383583322,-0.0011421238135252993,0.2010656910246297,0.23166803305789818,-0.023006526494285473,0.09878911700572424,15.579999923706056,-0.03469637466662745,-0.562456810365476,-0.20999999999999996,0.054999999999999716
2024-11-19,234.7177124023437,236.70676140391376,233.2307581603698,233.9066464521761,6792700,16.350000381469727,4.62,4.34,4.39,-0.0079174616139005,-0.00794897114028113,0.20601073516859933,0.23252855550450724,-0.25558146772984514,0.08464207000660884,16.350000381469727,0.049422365952137115,-0.576968784493719,-0.23000000000000043,-0.040000000000000036
2024-11-20,232.4872894287109,236.1853820806055,230.42099380614764,235.9826082126915,9015300,17.15999984741211,4.62,4.37,4.41,-0.009502576310941091,-0.009548013867551235,0.21018103143958267,0.23361356282180543,-0.027116800372953127,0.07774942769513449,17.15999984741211,0.049541250583724494,-0.5824726737991714,-0.20999999999999996,-0.03000000000000025
2024-11-21,236.3302154541016,237.03508413180523,233.771489998293,234.8529113632746,8783500,16.8700008392334,4.63,4.39,4.43,0.016529617747421232,0.016394490648924037,0.21470759530168343,0.2354813824713569,-0.06614591556453597,0.08791899402099412,16.8700008392334,-0.016899709251596895,-0.5778521712680578,-0.20000000000000018,0.0
2024-11-22,239.9896850585937,240.5690116009233,234.65979541625032,235.219821387118,7997300,15.239999771118164,4.63,4.42,4.41,0.015484560860999252,0.015365898437744671,0.2092711697341874,0.23707960798501512,-0.15702762457145417,0.11803340544741081,15.239999771118164,-0.0966212796103989,-0.5702297708942272,-0.21999999999999975,-0.019999999999999574
2024-11-25,241.66973876953125,245.55128980408412,240.4821054076885,240.9938504633305,10295400,14.600000381469728,4.62,4.37,4.27,0.0070005246705806545,0.006976134759706247,0.20685391927040084,0.2364679292534061,0.06581556568590254,0.10993331388377081,14.600000381469728,-0.04199471123755005,-0.5707487287943932,-0.35000000000000053,-0.15000000000000036
2024-11-26,241.3607788085937,242.35530337685785,239.7869129604672,241.8628736022572,6212100,14.100000381469728,4.61,4.37,4.3,-0.0012784387590710766,-0.0012792566590657767,0.1988179836189353,0.23204729599207002,-0.3556748346946713,0.12144458566447391,14.100000381469728,-0.0342465744476691,-0.5942734853259037,-0.3100000000000005,-0.08999999999999986
2024-11-27,241.18698120117188,242.538772669566,240.2021216084016,240.76214760817405,5472300,14.100000381469728,4.6,4.34,4.25,-0.0007200739419209734,-0.0007203333196834766,0.2000743388161272,0.23172050486392456,-0.42754296330701347,0.11309657776126514,14.100000381469728,0.0,-0.6110830958338188,-0.34999999999999964,-0.16000000000000014
2024-11-29,241.1194000244141,243.09879896511487,240.85869496329937,241.25457769809185,5494800,13.510000228881836,4.58,4.3,4.18,-0.0002802024239501044,-0.00028024168798405447,0.19171660472247598,0.23083919973830458,-0.4180818453460474,0.12527054701020024,13.510000228881836,-0.041843981320970225,-0.5430937017965608,-0.40000000000000036,-0.25
2024-12-02,237.76889038085932,241.63112616369568,236.5909072884335,240.95523784835137,8899700,13.34000015258789,4.51,4.3,4.19,-0.013895645241384647,-0.013993093510601672,0.20433482566051228,0.226806903907623,-0.06725183739240938,0.10455724204728956,13.34000015258789,-0.012583277084667777,-0.5278034905148152,-0.3199999999999994,-0.21999999999999975
2024-12-03,236.38815307617188,240.4627983571973,236.20469451535047,239.6806979522308,6657700,13.300000190734863,4.49,4.27,4.23,-0.005807056181638237,-0.005823982692997571,0.1957997801097115,0.22439754419254382,-0.2964329721286979,0.11393211298333972,13.300000190734863,-0.002998497855734139,-0.531332991720877,-0.2599999999999998,-0.03999999999999915
2024-12-04,235.01705932617188,236.89991119978995,233.88735704195787,236.2722889974968,7346300,13.449999809265137,4.47,4.23,4.19,-0.005800179628960511,-0.005817065998467598,0.19952231389444397,0.1932603521107705,-0.23075875963082954,0.09892101229505301,13.449999809265137,0.01127816664504766,-0.5397493073415593,-0.27999999999999936,-0.10999999999999943
2024-12-05,237.02542114257807,238.66686850941545,236.19503980642355,236.93852436784667,6572500,13.539999961853027,4.46,4.23,4.17,0.00854560014564254,0.008509293201172372,0.1701312403678655,0.19331003296533944,-0.24273803344626493,0.07226946060394401,13.539999961853027,0.006691461253842901,-0.27494910251582455,-0.29000000000000004,-0.08000000000000007
2024-12-06,238.8406982421875,239.20761541279887,236.4074851983536,237.2378666090839,5519700,12.770000457763672,4.42,4.19,4.15,0.00765857556906302,0.007629397559160656,0.1341443439578528,0.19313979462281133,-0.321297597053878,0.04645076234167189,12.770000457763672,-0.056868501200791455,-0.1595742267995868,-0.2699999999999996,-0.02999999999999936
2024-12-09,235.41293334960932,239.3331004642951,235.3646524537945,238.6185962459748,7076500,14.1899995803833,4.42,4.2,4.2,-0.014351678410780666,-0.014455659818230136,0.14667230429619682,0.1943135490397154,-0.11670116938954209,0.02882108661436833,14.1899995803833,0.1111980479026784,-0.3241347960432926,-0.21999999999999975,0.009999999999999787
2024-12-10,234.4956512451172,239.4200078686549,233.87769409575165,235.49017580217017,9108300,14.18000030517578,4.41,4.22,4.22,-0.0038964813506227047,-0.0039040924114179996,0.14441882612987333,0.19256078299507767,0.13626426131221225,0.014919097223735633,14.18000030517578,-0.0007046705780981988,-0.33253298654419505,-0.1900000000000004,-0.010000000000000675
2024-12-11,235.142578125,235.85709707692163,233.8390676036829,235.59639202600604,7884400,13.579999923706056,4.38,4.21,4.26,0.0027588011822299308,0.002755002674862365,0.14459211630771118,0.19238317411306033,-0.022656630109053045,0.01657204025545833,13.579999923706056,-0.04231314305760059,-0.33581037530382585,-0.1200000000000001,0.0699999999999994
2024-12-12,233.21145629882807,235.692949917877,232.73832710066324,234.63082916006212,6113800,13.920000076293944,4.35,4.22,4.32,-0.008212557000822573,-0.008246465826795233,0.14628298719737012,0.19238139730980358,-0.2161026049349712,0.0015342391283332812,13.920000076293944,0.025036830228132967,-0.3298454124500742,-0.02999999999999936,0.15000000000000036
2024-12-13,231.6762084960937,234.3604611019865,230.9037584171961,233.7328537003409,10392700,13.8100004196167,4.34,4.24,4.4,-0.0065830719772496105,-0.006604835964090133,0.14772162325774876,0.19178373949935495,0.3306471231431476,-0.007979478950374208,13.8100004196167,-0.007902274143272159,-0.3286364876325551,0.0600000000000005,0.25
2024-12-16,231.32861328125,232.38106899290696,229.33956421642745,232.32313781366128,9032000,14.6899995803833,4.37,4.24,4.39,-0.0015003492033129895,-0.0015014758542331473,0.13739882032122486,0.19193562986538168,0.17513583279555342,-0.023358266967580477,14.6899995803833,0.06372187791657047,-0.6580078854636612,0.019999999999999574,0.1899999999999995
2024-12-17,230.150619506836,230.7878919154712,228.4802067386796,230.43062510460985,8083600,15.869999885559082,4.38,4.25,4.4,-0.005092296010013264,-0.005105305935059993,0.13810204104003604,0.19251856629737513,0.058405007901769286,-0.02722121618123219,15.869999885559082,0.0803267759620312,-0.6536453426385642,0.020000000000000462,0.1800000000000006
2024-12-18,222.4358367919922,230.8362124328699,221.6247707144596,230.7686162264445,11322400,27.6200008392334,4.36,4.3,4.5,-0.03352058200570984,-0.03409527596216739,0.1795604663459822,0.20631124376451643,0.4397734490587823,-0.05232615589444056,27.6200008392334,0.7403907396600702,-0.7589553691246406,0.13999999999999968,0.2400000000000002
2024-12-19,224.93663024902344,228.2195249429689,224.2703921842892,224.2703921842892,11790800,24.09000015258789,4.35,4.28,4.57,0.011242763275460144,0.01118003314786104,0.18407405728250784,0.2065336341090934,0.47333617400931427,-0.032477728990009114,24.09000015258789,-0.1278059587033482,-0.7761112879237958,0.22000000000000064,0.25
2024-12-20,229.41683959960932,230.97139028265684,223.6138201931546,223.9324564524048,32348400,18.36000061035156,4.34,4.27,4.52,0.01991765123193101,0.0197218899506658,0.1887207125797133,0.20959832661319358,2.5233936043158534,-0.02925303411249558,18.36000061035156,-0.23785801186974176,-0.8336668829201564,0.17999999999999972,0.11999999999999922
2024-12-23,230.1795959472656,230.40167037895355,226.79048935961865,227.93950685968343,8611500,16.780000686645508,4.36,4.26,4.59,0.0033247618134200074,0.0033192470130796858,0.17905153195098952,0.20959571559912601,-0.06516083543346021,-0.0408771281521243,16.780000686645508,-0.08605663786390239,-0.844919399999052,0.22999999999999954,0.20000000000000018
2024-12-24,233.964584350586,234.1383926210489,230.836182814854,231.1837698892596,3729100,14.270000457763672,4.4,4.24,4.59,0.016443631277324622,0.01630989881261814,0.18815166456425214,0.21158345002996956,-0.5802184516566237,-0.03188299229426195,14.270000457763672,-0.14958284422952606,-0.8478203102760182,0.1899999999999995,0.1899999999999995
2024-12-26,234.7660217285156,234.88188409735528,232.49695211699543,233.1149093062428,4451800,14.729999542236328,4.35,4.23,4.58,0.003425464499912101,0.0034196109599786764,0.1890019437647143,0.20714227186932305,-0.49384992066889394,-0.027323234175126387,14.729999542236328,0.03223539381334706,-0.8429525223866502,0.23000000000000043,0.08000000000000007
2024-12-27,232.8638458251953,235.0073878325532,231.77275951756664,234.3604651162079,5730200,15.949999809265137,4.31,4.2,4.62,-0.00810243275119249,-0.008135435850590041,0.19048296277841778,0.20832685925697705,-0.34945523034498105,-0.03450905738993559,15.949999809265137,0.08282418906603617,-0.8435382273251042,0.3100000000000005,0.04999999999999982
2024-12-30,231.0775909423828,232.54523003977909,228.9436990328983,230.54653053655983,5723800,17.399999618530273,4.37,4.17,4.55,-0.007670812428965057,-0.0077003844352347,0.19153860844190165,0.20778747682941598,-0.3510254247281105,-0.041646624373710806,17.399999618530273,0.0909090800379102,-0.8452111754841354,0.17999999999999972,0.03000000000000025
2024-12-31,231.4541473388672,233.1245602327912,230.7975595775248,231.78243385290807,4871000,17.350000381469727,4.37,4.16,4.58,0.0016295669127790458,0.0016282406092887939,0.18666737959411311,0.1966437432657057,-0.4348089680999498,-0.026558323218303093,17.350000381469727,-0.002873519434293592,-0.8814177664637584,0.20999999999999996,-0.009999999999999787
2025-01-02,231.73416137695312,234.9011937371106,231.20310097714537,232.6224738942401,9220900,17.93000030517578,4.36,4.17,4.57,0.001209803502358442,0.001209072279798939,0.1860981289825465,0.1965195641393412,0.054240646385376526,-0.019687922760321608,17.93000030517578,0.03342938968033171,-0.8879220574881993,0.20999999999999996,-0.019999999999999574
2025-01-03,234.90118408203125,236.4460843210158,231.9851918792467,235.4901756406523,9491100,16.1299991607666,4.34,4.18,4.6,0.01366661991594098,0.01357407390670347,0.19206655873579592,0.1977973303635658,0.07198947335725923,-0.0004930503533354669,16.1299991607666,-0.10039046925668937,-0.8926073534322843,0.2599999999999998,0.019999999999999574
2025-01-06,233.7559509277344,238.4533888259261,233.4938994273639,236.52199744283416,9917800,16.040000915527344,4.35,4.17,4.62,-0.00487538263705356,-0.004887306085016067,0.19004795444051212,0.19719093718085748,0.09941370071355804,-0.013793753425616617,16.040000915527344,-0.005579556721748813,-0.8954887734558897,0.27000000000000046,0.0
2025-01-07,236.0076141357422,238.036051249581,233.8044710816832,235.00795317306168,8753400,17.81999969482422,4.35,4.19,4.67,0.009632538547452274,0.009586441433098817,0.19130761226856413,0.19751827997020796,-0.046748360363401735,-0.011861814704512974,17.81999969482422,0.11097248614080613,-0.8538606832795796,0.3200000000000003,0.1200000000000001
2025-01-08,235.96878051757807,237.05578696137664,233.41624059042408,235.5999684129956,8675300,17.700000762939453,4.35,4.19,4.67,-0.00016454392078124602,-0.00016455745961735488,0.1841688081054148,0.17797931493241714,-0.06340704002055575,0.002361158157539567,17.700000762939453,-0.006733946910202238,-0.8624927560534008,0.3200000000000003,0.08999999999999986
2025-01-10,232.80479431152344,236.6287467717316,231.7080877315012,235.9299526770056,10256800,19.540000915527344,4.36,4.25,4.77,-0.013408494967489748,-0.013499200565696281,0.19000493826453677,0.18034417256451918,0.10051029823906335,-0.0072106110480757435,19.540000915527344,0.1039548063998117,-0.8589736291014051,0.40999999999999925,0.1999999999999993
2025-01-13,237.0169982910156,237.33726537542867,231.96044811515128,232.6107120293977,10005300,19.190000534057617,4.37,4.24,4.79,0.018093287090366728,0.017931551543188245,0.20064589577867967,0.1834250101635399,0.06144809854780643,0.00797141964233794,19.190000534057617,-0.017911994118260277,-0.8290611315659872,0.41999999999999993,0.1900000000000004
2025-01-14,240.18096923828125,240.4236056871978,235.0564886219116,235.51264633062303,12407400,18.709999084472656,4.36,4.22,4.78,0.01334913094874679,0.01326081638055447,0.20286917513870364,0.18479673600251828,0.2737603258060327,0.029884950979949698,18.709999084472656,-0.025013102460996528,-0.8337705378838326,0.41999999999999993,0.16000000000000014
2025-01-15,244.917236328125,246.19834907161936,236.50259128635952,243.0246601878404,18448500,16.1200008392334,4.35,4.19,4.66,0.019719576887646584,0.019527664877524033,0.21014622909306502,0.18832253879678787,0.8187410626747723,0.0571531618114105,16.1200008392334,-0.13842856076827315,-0.8545245077528953,0.3100000000000005,-0.009999999999999787
2025-01-16,246.7806701660156,249.46908602016472,244.8978090555052,246.51861866884337,15292300,16.600000381469727,4.34,4.18,4.61,0.007608422607684906,0.007579624540068057,0.21016518033369289,0.1886140237782325,0.4624585308566767,0.0667969978533478,16.600000381469727,0.029776644990494594,-0.8508493296732628,0.27000000000000046,-0.05999999999999961
2025-01-17,251.5266265869141,252.9436150124132,244.7133916419881,246.65448303751725,17678100,15.970000267028809,4.34,4.21,4.61,0.019231475535364195,0.019048887948547543,0.21489067566036707,0.18988090391709034,0.6164615164459262,0.09287833821991165,15.970000267028809,-0.03795181325081021,-0.8379692374602727,0.27000000000000046,-0.15999999999999925
2025-01-21,255.2826538085937,256.4667208378916,251.856628410342,252.4098466101375,13712100,15.0600004196167,4.36,4.21,4.57,0.014932920910390113,0.014822522536842898,0.16224826398734285,0.1914731746775838,0.24026527300651787,0.14766872771188289,15.0600004196167,-0.05698183044435312,-0.7132803913877481,0.20999999999999996,-0.21999999999999975
2025-01-22,255.0982818603516,255.6223849417653,252.5845715231655,255.1565122450964,9021900,15.100000381469728,4.36,4.2,4.6,-0.0007222266984906467,-0.0007224876298346061,0.1635664584822282,0.1912148757431403,-0.17361700451621206,0.13408955036774906,15.100000381469728,0.0026560398896753323,-0.7140919323251046,0.23999999999999932,-0.1800000000000006
2025-01-23,258.1166381835937,258.99980869731013,256.03965618936724,256.8937411358266,10749700,15.020000457763672,4.36,4.18,4.65,0.011832131134832391,0.011762678780678366,0.15721528976564852,0.19190983693024788,0.09273791855571595,0.1250989187806475,15.020000457763672,-0.005298008058611026,-0.6812439201575058,0.29000000000000004,-0.009999999999999787
2025-01-24,257.039306640625,259.2327492897336,255.26322113163457,255.9231850657849,7666300,14.850000381469728,4.35,4.17,4.63,-0.004173816730878133,-0.004182551417054947,0.1610528189504717,0.1900016184559674,-0.21693663216256356,0.11669023304529991,14.850000381469728,-0.011318247078086596,-0.6964307072663816,0.28000000000000025,0.019999999999999574
2025-01-27,258.01959228515625,258.13605303558734,254.535336614133,256.3890825417096,7522300,17.899999618530273,4.32,4.13,4.53,0.0038137577374568465,0.003806503800738775,0.15597642018420496,0.18856195107371335,-0.2462474197879717,0.10281474010837832,17.899999618530273,0.20538714873478559,-0.568013164155058,0.20999999999999996,-0.08000000000000007
2025-01-28,259.2715759277344,259.45595234973075,257.02958825496063,258.0195637615963,7375400,16.40999984741211,4.31,4.14,4.55,0.004852281299609462,0.004840546926381335,0.1558798821576105,0.1861846687798859,-0.2716359305469693,0.10438288308841015,16.40999984741211,-0.08324021245093771,-0.5453964249076269,0.2400000000000002,-0.020000000000000462
2025-01-29,258.7280578613281,262.7073011271936,257.78662735417487,259.3395063870375,7684900,16.559999465942383,4.31,4.17,4.55,-0.0020963272370347896,-0.0020985276066447945,0.15053231609406892,0.18632736433050878,-0.24832607325223757,0.11107010598608924,16.559999465942383,0.009140744663317601,-0.5085166090738718,0.2400000000000002,-0.04999999999999982
2025-01-30,260.3294677734375,261.75617104949805,258.766873890751,260.71768010583645,8753500,15.84000015258789,4.3,4.16,4.52,0.006189548691961644,0.006170472111935493,0.14252464113323776,0.1840919293251201,-0.15630542061839772,0.12658898126711216,15.84000015258789,-0.04347822080763086,-0.4619604493504474,0.21999999999999975,-0.13000000000000078
2025-01-31,259.4268493652344,262.8431891272981,259.09686738707205,261.3000250446993,7193800,16.43000030517578,4.31,4.17,4.58,-0.0034672156629946826,-0.0034732403852603066,0.1456960571921056,0.18458139472129417,-0.31431066003008196,0.1208563438935184,16.43000030517578,0.03724748402174094,-0.4760997557057234,0.27000000000000046,-0.04999999999999982
2025-02-03,258.9513244628906,260.2712821624786,253.99184960482245,254.11799568005063,8381400,18.6200008392334,4.34,4.2,4.54,-0.0018329826057220666,-0.001834664573998494,0.14733309419357163,0.1813081900702457,-0.19790341326961017,0.11744993886190302,18.6200008392334,0.1332927871807601,-0.4982129637444711,0.20000000000000018,0.009999999999999787
2025-02-04,260.0480651855469,261.8920964318822,258.97074385814113,261.8920964318822,5626000,17.209999084472656,4.33,4.18,4.52,0.004235316134918676,0.0042263724275965016,0.14428784843230522,0.18108390516298,-0.4514489411677527,0.10705301976993842,17.209999084472656,-0.07572511768043466,-0.44884494772773587,0.1899999999999995,-0.03000000000000025
2025-02-05,262.46466064453125,262.6684965624178,260.4265087965908,260.9894418764152,5704400,15.770000457763672,4.33,4.17,4.43,0.009292879980707047,0.009249966824544542,0.1399911044847099,0.17061915125166843,-0.43214035423037717,0.12281488279916397,15.770000457763672,-0.08367220821110855,-0.48014081773917516,0.09999999999999964,-0.1200000000000001
2025-02-06,268.7441101074219,268.8217703532776,263.20230221236784,264.4251993255983,7264400,15.5,4.34,4.19,4.45,0.023924933160411888,0.023643216469657564,0.15330379137231562,0.1652982166184941,-0.2714464661984417,0.13870949075757766,15.5,-0.01712114457363567,-0.5055347472659294,0.11000000000000032,-0.0699999999999994
2025-02-07,267.676513671875,270.3455145608461,266.6186223283094,269.10321715000055,6857900,16.540000915527344,4.35,4.25,4.49,-0.003972538914881252,-0.003980450407020918,0.15607559125653997,0.16586816031806856,-0.30588899729962793,0.1343725771042621,16.540000915527344,0.06709683325982874,-0.5365092805195761,0.14000000000000057,-0.08999999999999986
2025-02-10,263.0567321777344,268.0453220031556,261.6494289723988,268.01620681498275,8627400,15.8100004196167,4.35,4.24,4.51,-0.017258822713910882,-0.01740949229758217,0.16311452102681998,0.1701704031460895,-0.11953177223393019,0.1299455105968732,15.8100004196167,-0.04413545680190001,-0.33455046912973463,0.16000000000000014,-0.03000000000000025
2025-02-11,266.890380859375,268.08416285966723,261.71738476219014,262.299718167667,7196400,16.020000457763672,4.35,4.25,4.54,0.014573467289369368,0.01446829490112878,0.16022271074929065,0.17201027858287488,-0.25489260167909045,0.12603898785217127,16.020000457763672,0.013282734508116123,-0.31998615435022215,0.1900000000000004,0.020000000000000462
2025-02-12,267.3368225097656,268.3073682010428,265.2016101414744,266.0071500330046,6683900,15.890000343322754,4.35,4.3,4.62,0.0016727528693731841,0.0016713553765152645,0.15846653915424505,0.17178472410641524,-0.2868247327419993,0.11306413392204817,15.890000343322754,-0.008114863341212808,-0.3134411520176518,0.27000000000000046,0.1900000000000004
2025-02-13,268.18121337890625,268.81206220355733,265.74513402635904,267.38535874167565,8398700,15.100000381469728,4.34,4.27,4.52,0.003158528111516734,0.003153550440256669,0.14944694001713021,0.17178867567520462,-0.05308505288887586,0.09498709604747302,15.100000381469728,-0.04971679954588526,-0.19800997003303036,0.17999999999999972,0.0699999999999994
2025-02-14,268.4432373046875,271.0054922240324,268.30737630553097,269.20026178200214,5688600,14.770000457763672,4.34,4.23,4.47,0.0009770405707392182,0.000976563577270147,0.1495019904383084,0.17002977971811334,-0.32192641746594347,0.0877806479903751,14.770000457763672,-0.021854299031079716,-0.20122108846685544,0.1299999999999999,-0.020000000000000462
2025-02-18,271.7043151855469,271.7237154392855,267.8900475882826,268.6082716385242,7919800,15.350000381469728,4.34,4.24,4.55,0.012148109647321714,0.01207491356310321,0.1421900149610854,0.17111208130545122,0.002323627085695772,0.0802208850507542,15.350000381469728,0.03926878170143766,-0.13953314573418743,0.20999999999999996,0.040000000000000036
2025-02-19,271.02490234375,271.9954480996811,269.0546956439582,270.1805322750829,7007200,15.270000457763672,4.34,4.22,4.53,-0.0025005596298053323,-0.0025036912506622073,0.1377000988584919,0.17007893954895437,-0.07388059652176557,0.06166595458130719,15.270000457763672,-0.005211721284556492,-0.08555753346484996,0.1900000000000004,-0.009999999999999787
2025-02-20,258.94158935546875,270.5299077608093,257.9128132494212,270.47167738640707,13846700,15.65999984741211,4.33,4.2,4.5,-0.04458377397718083,-0.04560819468418482,0.22083817031405387,0.19510979587591806,0.7735274132925859,0.015065987379801804,15.65999984741211,0.025540234312838583,-0.10960445677217251,0.16999999999999993,-0.1200000000000001
2025-02-21,256.45703125,261.2709600914064,255.09827295553427,260.4168749866824,12835600,18.209999084472656,4.32,4.15,4.42,-0.009595052350041766,-0.009641381456490357,0.219745281130421,0.19408265027408814,0.6223506110547251,-0.006429678246519077,18.209999084472656,0.1628352019097845,-0.165329283519775,0.09999999999999964,-0.09999999999999964
2025-02-24,253.6424102783203,259.1357025074417,250.99280984837583,257.67016901902093,10372800,18.979999542236328,4.31,4.15,4.4,-0.010975019705877886,-0.011035689544814601,0.2226689536270919,0.1934873918832378,0.28901815633172634,-0.01321547434398429,18.979999542236328,0.04228448635234905,-0.18196567646819312,0.09000000000000075,-0.0699999999999994
2025-02-25,249.81846618652344,255.2535282245515,245.8877678084944,254.5062186715709,9608400,19.43000030517578,4.3,4.12,4.3,-0.015076122670498515,-0.015190922695431253,0.22776173523172283,0.19584377366722786,0.1787480862089271,-0.03178489674369045,19.43000030517578,0.023709208313628327,-0.2793660470687911,0.0,-0.25
2025-02-26,251.1675262451172,253.2250783593955,249.3622958683516,249.58553203875115,5943600,19.100000381469727,4.31,4.12,4.25,0.00540016148200384,0.005385632891009462,0.22797476614631254,0.19605369126561584,-0.26438500105819845,-0.031256992416615725,19.100000381469727,-0.016984041097423352,-0.26903932173635947,-0.05999999999999961,-0.28000000000000025
2025-02-27,251.4198608398437,255.8746918285848,250.2649090455339,252.51658225954176,8204400,21.1299991607666,4.32,4.13,4.29,0.0010046465739375066,0.0010041422543153012,0.22814853540275454,0.19603354362378062,0.012170997237144765,-0.02824663502634661,21.1299991607666,0.1062826564792283,-0.24114842451022162,-0.03000000000000025,-0.20999999999999996
2025-02-28,256.8549194335937,257.0102103033765,250.29405049282587,253.0503967893836,10467100,19.6299991607666,4.32,4.08,4.24,0.02161745923967473,0.021387115683810347,0.24091114001338257,0.2005514688176439,0.27781185813213205,-0.013346734695696028,19.6299991607666,-0.07098911782188544,-0.3006395068379442,-0.08000000000000007,-0.17999999999999972
2025-03-03,252.9436187744141,258.47574118143245,250.2261026277376,256.22406802064074,9058300,22.780000686645508,4.35,4.06,4.16,-0.015227664970578147,-0.015344796474979373,0.246365850153793,0.20100324996616337,0.09338354667970282,-0.024990592171486692,22.780000686645508,0.16046875499488777,-0.35647341546471456,-0.1899999999999995,-0.2400000000000002
2025-03-04,242.87905883789065,249.6534784144641,238.70570941047404,247.76090247214185,13465600,23.51000022888184,4.34,4.04,4.22,-0.03978973648471218,-0.04060299400752662,0.2832298275528075,0.21798890085930653,0.5769786599147896,-0.06206674423595482,23.51000022888184,0.032045633021612785,-0.3586552736350114,-0.1200000000000001,-0.08000000000000007
2025-03-05,244.12136840820312,245.59660207726964,240.5303521377995,243.84961678618464,7861400,21.93000030517578,4.35,4.06,4.28,0.005114930765363512,0.005101893943061448,0.2835513272079507,0.21779625719694287,-0.09123381765258715,-0.06124520390482391,21.93000030517578,-0.06720544059225664,-0.3614982229229102,-0.0699999999999994,0.03000000000000025
2025-03-06,239.27833557128903,242.015281613365,236.66758002130527,240.8020994619524,9983200,24.8700008392334,4.34,4.02,4.29,-0.01983862727172614,-0.02003805482422618,0.28560130384505483,0.2212179609504646,0.12619111812530107,-0.08834075039399147,24.8700008392334,0.1340629499838053,-0.3749526680258553,-0.04999999999999982,0.0
2025-03-07,235.14382934570312,239.45305495919504,232.3680678348996,238.00693642207267,20498700,23.3700008392334,4.34,4.05,4.32,-0.017279066304580315,-0.01743009161675199,0.2683770238818412,0.2235518715999091,1.1518041922953177,-0.12502704058625924,23.3700008392334,-0.06031362884530711,-0.2924880752822875,-0.019999999999999574,0.08000000000000007
2025-03-10,225.380126953125,230.5143072655119,221.9638018922669,229.25260968443945,18887200,27.86000061035156,4.33,3.98,4.22,-0.041522256483387254,-0.042408936884325545,0.29645126263998023,0.23800631296529648,0.864895954185283,-0.15801306636337187,27.86000061035156,0.19212664141544988,-0.43995959388522593,-0.11000000000000032,0.05999999999999961
2025-03-11,222.390869140625,226.44775837890697,220.0130348377413,224.92399432932947,18143000,26.920000076293945,4.34,4.03,4.28,-0.013263182752229596,-0.013351924297594183,0.29519918690226954,0.23932907728428549,0.7110339669902381,-0.15458970656426108,26.920000076293945,-0.0337401476476763,-0.4567030302786862,-0.05999999999999961,0.0600000000000005
2025-03-12,221.1873779296875,227.41829488617915,220.5662292212008,227.1077131272591,16054000,24.229999542236328,4.35,4.07,4.32,-0.0054116035230586945,-0.005426299291832283,0.2829541407660589,0.23938515639773747,0.4533228442543777,-0.1712426007356499,24.229999542236328,-0.09992572535044164,-0.452331268833375,-0.02999999999999936,0.040000000000000036
2025-03-13,218.5572052001953,222.74025511632564,217.62547474110963,222.54614892341084,16467900,24.65999984741211,4.34,4.03,4.27,-0.011891151991178628,-0.011962417253129097,0.28000758399445597,0.23998468193560113,0.427570800330455,-0.18246501492621137,24.65999984741211,0.017746608060236646,-0.4450528236720345,-0.07000000000000028,-0.020000000000000462
2025-03-14,225.5936279296875,226.27300690677845,220.8767755896688,221.40086371218152,11962100,21.770000457763672,4.33,4.09,4.31,0.03219487878721239,0.03168748526621189,0.3141245321317451,0.24888638860342932,0.02119896395527319,-0.158801524210601,21.770000457763672,-0.1171938121464231,-0.522824582119189,-0.020000000000000462,-0.010000000000000675
2025-03-17,227.03976440429688,228.7285193720178,223.6719842138744,224.37076354224345,9586000,20.51000022888184,4.34,4.11,4.31,0.006410360469313092,0.0063899014950258085,0.31689946456381374,0.24926824938594655,-0.1950389002951636,-0.15423548499900186,20.51000022888184,-0.05787782280144549,-0.5332455753277456,-0.03000000000000025,0.08999999999999986
2025-03-18,228.04913330078125,229.2137852248078,226.6418449421928,227.4182844946614,10344900,21.700000762939453,4.34,4.13,4.29,0.004445780232078533,0.0044359269440507965,0.31147477625587905,0.24925152428445663,-0.14006802214980085,-0.1606716546071545,21.700000762939453,0.0580205032071075,-0.538007938891824,-0.04999999999999982,0.009999999999999787
2025-03-19,232.06719970703125,235.19235827185224,227.9714953720013,228.79646520042016,10120600,19.89999961853028,4.33,4.1,4.25,0.01761930136761558,0.017465880962769558,0.32458290471312334,0.24154121714373128,-0.16946061224029232,-0.14374215173522098,19.89999961853028,-0.08294935857713526,-0.5692035329789118,-0.08000000000000007,-0.07000000000000028
2025-03-20,231.9701385498047,234.6391394103261,229.24290731273203,229.5923043813926,8328500,19.799999237060547,4.33,4.06,4.24,-0.00041824591044792303,-0.00041833339966424794,0.29277027744533873,0.24056071454533567,-0.3006940161625033,-0.10416036633125902,19.799999237060547,-0.00502514489380268,-0.6222254406032548,-0.08999999999999986,-0.02999999999999936
2025-03-21,234.51296997070312,235.1632338340445,229.5340656263688,230.8054781658387,19326900,19.280000686645508,4.33,4.04,4.25,0.010961891202011298,0.010902245165687125,0.29795158556890267,0.2382204032149887,0.5797397956389573,-0.08556622983717421,19.280000686645508,-0.02626255406322109,-0.650427314436452,-0.08000000000000007,-0.05999999999999961
2025-03-24,240.7535858154297,241.36503440089743,237.21109961277028,238.24957590512537,9422700,17.479999542236328,4.33,4.11,4.34,0.02661096247898853,0.02626304951973095,0.3159281885564701,0.24400553894444926,-0.22680621742100524,-0.050814942377924055,17.479999542236328,-0.09336105188294774,-0.6733196849368349,0.009999999999999787,0.03000000000000025
2025-03-25,243.7331695556641,244.40284852183763,240.32654434675555,241.96676910521467,9287700,17.149999618530273,4.33,4.09,4.31,0.01237607211598779,0.012300114597186154,0.31647579799247466,0.243049807258598,-0.23687974962799974,-0.024358874360856264,17.149999618530273,-0.018878714665219953,-0.6704588983870153,-0.020000000000000462,0.019999999999999574
2025-03-26,243.63609313964844,247.1688790004505,242.42291097853027,245.1598570425021,12779300,18.32999992370605,4.33,4.1,4.35,-0.0003982897206508129,-0.0003983690590687512,0.3155360055495298,0.2429920522275468,0.02132471793150436,-0.02998569607330026,18.32999992370605,0.06880468404796969,-0.6580391510083525,0.019999999999999574,0.09999999999999964
2025-03-27,240.81179809570312,243.2575774444153,239.8994827539973,242.1802711082619,8022500,18.690000534057617,4.33,4.1,4.38,-0.011592268647677262,-0.011659982809724502,0.3173878875744897,0.24364084884921677,-0.35837349580673383,-0.04219262037893645,18.690000534057617,0.01963996791325573,-0.6921916398249561,0.04999999999999982,0.13999999999999968
2025-03-28,235.697021484375,242.1608443805292,234.00826669006625,239.66654971371304,11978400,21.64999961853028,4.33,4.04,4.27,-0.021239726009169235,-0.021468534679006362,0.3116297355712478,0.24724173279675948,-0.0477420801188017,-0.08237295199903216,21.64999961853028,0.1583734082339292,-0.693531469142579,-0.0600000000000005,0.019999999999999574
2025-03-31,238.07489013671875,238.6183934207807,230.3687540364097,232.3583759086288,13603000,22.280000686645508,4.32,4.03,4.23,0.01008866653200946,0.01003811564552437,0.31271926939326516,0.2480298313480932,0.062221521171809235,-0.05878277819277944,22.280000686645508,0.02909935700765587,-0.6795173669160991,-0.08999999999999986,-0.10999999999999943
2025-04-01,236.48318481445312,238.45339153399044,233.78506877067235,235.47380892493115,8054700,21.770000457763672,4.32,4.01,4.17,-0.006685733725852239,-0.006708183361049222,0.28015365235430406,0.24845942218828382,-0.3574557651048391,-0.02633357545949011,21.770000457763672,-0.02289049430718948,-0.7131037988430243,-0.15000000000000036,-0.13999999999999968
2025-04-02,238.57955932617188,239.9674326166383,234.34797933558323,234.4838551459041,7758800,21.51000022888184,4.32,4.04,4.2,0.008864793128372295,0.008825731528700989,0.2815964497213736,0.24756797444018605,-0.38080707840585837,-0.022701040544573003,21.51000022888184,-0.011943051144452821,-0.710577422827624,-0.1200000000000001,-0.14999999999999947
2025-04-03,228.8549652099609,228.2141341410838,222.03667465044327,227.3697640513872,17188500,30.020000457763672,4.31,3.92,4.06,-0.040760382589675626,-0.04161437356720957,0.30979637730041015,0.26185828134274525,0.33339591040721384,-0.043561697035554015,30.020000457763672,0.39562994599392476,-0.754048730393147,-0.25,-0.3200000000000003
2025-04-04,219.13037109375,222.52562911011185,209.7253699653033,214.15454051471548,27170700,45.310001373291016,4.28,3.86,4.01,-0.04249238860642224,-0.04342160872281846,0.3390689962026307,0.27544573159431035,1.0545931488607776,-0.06810069520646655,45.310001373291016,0.5093271379872046,-0.8272421682288397,-0.27000000000000046,-0.2599999999999998
2025-04-07,209.40577697753903,216.83712407913987,197.41406528016333,200.9393169780438,22914400,46.97999954223633,4.29,3.86,4.15,-0.04437812096822724,-0.04539296819633666,0.34374079086995046,0.28990982988137076,0.7067526309556352,-0.07087736701341174,46.97999954223633,0.03685716438600095,-0.7438729249963367,-0.13999999999999968,-0.08000000000000007
2025-04-08,211.7787170410156,222.4911845873146,208.24370556467724,204.2253093166911,19485700,52.33000183105469,4.31,3.83,4.26,0.011331779369826434,0.011268055707768614,0.34565276366518344,0.29015364288917184,0.44414844438153056,-0.047718470369837895,52.33000183105469,0.11387829589075582,-0.7356001347484623,-0.04999999999999982,0.08999999999999986
2025-04-09,216.77852630615232,231.9048613201216,206.0465159965948,207.5113016553384,24022400,33.619998931884766,4.35,4.03,4.34,0.023608648380698316,0.023334274252464555,0.35724432244607685,0.29191115361050585,0.7293144586695903,-0.019932654678589734,33.619998931884766,-0.35753873962348437,-0.7638299224314731,-0.009999999999999787,0.13999999999999968
2025-04-10,221.77833557128903,224.9422782580252,214.9329086419956,214.25420209559292,18896400,40.720001220703125,4.34,3.97,4.4,0.02306413531972984,0.022802178376512036,0.3643466350708223,0.294612561731424,0.3485185949041977,0.014738156850711892,40.720001220703125,0.21118389394369697,-0.6825021031407565,0.0600000000000005,0.34000000000000075
2025-04-11,230.6549224853516,232.9790539368865,219.7178587202785,220.9971025358475,20284500,37.560001373291016,4.34,4.04,4.48,0.04002458982838397,0.039244356939518596,0.3737289335823052,0.3032194967451953,0.4058312420341774,0.022435449981954125,37.560001373291016,-0.07760313734483593,-0.6663872626091075,0.14000000000000057,0.47000000000000064
2025-04-14,229.20965576171875,234.1508635519738,228.1452484504964,231.53378705459363,13017800,30.88999938964844,4.33,3.99,4.38,-0.006265926207252859,-0.006285639514097417,0.3740618252918825,0.3028750718982195,-0.10839551190993135,0.009557318574194174,30.88999938964844,-0.17758258093104395,-0.6211791365490705,0.04999999999999982,0.22999999999999954
2025-04-15,227.6569976806641,233.04739831448416,227.35427768752865,230.55727455130136,10912900,30.1200008392334,4.33,3.99,4.35,-0.006773964543050348,-0.006797011981519937,0.37460919626296724,0.30010238504710485,-0.2540136525023891,-0.0017195225188598728,30.1200008392334,-0.024927114458703326,-0.6147418699909101,0.019999999999999574,0.08999999999999986
2025-04-16,224.21961975097656,228.0964202463851,222.57905209596737,226.5535109270035,9322300,32.63999938964844,4.33,3.96,4.29,-0.015098933767496825,-0.015214083227613449,0.3722542106160206,0.2993677621582059,-0.36100070567324966,-0.03381598074162018,32.63999938964844,0.08366528818726215,-0.6059026136883395,-0.040000000000000036,-0.04999999999999982
2025-04-17,226.5144805908203,228.83859723978307,225.13757837531108,225.3817093397388,9557900,29.64999961853028,4.34,3.99,4.34,0.010234879723694412,0.010182857998511543,0.3746402375087763,0.300424182409006,-0.34760031739801883,-0.023518794242617713,29.64999961853028,-0.09160538685752595,-0.6126838958976779,0.0,-0.0600000000000005
2025-04-21,223.6141967773437,226.36798622449223,221.0263996923449,225.2156952595232,8716200,33.81999969482422,4.34,3.95,4.42,-0.012803966465683714,-0.012886643733821784,0.3739722017023798,0.2998544877427606,-0.382698387517139,-0.046474074311203206,33.81999969482422,0.1406408138261097,-0.6145404743508355,0.08000000000000007,-0.0600000000000005
2025-04-22,230.0592498779297,230.44986835764868,225.9383180454656,226.53399818903708,10701400,30.56999969482422,4.33,3.98,4.41,0.028822199992084796,0.028414652798813767,0.3762290289147254,0.30639322043511363,-0.24551820654233447,-0.04442025609412381,30.56999969482422,-0.09609698490025054,-0.6149532377275053,0.08000000000000007,0.03000000000000025
2025-04-23,235.2250823974609,240.99632733668028,234.36573659509585,234.5805730456871,14126800,28.450000762939453,4.33,4.01,4.4,0.02245435696357445,0.022205969272053983,0.3829016641610517,0.3101410225508724,-0.020722001590214152,-0.03490738324091791,28.450000762939453,-0.06934900075395489,-0.6214175302215218,0.07000000000000028,0.05000000000000071
2025-04-24,238.8968048095703,239.7073214295824,232.0025485026731,234.11184368965115,9055200,26.46999931335449,4.32,3.97,4.32,0.015609400046485256,0.015488826463770047,0.38778186061939923,0.3118400223663404,-0.3640799113734482,-0.01945232444423428,26.46999931335449,-0.06959583115949242,-0.6295499428658847,0.0,0.03000000000000025
2025-04-25,237.83238220214844,239.85377878556812,236.07463632488924,238.9065494767277,8588600,24.84000015258789,4.32,3.95,4.29,-0.0044555749009299594,-0.004465530557901975,0.38599116125971933,0.3119015572907069,-0.39804441179913136,-0.012372383401126452,24.84000015258789,-0.061579116095565656,-0.6261065430786796,-0.03000000000000025,-0.04999999999999982
2025-04-28,237.5101318359375,241.04514340247584,235.18600030625285,238.8186702179568,7394300,25.14999961853028,4.32,3.92,4.23,-0.0013549473928955447,-0.0013558661641325399,0.3781063839140467,0.3115020712470733,-0.4732888726638114,0.007692546728608862,25.14999961853028,0.012479849598957982,-0.6141776225588084,-0.08999999999999986,-0.1899999999999995
2025-04-29,238.87725830078125,239.49247309158469,236.01605058594708,236.50431250866183,7216800,24.170000076293945,4.31,3.89,4.19,0.005756076400934784,0.00573957349089162,0.37695669742950366,0.3118284881446616,-0.47396790583203313,0.003370234314092224,24.170000076293945,-0.03896618517299222,-0.6189087107212077,-0.11999999999999922,-0.21999999999999975
2025-04-30,238.87725830078125,239.4631785682675,232.83257331348125,235.5473233123009,12991700,24.700000762939453,4.31,3.85,4.17,0.0,0.0,0.3760847460878345,0.31183961528322524,-0.06977326989907394,0.010123652082098422,24.700000762939453,0.021928038269446892,-0.6251128069149905,-0.13999999999999968,-0.23000000000000043
2025-05-01,241.09396362304688,242.6173383874093,236.48477003311547,237.1390391998316,8689600,24.600000381469727,4.31,3.92,4.25,0.00927968337393792,0.009236891637643772,0.37620822923537844,0.31239053333743233,-0.3798770472938665,0.010539060026669933,24.600000381469727,-0.004048598315015806,-0.6245093890752441,-0.05999999999999961,-0.07000000000000028
2025-05-02,246.5820159912109,247.6659579903644,243.60363036252463,245.3613612579557,7165000,22.68000030517578,4.33,4.0,4.33,0.02276312639973299,0.02250791216176236,0.34880506082193086,0.3154624256059314,-0.4697121643514835,0.07745976044254266,22.68000030517578,-0.07804878237889012,-0.5441441446248847,0.0,0.040000000000000036
2025-05-05,246.630859375,249.1698273267301,244.7071062124704,245.2832517036356,5450700,23.63999938964844,4.33,4.02,4.36,0.00019808169542590015,0.00019806207983715204,0.3017957141986614,0.3112581221669176,-0.561330583081768,0.12549829648891775,23.63999938964844,0.04232800139132187,-0.31812089484548667,0.03000000000000025,0.1299999999999999
2025-05-06,243.39854431152344,246.7187190961668,243.1544133744005,244.1309371228921,6369900,24.76000022888184,4.33,3.98,4.3,-0.013105882498515187,-0.013192522404081135,0.24560780145880037,0.3121516535772609,-0.45079043877532105,0.16232965405548705,24.76000022888184,0.04737736328892739,-0.3394158661485296,-0.03000000000000025,0.10999999999999943
2025-05-07,243.5352783203125,246.5234388677099,242.9884273574648,243.98448584012093,8724100,23.549999237060547,4.34,4.0,4.26,0.0005617700351323585,0.0005616123014167908,0.24638064154965883,0.31042829260475885,-0.21121857828389567,0.149951618004875,23.549999237060547,-0.048869183385946036,-0.3624621548732594,-0.08000000000000007,0.08999999999999986
2025-05-08,247.51950073242188,249.8729267802216,245.64457673393773,245.66411138304096,8320100,22.479999542236328,4.34,4.05,4.37,0.016359939469915652,0.01622755754889683,0.2413667179192529,0.3108302925061324,-0.19026657622156842,0.1418082083594141,22.479999542236328,-0.04543523267467309,-0.2812442490799349,0.03000000000000025,0.1200000000000001
2025-05-09,247.1386566162109,249.5116024085881,246.41602360630893,248.52531868880288,5087600,21.89999961853028,4.34,4.05,4.37,-0.0015386428749413206,-0.001539827801498134,0.23512082045324378,0.31077079079430214,-0.4691940358927329,0.11434985739069181,21.89999961853028,-0.02580070887529695,-0.552448108473227,0.03000000000000025,0.040000000000000036
2025-05-12,253.94500732421875,257.4116847639064,252.626724008892,256.7281061698435,9603900,18.38999938964844,4.42,4.11,4.45,0.027540615463398144,0.027168195038555797,0.21513270044229194,0.3160951790183072,0.061129378695871234,0.10097371687502688,18.38999938964844,-0.16027398584573116,-0.6274261526433653,0.03000000000000025,0.08999999999999986
2025-05-13,256.8355712890625,257.480080666336,254.2770833315241,254.90204315724205,8589000,18.21999931335449,4.41,4.11,4.49,0.011382637506053728,0.011318342723882893,0.21214528254046608,0.3170677323021476,-0.027205182802518914,0.12052684009116543,18.21999931335449,-0.009244158887228848,-0.8018587119652468,0.08000000000000007,0.1900000000000004
2025-05-14,259.40380859375,260.38033243913924,256.13244775146745,256.82577133737385,8643100,18.6200008392334,4.41,4.14,4.53,0.009999538972726763,0.009949874390417134,0.20734577870863016,0.31673071388978397,-0.008330933452352132,0.1394501870643896,18.6200008392334,0.02195398139152105,-0.8036697038592858,0.1200000000000001,0.27000000000000046
2025-05-15,261.2103881835937,263.1927306581205,258.54449680817817,260.7026064456924,9214600,17.829999923706055,4.38,4.1,4.45,0.006964352603908708,0.0069402135109456545,0.19078710374696187,0.3171013118018676,0.05789393621937184,0.1649756095104431,17.829999923706055,-0.0424275445714678,-0.7708784382387052,0.07000000000000028,0.08000000000000007
2025-05-16,261.2787170410156,262.1575825394603,258.495618128322,261.2201279945288,8932900,17.239999771118164,4.37,4.13,4.43,0.00026158552842048266,0.00026155132089147615,0.19227437141248527,0.3029193082655124,0.02924562813433459,0.15347467570072948,17.239999771118164,-0.03309030595134499,-0.7700198246072107,0.05999999999999961,0.05999999999999961
2025-05-19,258.66162109375,262.02086524830315,255.78086405036865,259.31587533133506,12145000,18.13999938964844,4.39,4.12,4.46,-0.0100164911130316,-0.010066993682173208,0.188604870093007,0.3029793163513946,0.3722365308685427,0.156731660250103,18.13999938964844,0.052204154900165944,-0.7642760294468651,0.07000000000000028,0.009999999999999787
2025-05-20,259.4428405761719,260.3998446453458,256.14218530617444,256.3570217379832,8436300,18.09000015258789,4.38,4.12,4.48,0.0030202373244183622,0.0030156855702859614,0.17164154101722176,0.3021323523500871,-0.03444558133785649,0.12772183997745468,18.09000015258789,-0.0027562976153726604,-0.7403833358777515,0.10000000000000053,-0.009999999999999787
2025-05-21,254.91177368164065,259.413533964149,254.6090536965372,258.1440649815309,7464000,20.8700008392334,4.36,4.13,4.58,-0.01746460563131591,-0.017618911084866476,0.1798196829999787,0.3027071284994615,-0.11186418090174818,0.0836929934662114,20.8700008392334,0.1536761007847649,-0.7892595573674278,0.21999999999999975,0.04999999999999982
2025-05-22,254.5504913330078,256.1422002145729,252.79273047922567,253.34935623964725,6514100,20.280000686645508,4.37,4.13,4.54,-0.001417283883811682,-0.0014182891805882213,0.1754784534039841,0.30254349614100423,-0.21299397793783184,0.06552488860583705,20.280000686645508,-0.02827025054444432,-0.767179636809922,0.16999999999999993,0.08999999999999986
2025-05-23,254.58950805664065,255.8394573114257,249.9900893661378,250.7810712491816,6671800,22.290000915527344,4.36,4.15,4.51,0.00015327695275124675,0.00015326520703934035,0.17356719377579158,0.3025391379128266,-0.18449865393018772,0.07045771353477548,22.290000915527344,0.09911243396581493,-0.790813455976291,0.14999999999999947,0.08000000000000007
2025-05-27,259.06201171875,259.0717566921421,255.8394652424313,255.8883093139594,7506600,18.959999084472656,4.35,4.14,4.43,0.017567509738517284,0.01741498477100294,0.17942942483787286,0.3014590959589881,-0.08308944598892858,0.09074088636226962,18.959999084472656,-0.14939442325168273,-0.8028120254031735,0.08000000000000007,-0.03000000000000025
2025-05-28,257.30426025390625,260.45844302460614,256.7281147573034,259.9897008471859,5535400,19.309999465942383,4.35,4.16,4.47,-0.006785060662433451,-0.006808183840663011,0.18361331716350493,0.3000904362763981,-0.3168509040735452,0.07714004289986742,19.309999465942383,0.018459936622906348,-0.8007021546096244,0.1200000000000001,-0.010000000000000675
2025-05-29,258.16357421875,259.1791672441841,256.3667741282984,258.5834722711684,5081200,19.18000030517578,4.36,4.13,4.43,0.0033396802835514716,0.0033341159366712648,0.18309918895648702,0.28777754071911615,-0.34072421468371644,0.08073734626376394,19.18000030517578,-0.0067322198012426115,-0.7994013796788314,0.0699999999999994,-0.15000000000000036
2025-05-30,257.80230712890625,259.10107079095377,256.5621325162056,257.265230909512,10977700,18.56999969482422,4.36,4.11,4.41,-0.0013993728237494674,-0.0014003528602970982,0.1828663225034359,0.28769185045482937,0.4035018186699737,0.06930220589007807,18.56999969482422,-0.03180399377715093,-0.7943081409760616,0.04999999999999982,-0.1299999999999999
2025-06-02,258.4468078613281,258.8081169206428,255.75159247660167,256.84529442949264,6011200,18.36000061035156,4.44,4.12,4.46,0.002499980467977725,0.0024968607152730193,0.1682748869643362,0.28437150410858814,-0.2257559286755728,0.04811702030427112,18.36000061035156,-0.011308513081515592,-0.7907409202597545,0.019999999999999574,-0.04999999999999982
2025-06-03,260.0189819335937,260.32170192801004,256.70858174263634,257.53863293425644,6998400,17.690000534057617,4.43,4.12,4.46,0.0060831630511339885,0.006064735309656224,0.1685682424717086,0.28183250098898793,-0.10750005260577107,0.054284052662838755,17.690000534057617,-0.03649237766997615,-0.7957515693015756,0.03000000000000025,0.03000000000000025
2025-06-04,258.0171203613281,260.8490334291481,257.9780510648975,259.67722274650265,5915700,17.610000610351562,4.44,4.06,4.37,-0.007698905508278675,-0.0077286950778459726,0.16277673883877802,0.2672466303271074,-0.24338455497666792,0.060060244366517246,17.610000610351562,-0.004522324550077617,-0.7752980456621195,-0.07000000000000028,-0.09999999999999964
2025-06-05,255.80039978027344,258.5248794959249,254.19888657864684,258.5248794959249,8173800,18.479999542236328,4.44,4.08,4.4,-0.008591370130595966,-0.008628488703466733,0.16773329556069005,0.2662419571870337,0.049117456796968856,0.05036281209258364,18.479999542236328,0.04940368550432428,-0.7974440365391173,-0.040000000000000036,-0.02999999999999936
2025-06-06,259.4916687011719,260.3900538690605,258.0561775861971,258.1245116003273,7738100,16.770000457763672,4.43,4.14,4.51,0.014430270336047712,0.014327144886563515,0.1657883179580395,0.2668601752812076,-0.003081672038979544,0.04836858483199835,16.770000457763672,-0.0925324202830431,-0.8188436307510907,0.08000000000000007,0.09999999999999964
2025-06-09,260.4779357910156,261.61070691825,257.1675357719009,259.75531775168025,8285000,17.15999984741211,4.44,4.13,4.49,0.0038007659158396656,0.0037935612547825713,0.1652034984524448,0.2651201023369609,0.04583628401808154,0.053974879354951266,17.15999984741211,0.0232557769232431,-0.8193368659546396,0.04999999999999982,0.03000000000000025
2025-06-10,262.2943115234375,262.58725675736963,259.6088709415357,259.63816546492893,7538100,16.950000762939453,4.45,4.12,4.47,0.006973242193838436,0.00694904157985181,0.13885822212405938,0.25841960510789297,-0.03587598802854731,0.0328783947642608,16.950000762939453,-0.012237708994171426,-0.7526050900185843,0.019999999999999574,0.009999999999999787
2025-06-11,261.8548583984375,263.2903496169879,259.5502764699578,262.37241483499554,7434100,17.260000228881836,4.45,4.08,4.41,-0.0016754199603018494,-0.0016768250459485443,0.1344075826941688,0.2584313960495303,-0.042102964170829114,0.01954280353061333,17.260000228881836,0.01828905321468688,-0.7740966022198239,-0.040000000000000036,0.040000000000000036
2025-06-12,261.9427490234375,261.9915930968164,258.91554891738133,260.5951413369258,6618000,18.020000457763672,4.46,4.06,4.36,0.00033564634063898424,0.00033559002400728724,0.13015121396270338,0.25842853795485904,-0.13598621337928873,0.009787598892442295,18.020000457763672,0.04403245763636199,-0.814271286473528,-0.09999999999999964,-0.040000000000000036
2025-06-13,258.7300109863281,260.75139274608847,256.5425772552077,258.85693405632503,7098300,20.81999969482422,4.45,4.09,4.41,-0.012265039017445467,-0.012340875336736798,0.13536241447593064,0.25818137552187553,-0.060298909751866116,-0.009495706562490214,20.81999969482422,0.15538286159444614,-0.8282387657059368,-0.040000000000000036,-0.09999999999999964
2025-06-16,264.0129699707031,265.3508326588525,260.5853915714537,260.731864186611,8566000,19.11000061035156,4.43,4.1,4.46,0.02041881018840974,0.020213141247727356,0.1540438740884564,0.2608681571394815,0.1367617551198072,0.010464889603917671,19.11000061035156,-0.08213252207192678,-0.8376205562533333,0.03000000000000025,-0.03000000000000025
2025-06-17,263.1927490234375,264.2376369004627,261.5131264794578,261.8744654078969,6739300,21.600000381469727,4.42,4.1,4.39,-0.0031067448972550427,-0.0031115808478239344,0.14961838814668302,0.2604420406773044,-0.07238042409281013,0.01751758885035848,21.600000381469727,0.13029825701676723,-0.8150527647351824,-0.03000000000000025,-0.08000000000000007
2025-06-18,267.5284423828125,271.200181276507,263.3879911545291,263.6614166167527,9586400,20.13999938964844,4.42,4.1,4.38,0.01647345291791802,0.016339237579877642,0.1593151508495194,0.25725531773600974,0.309141759961544,0.031165253158206507,20.13999938964844,-0.06759263731651577,-0.8217797734923926,-0.040000000000000036,-0.03000000000000025
2025-06-20,268.5440368652344,270.79002961674195,267.3819711943445,269.1006625666469,13969700,20.6200008392334,4.39,4.07,4.38,0.0037962112490776967,0.0037890238234018878,0.14240502371324068,0.2563553069450451,0.8265952487890538,0.053478358361819245,20.6200008392334,0.02383324052292024,-0.7763984972302297,-0.009999999999999787,0.019999999999999574
2025-06-23,271.7372741699219,272.0106996489925,265.7218838292262,268.60264103465835,8094600,19.82999992370605,4.38,4.0,4.34,0.011890926128774959,0.011820784551374688,0.14517149433917267,0.2571670821279934,0.04757751097778301,0.06751816799453736,19.82999992370605,-0.03831236097838675,-0.7970450851029953,-0.040000000000000036,-0.07000000000000028
2025-06-24,274.6571044921875,276.0730461780452,272.94818777394573,273.6317365805569,9267900,17.479999542236328,4.38,3.99,4.3,0.010745048985954853,0.010687731170035701,0.14697956562530617,0.25624058661535387,0.1796061361054631,0.0788233442482722,17.479999542236328,-0.11850733184624884,-0.8135499497307755,-0.08000000000000007,-0.16000000000000014
2025-06-25,277.391357421875,277.60619385702887,274.3153133103271,274.8914587952529,6826900,16.760000228881836,4.38,3.99,4.29,0.00995515093171484,0.009905924849131961,0.1400008335430217,0.2518973524851694,-0.12730624240200747,0.07075273438015373,16.760000228881836,-0.041189893147009715,-0.7886873852129997,-0.08999999999999986,-0.09999999999999964
2025-06-26,281.9712219238281,282.6157311500764,277.79170162727115,278.01631280950784,8942100,16.59000015258789,4.39,3.96,4.26,0.016510480155255136,0.016375664072717885,0.1417167585518543,0.2530166791034245,0.11872390335444523,0.09586689954367911,16.59000015258789,-0.010143202504316884,-0.7650481594691374,-0.1299999999999999,-0.1200000000000001
2025-06-27,280.3697204589844,281.92241945147737,278.34833893885445,279.10025150036057,17868600,16.31999969482422,4.39,3.97,4.29,-0.005679662817776432,-0.005695853436579441,0.14631755547799105,0.25286230324590186,1.0699230060370728,0.0860157995078672,16.31999969482422,-0.01627489181918751,-0.7316711180091756,-0.09999999999999964,-0.08999999999999986
2025-06-30,283.1040344238281,285.77970025058426,282.13728534359143,283.5825215764878,12689200,16.729999542236328,4.41,3.96,4.24,0.009752529482739858,0.009705280516667802,0.1460646936469785,0.2529576802304285,0.455505633701037,0.09814391336021089,16.729999542236328,0.02512254013963844,-0.7327379796113531,-0.16999999999999993,-0.09999999999999964
2025-07-01,283.59228515625,284.2953834962509,279.8619570245468,284.0610273166312,9338300,16.829999923706055,4.4,3.98,4.26,0.0017246336083325264,0.001723148135476735,0.14624385675526566,0.23540209269854975,0.051086592548195295,0.09729459420684305,16.829999923706055,0.005977309277102272,-0.7356217951023751,-0.14000000000000057,-0.040000000000000036
2025-07-02,285.1449584960937,285.9457151893501,282.89896560647867,285.18402779363225,8158700,16.639999389648438,4.41,3.99,4.3,0.005475019671244752,0.005460086233491475,0.14618159583561607,0.21406983328653476,-0.08764274627506587,0.09663131658948232,16.639999389648438,-0.011289396014196651,-0.7372479838091773,-0.11000000000000032,0.009999999999999787
2025-07-03,290.443603515625,290.8360888827844,285.74351114178125,286.66586822419856,6541600,16.3799991607666,4.42,4.07,4.35,0.018582285471492543,0.018411744262254476,0.14636140909991,0.18918510793013943,-0.2710281727730984,0.1256757036466678,16.3799991607666,-0.015625014328040088,-0.7547438739787912,-0.07000000000000028,0.08999999999999986
2025-07-07,286.4892272949219,290.4828336535378,284.63469143869315,289.70765491378785,8825700,17.790000915527344,4.42,4.08,4.4,-0.013614953721955203,-0.013708487143463162,0.1539713384479542,0.19279582236397957,-0.020055894021205087,0.11997177307388651,17.790000915527344,0.08608069761920256,-0.7735793924446541,-0.019999999999999574,0.11000000000000032
2025-07-08,277.47174072265625,284.26185381377417,275.04810559551106,283.83990288185674,15440900,16.809999465942383,4.42,4.11,4.42,-0.0314758312464668,-0.031981841615752835,0.20021920332789597,0.20340891483975446,0.6441409065886384,0.06928959265428314,16.809999465942383,-0.055087206247954934,-0.43344354843122634,0.0,0.17999999999999972
2025-07-09,277.8446655273437,281.8088370500666,277.17743733437857,281.7891933154563,11273800,15.9399995803833,4.42,4.07,4.34,0.0013440100376209685,0.0013431076645721543,0.2003360647767365,0.1997085496262538,0.1816273290493255,0.06667255590608478,15.9399995803833,-0.05175490262933857,-0.4217886165061858,-0.08000000000000007,0.08000000000000007
2025-07-10,282.7801818847656,282.89792448782646,277.6876046894077,277.6876046894077,8410900,15.779999732971191,4.42,4.07,4.35,0.0177635814891548,0.017607652934024793,0.20644191388372796,0.18785772585188715,-0.12245227997141232,0.07810261016467979,15.779999732971191,-0.010037631845926431,-0.41425610944233987,-0.07000000000000028,0.04999999999999982
2025-07-11,281.47515869140625,281.98541661358325,278.3254239763715,280.1603162556744,7384700,16.399999618530273,4.41,4.09,4.43,-0.004614974022087548,-0.004625655891737332,0.20773328101671973,0.18752283574666492,-0.22932181739246593,0.07492815070520686,16.399999618530273,0.03929023422374556,-0.42248447354922425,0.019999999999999574,0.08000000000000007
2025-07-14,283.2806701660156,283.8693832899546,279.9052418467557,281.6812629749765,9079900,17.200000762939453,4.42,4.08,4.43,0.006414461165963337,0.006393976063866745,0.20757874405820642,0.18639731034653084,-0.06442696808661358,0.08146024740951652,17.200000762939453,0.048780558720578515,-0.4051860632599104,0.009999999999999787,0.02999999999999936
2025-07-15,281.1709899902344,286.46964738040805,280.121098345475,282.5937831680985,12526100,17.3799991607666,4.42,4.12,4.5,-0.007447314264488525,-0.00747518396519486,0.203197030500846,0.1837086363574089,0.255552387018979,0.08673512175242815,17.3799991607666,0.010465022665288926,-0.3147774699536262,0.08000000000000007,0.08000000000000007
2025-07-16,280.4547119140625,285.2725470105113,277.6974624718264,282.9862680414337,9979800,17.15999984741211,4.41,4.08,4.46,-0.002547482143149815,-0.0025507324971038876,0.19525381827329383,0.18366425464905978,-0.006713774060676274,0.06227626599247715,17.15999984741211,-0.012658188951534366,-0.24084546821606012,0.04999999999999982,0.1200000000000001
2025-07-17,284.4580993652344,284.85058472552134,278.1193724596956,278.1193724596956,8509500,16.520000457763672,4.41,4.1,4.47,0.014274630737523886,0.014173707490373645,0.19767891419589267,0.1816762191415229,-0.16044817534739608,0.08079762995257589,16.520000457763672,-0.03729600205940298,-0.2314716065149529,0.05999999999999961,0.1200000000000001
2025-07-18,285.8023986816406,287.0093204502985,282.8194857660448,284.0852489011688,12217000,16.40999984741211,4.4,4.08,4.44,0.004725825418246288,0.004714693762369093,0.19219583221580694,0.17442688058070605,0.18989470936600147,0.06830659251056193,16.40999984741211,-0.006658632403358511,-0.17548271929695283,0.040000000000000036,0.010000000000000675
2025-07-21,285.50799560546875,288.65773001934355,285.125302200427,285.5374312562634,7898100,16.649999618530273,4.41,4.06,4.38,-0.0010300930906455008,-0.0010306240011560119,0.19279491921946632,0.17030110437140913,-0.20731373789796276,0.063170118905852,16.649999618530273,0.014625214707483014,-0.18836107652518627,-0.03000000000000025,-0.04999999999999982
2025-07-22,285.9593811035156,288.11809552877634,283.75161723688194,286.0280742772089,6717500,16.5,4.41,4.05,4.35,0.0015809907427972725,0.0015797422926184335,0.19003203631109855,0.16839926688026344,-0.3211121733910333,0.052337711037391266,16.5,-0.00900898630432001,-0.1662544396495062,-0.0600000000000005,-0.15000000000000036
2025-07-23,291.1893310546875,291.41499440772435,287.0583381931105,287.34290279554006,7083500,15.369999885559082,4.41,4.08,4.4,0.01828913578910929,0.018123901169806483,0.19599483415337063,0.17047428150868682,-0.2761331910840783,0.06019224076896301,15.369999885559082,-0.06848485542066174,-0.1933983401186669,-0.009999999999999787,-0.05999999999999961
2025-07-24,290.9832763671875,293.9662191525474,290.6398703754944,291.83697024730424,7001200,15.390000343322754,4.42,4.1,4.43,-0.0007076313089963149,-0.0007078817982073606,0.19459510612086928,0.17040265790534953,-0.2851800858759969,0.04899907146220506,15.390000343322754,0.0013012659669868754,-0.17090669773414385,0.009999999999999787,-0.040000000000000036
2025-07-25,293.014404296875,293.2891470363467,290.4043332995373,291.1304626389869,5918500,14.93000030517578,4.42,4.09,4.4,0.00698022221429806,0.006955973239975053,0.1883908763557901,0.17049268077262697,-0.3862498606527415,0.03916421788614333,14.93000030517578,-0.029889540473373333,-0.1788916897521209,-0.019999999999999574,-0.040000000000000036
2025-07-28,292.6808166503906,293.809223362686,291.24823151855605,292.0724598113122,5840400,15.029999732971191,4.4,4.09,4.42,-0.0011384684220042685,-0.0011391169694588115,0.18663357464837196,0.1706057817119576,-0.3540641677814011,0.043910220302150194,15.029999732971191,0.0066978851809362805,-0.1966395543022635,0.019999999999999574,0.040000000000000036
2025-07-29,291.4640808105469,295.63430134586406,290.63985258046154,294.36850837533046,7635700,15.979999542236328,4.4,4.07,4.34,-0.004157210758698793,-0.004165875983125991,0.1856771016048744,0.1708533505593828,-0.13122974050783415,0.029529944367387984,15.979999542236328,0.0632069079270261,-0.25596746507582063,-0.0600000000000005,-0.009999999999999787
2025-07-30,294.0054626464844,294.9670472888904,291.79769880383014,291.83695632333047,8061700,15.479999542236328,4.41,4.12,4.38,0.008719365449320726,0.008681571317405568,0.18744478465714529,0.1664597562720099,-0.07605045580303624,0.03671883205319593,15.479999542236328,-0.03128911228554565,-0.2731542977699738,-0.03000000000000025,-0.020000000000000462
2025-07-31,290.6791076660156,295.33015090094835,289.9530081922764,293.5246941387346,14749700,16.719999313354492,4.41,4.1,4.37,-0.011313922369083351,-0.011378411668114333,0.19254770599908774,0.16894391417886254,0.6289353393389812,0.019408195744052614,16.719999313354492,0.0801033467562382,-0.34003688435338547,-0.040000000000000036,-0.05999999999999961
2025-08-01,283.9380798339844,286.32245784834123,278.9043729516421,284.9487439683445,12007100,20.3799991607666,4.35,3.87,4.23,-0.023190616918284168,-0.02346375029226635,0.19946235565396686,0.17430709056591137,0.2871988194790249,-0.022398577909431006,20.3799991607666,0.21889952139464608,-0.5107010015992667,-0.11999999999999922,-0.16999999999999993
2025-08-04,288.7362365722656,288.7951078721262,284.8113235431083,284.8113235431083,6649500,17.520000457763672,4.35,3.82,4.22,0.01689860247377406,0.016757409513463654,0.2032659737878711,0.1766553382553451,-0.2787393802658018,0.00784325923372542,17.520000457763672,-0.14033360258957683,-0.5448066881572674,-0.1299999999999999,-0.20000000000000018
2025-08-05,285.9004821777344,290.2375243969,281.8480045472989,289.1581672885365,7182300,17.850000381469727,4.34,3.92,4.22,-0.009821262575823275,-0.009869809296697134,0.1687887010715774,0.1763023775216998,-0.18441759890170098,0.03037693652379181,17.850000381469727,0.0188356115915409,-0.810092117729008,-0.1200000000000001,-0.1200000000000001
2025-08-06,285.880859375,287.7844445938785,284.7131953506969,286.81300825463615,6330200,16.770000457763672,4.32,3.9,4.22,-6.863508093757353e-05,-6.863743643252152e-05,0.1688800523298567,0.17618760695786767,-0.2604185104504937,0.028923333231551496,16.770000457763672,-0.06050419611347535,-0.7984074280376584,-0.10000000000000053,-0.16000000000000014
2025-08-07,281.5536804199219,287.95127882891904,281.03363056399576,287.44105083933385,8057100,16.56999969482422,4.32,3.92,4.23,-0.015136301760594661,-0.015252024807010456,0.16739308449256685,0.1721465989042608,-0.05670858955859497,-0.004337296399871349,16.56999969482422,-0.01192610360644697,-0.7696459978891873,-0.08999999999999986,-0.13999999999999968
2025-08-08,283.33953857421875,285.7631740586469,279.36554536006525,283.55541003235584,6634100,15.149999618530272,4.32,3.93,4.27,0.006342869152459185,0.006322837817386712,0.16807891713089473,0.1712590788480922,-0.219879714650083,0.00662360362981973,15.149999618530272,-0.08569704903117747,-0.7676705663485349,-0.05000000000000071,0.03999999999999915
2025-08-11,284.1244812011719,285.8514526951056,283.3591242790355,283.9674810703858,5510100,16.25,4.34,3.93,4.27,0.0027703250697130866,0.0027664947916633004,0.16683174515196486,0.17040035767776493,-0.33816229863713154,0.0029787102475495875,16.25,0.07260728773380931,-0.7706323763047306,-0.07000000000000028,0.04999999999999982
2025-08-12,287.35272216796875,289.21705000432985,284.889829479602,286.02805793473163,8570900,14.729999542236328,4.33,3.9,4.29,0.011362065504348928,0.011298002043544053,0.16875101687314883,0.17122476739036305,0.05453022043765176,0.02198566849997241,14.729999542236328,-0.09353848970853362,-0.7895609716358337,-0.040000000000000036,0.07000000000000028
2025-08-13,285.0762939453125,289.0208214451698,281.7695589346143,288.43210834423235,8420400,14.489999771118164,4.29,3.86,4.24,-0.007922069453462854,-0.007953615764175729,0.1713654643139141,0.1723211619017698,0.04604815692461544,0.01647888887196225,14.489999771118164,-0.01629326399026665,-0.7727849181301699,-0.04999999999999982,0.020000000000000462
2025-08-14,288.6381530761719,288.67741059714604,284.20301143696577,285.1253385944976,6322400,14.829999923706056,4.3,3.91,4.29,0.012494406608017261,0.012416995645537214,0.16965437408695716,0.17206172281597593,-0.20376506384463192,0.014694795895301427,14.829999923706056,0.023464469148273492,-0.7323858169873473,-0.009999999999999787,0.05999999999999961
2025-08-15,285.0370483398437,289.9530125511936,284.37964203474183,289.3053981683732,7340500,15.09000015258789,4.3,3.93,4.33,-0.012476191030012074,-0.012554672148155057,0.17525604281414256,0.1745435096884825,-0.046260367476575526,-0.0026779003441795846,15.09000015258789,0.017532045193487722,-0.7222290144799764,0.03000000000000025,0.0600000000000005
2025-08-18,286.0575256347656,286.42057536605495,282.9960976961236,284.55624732082714,5386900,14.989999771118164,4.33,3.93,4.34,0.003580156687930769,0.0035737631822663667,0.17570515960380123,0.16993603426968854,-0.2884809572334379,0.001924744797887401,14.989999771118164,-0.006626930447881874,-0.7211903419293894,0.009999999999999787,0.07000000000000028
2025-08-19,285.2038269042969,286.98966963229896,284.0950341122438,285.3706189495528,6031500,15.56999969482422,4.3,3.91,4.3,-0.0029843603260371054,-0.002988822409168859,0.17594173627796417,0.17009826271627923,-0.19971446332173892,-0.0026421731516660385,15.56999969482422,0.03869245714223202,-0.7219375167344754,0.0,0.009999999999999787
2025-08-20,286.754150390625,287.8236856501562,281.8774445149503,285.35100110061984,7374200,15.6899995803833,4.3,3.9,4.29,0.0054358439126005464,0.005421123035909119,0.1638202431126844,0.170210424477125,-0.023442569545053648,-0.01523126087071347,15.6899995803833,0.007707121895382585,-0.7024196135471422,-0.009999999999999787,0.04999999999999982
2025-08-21,285.9986572265625,287.27424223237057,284.0362003285711,286.45983579537915,6624000,16.600000381469727,4.32,3.95,4.33,-0.0026346372425066766,-0.0026381140072249784,0.16395416583017694,0.16738275060001287,-0.12059434227785183,-0.017130259865295483,16.600000381469727,0.05799877791100583,-0.6995278775939829,0.009999999999999787,0.040000000000000036
2025-08-22,290.6791076660156,291.5818510194805,284.6838161848099,287.69619472568826,8552800,14.220000267028809,4.27,3.87,4.26,0.016365288161983793,0.01623282013136046,0.17288623519432628,0.16906270152489875,0.1159598516455019,-0.007969903856648974,14.220000267028809,-0.1433734975751969,-0.7391405183124178,-0.009999999999999787,-0.07000000000000028
2025-08-25,289.3642272949219,291.76824867106194,288.61851412970407,290.6790696581532,5856300,14.789999961853027,4.29,3.88,4.28,-0.004523477389384745,-0.004533739271184696,0.17349752967623178,0.16957216868416744,-0.235955730495103,-0.011331761997337986,14.789999961853027,0.040084365971908564,-0.7413157060159729,-0.009999999999999787,-0.05999999999999961
2025-08-26,292.96539306640625,293.1321851381712,287.9905575097444,288.6381718968291,6714700,14.619999885559082,4.28,3.85,4.26,0.012445096635300468,0.012368292982916862,0.17879812606489826,0.17077054409441028,-0.11866929524519546,0.0051509340419728655,14.619999885559082,-0.011494258061691465,-0.7239086574895568,-0.020000000000000462,-0.040000000000000036
2025-08-27,293.6620483398437,295.4184556440125,291.4641062014755,291.6701557907686,6056500,14.850000381469728,4.26,3.83,4.24,0.002377943913940417,0.0023751210794538944,0.1762400322923726,0.17076961242135483,-0.19446010938264774,-0.0011680541699784497,14.850000381469728,0.015731908188168386,-0.7190271195914135,-0.019999999999999574,-0.04999999999999982
2025-08-28,295.4184265136719,295.5852185641284,293.0929201153854,294.38811877937053,6410500,14.43000030517578,4.26,3.85,4.22,0.005980950496523141,0.005963135610113299,0.1721698752874347,0.17075973776700998,-0.09731609778078179,0.016304298185412236,14.43000030517578,-0.028282832693932947,-0.704671032292313,-0.040000000000000036,-0.11000000000000032
2025-08-29,295.7618713378906,297.2631495608047,294.10359298088383,296.37022814205386,6796400,15.359999656677246,4.23,3.83,4.23,0.0011625707586078171,0.0011618954965327219,0.1463830304639633,0.16953564855708453,-0.006528954190612135,0.0416421478613207,15.359999656677246,0.0644490181450581,-0.5455367920321025,0.0,-0.02999999999999936
2025-09-02,294.0741577148437,294.8198709218748,288.9717581566039,294.6236432125356,7221900,17.170000076293945,4.2,3.82,4.28,-0.005706325887824826,-0.005722669168439477,0.13791016194911246,0.16884056174582035,0.05127090980154112,0.018487188189287407,17.170000076293945,0.11783857161935951,-0.47562841982213067,0.08000000000000007,0.0
2025-09-03,293.8877258300781,294.9278255320024,290.8164761661132,294.9278255320024,6316900,16.350000381469727,4.18,3.77,4.22,-0.000633962148235856,-0.0006341631872104444,0.13210445340865523,0.1670724152078209,-0.07463873790269124,0.027937146490639275,16.350000381469727,-0.047757698962177964,-0.4599990157618302,0.040000000000000036,-0.040000000000000036
2025-09-04,298.1168212890625,298.7153562428407,292.680807539106,294.36852159403367,6605800,15.300000190734863,4.16,3.76,4.17,0.01439017382246699,0.01428761796469974,0.13963409356536663,0.1689077169666918,-0.03426729793521968,0.04280091343230552,15.300000190734863,-0.06422019365362708,-0.5177297702981587,0.009999999999999787,-0.07000000000000028
2025-09-05,288.8540344238281,299.42185399614533,288.7853412459479,297.9500113286781,9837700,15.18000030517578,4.07,3.65,4.1,-0.03107099701781979,-0.03156393811186982,0.1742310593209871,0.18224526753223977,0.41974030284772107,0.02592881752786247,15.18000030517578,-0.007843129677328475,-0.41656855429186823,0.02999999999999936,-0.1200000000000001
2025-09-08,287.41162109375,290.8949700189617,285.9692141135519,289.3544641521949,8188500,15.109999656677246,4.1,3.64,4.05,-0.004993571694282495,-0.005006081235652613,0.17452258076385865,0.1826288518377567,0.1686262700791857,0.014371741197935828,15.109999656677246,-0.0046113733261695655,-0.39909365571837996,-0.04999999999999982,-0.1800000000000006
2025-09-09,292.2588806152344,293.3872872696363,286.8228669749493,287.1074315912692,7848200,15.039999961853027,4.1,3.68,4.08,0.01686521756857995,0.016724578852530356,0.1835023443835728,0.18523256450750533,0.10167956933399777,0.028629702655939004,15.039999961853027,-0.004632673488730754,-0.40986287624865303,-0.019999999999999574,-0.20000000000000018
2025-09-10,294.8983764648437,295.8796048140829,289.8548483762926,291.13046319713106,7787300,15.350000381469728,4.09,3.66,4.04,0.009031362345783611,0.008990823490780179,0.18203052016089455,0.18341450659256217,0.0991761084143651,0.026259205898401916,15.350000381469728,0.02061173007998507,-0.35038117920418294,-0.04999999999999982,-0.17999999999999972
2025-09-11,299.8241577148437,299.9909797241969,295.1437088676121,295.5852436958139,7942500,14.710000038146973,4.08,3.63,4.01,0.016703317627749792,0.016565351427075933,0.18626334404528466,0.18202984636532935,0.12487651851248624,0.05173304158486203,14.710000038146973,-0.04169383240506974,-0.40744145110545094,-0.07000000000000028,-0.16000000000000014
2025-09-12,301.1488342285156,301.7768048799553,297.9990992148452,299.2746842518023,6846700,14.760000228881836,4.08,3.66,4.06,0.004418178053990474,0.004408446558456795,0.1827568995767211,0.18175893295548234,-0.03390579075178602,0.04334382346550769,14.760000228881836,0.003399061224010902,-0.43555211681400424,-0.020000000000000462,-0.040000000000000036
2025-09-15,303.1014099121094,304.1317175736464,301.4039041511534,301.4039041511534,7122000,15.6899995803833,4.06,3.64,4.05,0.006483756407677399,0.006462827276646859,0.17479543508022455,0.17960210252557118,0.00649160232417311,0.06337548637090817,15.6899995803833,0.0630080851680257,-0.4020461784441821,-0.009999999999999787,0.0
2025-09-16,303.3860168457031,305.06390905534744,301.3646887009418,304.18080946841434,10525600,16.360000610351562,4.04,3.62,4.04,0.0009389825460603962,0.0009385419777185793,0.17494541361950308,0.17958130082664508,0.43537433519705443,0.060576945747137234,16.360000610351562,0.04270242497685861,-0.4036529672617345,0.0,-0.040000000000000036
2025-09-17,305.8979187011719,307.03614710830897,302.9738476236277,304.56346260331446,8657800,15.720000267028809,4.02,3.6,4.06,0.008279557118633596,0.008245469609331688,0.17443946137388255,0.17889718277201455,0.15989209994487102,0.07255895554241332,15.720000267028809,-0.03911982392701152,-0.4025423387102761,0.040000000000000036,0.019999999999999574
2025-09-18,307.3501892089844,307.556238792954,303.7981171700278,305.9372178866198,8050700,15.699999809265137,4.03,3.61,4.11,0.004747565834964718,0.004736331686826227,0.17435647430326065,0.17807286118934354,0.07369294251641073,0.0718247278733466,15.699999809265137,-0.0012722937292578562,-0.4040776385869741,0.08000000000000007,0.10000000000000053
2025-09-19,308.8710632324219,309.8719053836384,303.31730709863126,307.7132209495945,23568600,15.449999809265137,4.03,3.6,4.14,0.004948342564394359,0.004936139756553078,0.17290513456716505,0.1774054974965743,1.8241527937047728,0.07997382305099543,15.449999809265137,-0.01592356707243181,-0.3876171398315575,0.10999999999999943,0.08000000000000007
2025-09-22,306.57501220703125,307.811369607681,303.7490695453833,303.9845547856156,7520200,16.100000381469727,4.0,3.61,4.15,-0.007433687705678205,-0.007461455257924356,0.17083677058083793,0.17575406715908418,-0.09326793461092342,0.05468540435757663,16.100000381469727,0.04207123496628107,-0.32118416175905007,0.15000000000000036,0.10000000000000053
2025-09-23,306.869384765625,310.3723776203948,304.7499276588244,305.9666713344998,8584400,16.639999389648438,4.0,3.61,4.12,0.0009601974944877245,0.0009597367997552143,0.16886934258008202,0.1751354680863175,0.018298024529827185,0.060495236865826474,16.639999389648438,0.0335403102723042,-0.30496840057523344,0.1200000000000001,0.08000000000000007
2025-09-24,307.5365905761719,310.6372456892681,305.8194410309901,308.15473925887954,7310500,16.18000030517578,4.02,3.63,4.16,0.0021742338717056775,0.0021718736457442527,0.1651540806512397,0.17430746236196615,-0.13586806518016983,0.049736924068921606,16.18000030517578,-0.02764417676354103,-0.2866066558304239,0.14000000000000057,0.10000000000000053
2025-09-25,307.5660705566406,309.7247551863121,305.947019653492,308.2234768510796,7083200,16.739999771118164,4.04,3.68,4.18,9.585844862725068e-05,9.585385449975235e-05,0.16536161426443607,0.17432566819990158,-0.16778577110114,0.047347017755274834,16.739999771118164,0.03461059674784095,-0.29091931124862574,0.13999999999999968,0.0699999999999994
2025-09-26,310.1270446777344,311.8441943720275,307.8113600348933,308.9888161441515,7258100,15.289999961853027,4.02,3.67,4.2,0.008326582046123798,0.008292107300832718,0.16624773122188033,0.17470688182929447,-0.151461656719646,0.04978910197865338,15.289999961853027,-0.08661886673181729,-0.3087567842929535,0.1800000000000006,0.0600000000000005
2025-09-29,309.7640075683594,312.0404647281687,307.7721150397051,311.10828573544467,6462400,16.1200008392334,4.04,3.65,4.15,-0.001170607709341298,-0.001171293405719094,0.1666893836865038,0.17113536005791405,-0.24300833435828956,0.04734260088066633,16.1200008392334,0.05428390316881204,-0.32257878046135446,0.11000000000000032,0.0
2025-09-30,309.50885009765625,311.45169300349573,304.28870810842403,310.31346452838187,11823300,16.280000686645508,4.02,3.68,4.16,-0.0008237156818382552,-0.0008240551220147734,0.16444925802695187,0.16839716268576482,0.3486110445738689,0.0524857148372051,16.280000686645508,0.00992554833016479,-0.2748136436700985,0.14000000000000057,0.040000000000000036
2025-10-01,304.8774719238281,308.68464295873514,301.6394301376976,308.07628613361976,9235200,16.290000915527344,4.01,3.62,4.12,-0.014963637299440169,-0.015076722044174576,0.17576860541522193,0.15733209177701019,0.036157001032768664,0.03739436910034177,16.290000915527344,0.0006142646474234237,-0.285764229399349,0.11000000000000032,-0.040000000000000036
2025-10-02,301.7767944335937,304.73030161726365,300.39328868596704,304.1808160870063,7600000,16.6299991607666,4.02,3.62,4.1,-0.010170241410979441,-0.010222311661684415,0.1742644792483206,0.15917781138495146,-0.15203603400558652,0.012276976283006835,16.6299991607666,0.020871591536571144,-0.22262231873348878,0.08000000000000007,-0.08000000000000007
2025-10-03,304.2102355957031,305.80964265751953,302.4243927447969,302.718779227698,6029900,16.649999618530273,4.03,3.64,4.13,0.008063712011643576,0.008031374012496536,0.12778603844687716,0.1561890196994895,-0.3126168812922105,0.05316249503838755,16.649999618530273,0.001202673407877164,-0.38250251590747353,0.09999999999999964,-0.07000000000000028
2025-10-06,304.8511047363281,307.38512889871987,300.8578215934895,305.8371035459471,7214500,16.3700008392334,4.02,3.66,4.18,0.002106665278273967,0.002104449370548132,0.12463387400935586,0.15572192369956728,-0.17298624242066452,0.06067772616921974,16.3700008392334,-0.016816743886603813,-0.400113182114638,0.16000000000000014,0.02999999999999936
2025-10-07,303.3819885253906,305.66951307877287,300.43386159315816,305.01875022701944,8454200,17.239999771118164,4.01,3.65,4.14,-0.004819127069288998,-0.004830776503950356,0.1162293783456445,0.1558617951294687,-0.03423120442365107,0.038059092975176734,17.239999771118164,0.05314593080531016,-0.4480776142821459,0.1299999999999999,-0.020000000000000462
2025-10-08,299.77325439453125,304.4567493262524,299.2999640741864,303.894722712774,6489900,16.299999237060547,4.01,3.66,4.13,-0.011895017724683932,-0.011966329515502801,0.12281417824224522,0.1571885348739763,-0.253088824528987,0.01653070453668204,16.299999237060547,-0.0545243936506532,-0.2850307673823493,0.1200000000000001,0.009999999999999787
2025-10-09,301.2522277832031,303.7270945284432,299.1422058887319,300.77893750215213,7060300,16.43000030517578,4.03,3.66,4.14,0.004933640233045544,0.0049215097121276695,0.10921680790143626,0.15719978218289335,-0.18329646177648606,0.004763025365413176,16.43000030517578,0.007975526024544655,-0.1819236821270415,0.10999999999999943,0.040000000000000036
2025-10-10,296.6772155761719,306.1230715472904,296.5983188157025,301.3804193716138,8597400,21.65999984741211,4.02,3.6,4.05,-0.015186650205699648,-0.015303148360657198,0.12100892571524358,0.15840558855556494,-0.015460794900834936,-0.014848533828129118,21.65999984741211,0.3183201123002275,-0.4703209452509362,0.03000000000000025,-0.08000000000000007
2025-10-13,303.6580505371094,305.1271791148808,301.17334440263704,301.321238204041,10788700,19.030000686645508,4.02,3.59,4.04,0.023530067677695277,0.0232575029985918,0.14632005149275307,0.16483995705702717,0.21007274209838886,0.0018364831267574377,19.030000686645508,-0.12142193810222157,-0.6039759799571862,0.020000000000000462,-0.13999999999999968
2025-10-14,297.8505249023437,302.70165257420854,290.0907186231138,301.5578902761218,16178800,20.809999465942383,4.02,3.58,4.03,-0.019125215433917653,-0.019310468168949935,0.16161991119674923,0.16998325492914942,0.7588701519448209,-0.018245705589571393,20.809999465942383,0.09353645376092956,-0.627876595766511,0.010000000000000675,-0.10999999999999943
2025-10-15,301.40997314453125,307.7499381556482,301.1634734465224,302.1001843350741,11354800,20.63999938964844,4.03,3.61,4.05,0.011950451466736789,0.011879608665396623,0.16483636182409075,0.17151328225222756,0.2165959250015134,-0.0146713831061559,20.63999938964844,-0.008169153323245526,-0.6095939818918666,0.019999999999999574,-0.08000000000000007
2025-10-16,294.360107421875,304.3581201926382,292.9106878973514,301.0747572360179,10549400,25.309999465942383,4.02,3.54,3.99,-0.023389623273267435,-0.02366750205086559,0.18223896356602257,0.17491455172302336,0.11537196863247619,-0.04226475936306229,25.309999465942383,0.22625970030968512,-0.689696175044616,-0.02999999999999936,-0.14999999999999947
2025-10-17,293.3938293457031,295.3559575215809,290.08088749555986,294.97143359875633,10153500,20.780000686645508,4.0,3.56,4.02,-0.003282639365214668,-0.0032880390458567164,0.18032018562003038,0.1750503964292062,0.15545662642170327,-0.050109044611512554,20.780000686645508,-0.1789805956097521,-0.6105611517487506,0.019999999999999574,-0.03000000000000025
2025-10-20,298.1265869140625,299.43798218705626,293.9854099500461,294.3206459359216,6894900,18.229999542236328,3.97,3.55,4.0,0.016131073986504374,0.016002350664474377,0.19080899046067198,0.17751977684998524,-0.2125666815514089,-0.027557449095895303,18.229999542236328,-0.12271419923715232,-0.6459365333038476,0.029999999999999805,-0.040000000000000036
2025-10-21,292.9303894042969,299.7929328501146,292.8416531202475,297.436411288458,7372700,17.8700008392334,3.96,3.56,3.98,-0.017429500547240573,-0.01758318264479671,0.19895006196397214,0.18124428068580048,-0.15213295022704051,-0.045423219302160756,17.8700008392334,-0.01974759802757342,-0.6038360570208501,0.020000000000000018,-0.050000000000000266
2025-10-22,289.9920959472656,293.8868032880077,286.4721030595595,293.6008552074487,8054100,18.600000381469727,3.96,3.55,3.97,-0.010030688393261489,-0.010081334710992866,0.2000287061538884,0.18222976304732486,-0.0777147902182184,-0.05704847867382712,18.600000381469727,0.04085056004214738,-0.6027409280984162,0.010000000000000231,-0.07999999999999963
2025-10-23,290.4161071777344,292.2204718178062,288.4145307332595,290.25834375227123,5438800,17.299999237060547,3.95,3.59,4.01,0.0014621475426208619,0.0014610796457244781,0.20036167657190898,0.18134489318975774,-0.3712766074276245,-0.055760257780930855,17.299999237060547,-0.06989253321222011,-0.6098447365771561,0.05999999999999961,0.019999999999999574
2025-10-24,296.2334899902344,298.36325106738366,291.31336547241364,291.93451945757295,7228300,16.3700008392334,3.93,3.58,4.02,0.020031198920174687,0.019833214005043415,0.21269674895329896,0.18438634112227575,-0.16426707888896533,-0.04479955852266082,16.3700008392334,-0.05375713519309755,-0.5928784260485592,0.08999999999999941,0.0
2025-10-27,299.8915405273437,300.2662249001909,296.7955198233114,297.92941246883,5642200,15.789999961853027,3.89,3.59,4.01,0.012348538098207351,0.012272916806787168,0.2188992537237854,0.17917298716548968,-0.3445433893526347,-0.031870930126822405,15.789999961853027,-0.03543071763260408,-0.5981480503646069,0.11999999999999966,0.009999999999999787
2025-10-28,301.0845947265625,303.6580673748709,298.915415308335,300.59159530101573,6336000,16.420000076293945,3.89,3.59,3.99,0.003978285606592635,0.003970393153771598,0.21979007982752394,0.1762349968186278,-0.23971162799627535,-0.02721814051015259,16.420000076293945,0.03989867738840602,-0.5881477620415554,0.10000000000000009,0.010000000000000231
2025-10-29,301.2325134277344,303.93414060421026,298.7675163425421,299.2605157595805,7520300,16.920000076293945,3.93,3.7,4.08,0.000491286182563444,0.0004911655410182541,0.21378757899797932,0.1748551352177999,-0.0882202636174994,-0.01195548648804201,16.920000076293945,0.03045066977325206,-0.6058609614701644,0.1499999999999999,0.10999999999999988
2025-10-30,305.10748291015625,308.2330823767899,300.82825156305904,301.50859316866377,7514600,16.90999984741211,3.92,3.7,4.11,0.012863715932680986,0.01278168110500893,0.21564331920883098,0.17653543603186198,-0.08843942591068414,0.011036927086504278,16.90999984741211,-0.0005910300730935791,-0.5993594509108784,0.1900000000000004,0.10000000000000053
2025-10-31,306.7639465332031,308.4894444595929,302.9481359332913,304.22008283002725,7721300,17.440000534057617,3.89,3.7,4.11,0.00542911503594512,0.005414430516229459,0.2146366887100222,0.17341993823805413,-0.07287678601768562,0.008394559546950564,17.440000534057617,0.03134244183488977,-0.5958926101386696,0.2200000000000002,0.09000000000000075
2025-11-03,305.0187683105469,307.9471862719047,301.9227172950412,306.6456604912348,7770000,17.170000076293945,3.98,3.7,4.13,-0.005688993906809547,-0.005705237869812616,0.2156108157649759,0.17372190759669162,-0.07013036126093673,0.0005499851291790314,17.170000076293945,-0.01548167714997506,-0.5868118035397838,0.1499999999999999,0.1200000000000001
2025-11-04,304.920166015625,307.84858401169095,300.82827651560933,302.415720333495,7085200,19.0,3.96,3.67,4.1,-0.00032326632052193105,-0.0003233185823422173,0.21485608062795178,0.17372049859641228,-0.14508009595103988,0.0050701015499001745,19.0,0.10658124144289749,-0.5743231968626571,0.13999999999999968,0.10999999999999943
2025-11-05,307.3161315917969,308.7162632770978,301.35085025066564,305.27510663609064,6865200,18.010000228881836,3.96,3.71,4.17,0.00785768159410316,0.00782697078634768,0.21138564437870033,0.17300094189432996,-0.17349730476474254,0.025161941856689074,18.010000228881836,-0.05210525111148234,-0.6281280907897413,0.20999999999999996,0.08999999999999986
2025-11-06,309.0317687988281,310.4318702971036,305.9160088624015,306.6357687557767,7206100,19.5,3.93,3.65,4.11,0.005582646111496947,0.005567120897077869,0.21154703392386748,0.17218942647911223,-0.13321701810824774,0.02582401156954628,19.5,0.08273180189796547,-0.6109011890002112,0.18000000000000016,0.0
2025-11-07,309.8106994628906,310.0276204199649,303.3327096940284,307.5232049313688,7302300,19.07999992370605,3.92,3.63,4.11,0.0025205520684494775,0.0025173808048567906,0.20227933455301741,0.17065894047932198,-0.11475040187371346,0.04426859629652524,19.07999992370605,-0.02153846545097171,-0.5716599293845616,0.1900000000000004,0.0
2025-11-10,312.45318603515625,315.08578608051664,309.8106862822301,310.5896337890794,5794100,17.600000381469727,3.95,3.66,4.13,0.00852935865948723,0.00849318920257305,0.18815721982884218,0.16886588609555736,-0.2756587278866577,0.028963946394604312,17.600000381469727,-0.07756811049026735,-0.5280575745045344,0.17999999999999972,0.0
2025-11-11,311.200927734375,314.58289630207906,310.86569176259013,313.0546102409576,5030200,17.280000686645508,3.95,3.655,4.105,-0.004007826953764337,-0.004015879815729697,0.17302299317000683,0.1691896942738532,-0.3240522998777161,0.04482249220950174,17.280000686645508,-0.018181800448205276,-0.47292494903038573,0.15500000000000025,0.005000000000000782
2025-11-12,315.92388916015625,317.7381233989844,311.782682032414,311.83200002815875,10578300,17.510000228881836,3.95,3.65,4.08,0.015176566021720017,0.015062554036688654,0.17573423496180243,0.17122014086896958,0.42894483562129576,0.048153403366866465,17.510000228881836,0.013310158165333874,-0.4501884364167316,0.1299999999999999,-0.08999999999999986
2025-11-13,305.14697265625,316.1408551748796,304.7722882324797,314.7604626322791,8973300,20.0,3.96,3.68,4.11,-0.03411238236068603,-0.03470778938489241,0.20009544097833853,0.1865632132116358,0.22517944257769246,0.036645132823366344,20.0,0.1422044396670561,-0.4216547809019339,0.15000000000000036,0.0
2025-11-14,299.35906982421875,303.3326737235763,297.012418045434,303.20448907001065,10327000,19.82999992370605,3.95,3.7,4.14,-0.018967590540546975,-0.01914978279688969,0.21295275267327562,0.19096897499193363,0.4083402600254066,0.020331853917373355,19.82999992370605,-0.008500003814697399,-0.5132760439916301,0.1899999999999995,0.02999999999999936
2025-11-17,296.1644592285156,301.31137424610444,293.5022804823602,299.7436397411884,8344000,22.3799991607666,3.97,3.69,4.13,-0.01067150094225966,-0.010728849772076882,0.20909079030692027,0.1896281408994481,0.1267757791821963,-0.006581525337465033,22.3799991607666,0.1285930028679485,-0.48625318962245057,0.1599999999999997,0.0
2025-11-18,295.2179260253906,298.70837045931603,292.8613742767781,295.3066623130797,8077300,24.690000534057617,3.94,3.67,4.12,-0.003195971608445647,-0.0032010896333239994,0.19935673030988024,0.1895023264587991,0.08559585937909503,0.00780914751025219,24.690000534057617,0.10321722340993555,-0.5472451748974656,0.18000000000000016,0.01499999999999968
2025-11-19,299.0238342285156,300.18733563828084,295.0798391737984,295.54325979633944,5546600,23.65999984741211,3.95,3.68,4.13,0.012891860106075237,0.012809467451722185,0.1999693059833489,0.189624110646741,-0.24175553020448923,0.031144773969606465,23.65999984741211,-0.041717321359500015,-0.5626946641684673,0.17999999999999972,0.04999999999999982
2025-11-20,294.20233154296875,305.5807663052954,293.9854105998292,302.05087369332443,7501600,26.420000076293945,3.94,3.65,4.1,-0.01612414173601373,-0.016255550189590746,0.2097060414421953,0.19259133946627027,0.011243301099526232,0.013037239573345127,26.420000076293945,0.11665258861714323,-0.6295097890143884,0.1599999999999997,-0.010000000000000675
2025-11-21,293.84735107421875,297.456110287291,288.71030575970536,297.0715864028587,11766800,23.43000030517578,3.9,3.62,4.06,-0.001206586184712699,-0.0012073146958899105,0.19709565454559141,0.19220818691708885,0.5391256121552049,-0.008054926254605022,23.43000030517578,-0.11317183052550484,-0.5278419060166689,0.1599999999999997,-0.08000000000000007
2025-11-24,293.8276672363281,295.6221924256846,290.386540762355,294.0642973394352,10940200,20.520000457763672,3.91,3.61,4.04,-6.69866099478611e-05,-6.698885365101652e-05,0.19135217092300058,0.19219052976828976,0.3830812058629435,-0.020220221218486434,20.520000457763672,-0.12419973578785137,-0.46754024736936045,0.1299999999999999,-0.08999999999999986
2025-11-25,298.7576599121094,300.236658228506,291.4218258555585,295.848951187077,8877200,18.559999465942383,3.9,3.6,4.01,0.01677851756491,0.016639313176714444,0.20078721138054828,0.1948465144619499,0.10453050112727508,-0.007728508383387678,18.559999465942383,-0.09551661540434953,-0.5279528041500139,0.10999999999999988,-0.11000000000000032
2025-11-26,303.33270263671875,304.2102259719905,298.95486530692773,300.7296512123902,7910900,17.190000534057617,3.92,3.61,4.0,0.015313557904943043,0.015197488830821964,0.20828710701186715,0.1972219009353852,-0.018085770566032115,0.00697198713739855,17.190000534057617,-0.07381459974709137,-0.5567049031939986,0.08000000000000007,-0.1299999999999999
2025-11-28,308.6965026855469,309.3275563846455,303.9242719247256,304.7722465716023,4322400,16.350000381469727,3.88,3.61,4.02,0.017682894070448985,0.01752837065397771,0.21268060355408336,0.1982965656543655,-0.45265290616689885,0.011763132589073466,16.350000381469727,-0.04886562690464402,-0.5787812091922158,0.13999999999999968,-0.08000000000000007
2025-12-01,304.5947570800781,309.6430660312097,304.2200727283419,308.5683309692949,7727300,17.239999771118164,3.81,3.62,4.09,-0.013287308310217516,-0.013376374437189708,0.21742735997082968,0.18898837131933638,-0.021526344446836262,-0.007071200764103502,17.239999771118164,0.05443421216412436,-0.6007555186425392,0.2799999999999998,0.03000000000000025
2025-12-02,303.5693359375,306.1329390093465,302.7903884074122,304.4172805196406,7249000,16.59000015258789,3.77,3.59,4.09,-0.003366509497432113,-0.003372188940712489,0.21682277913893747,0.1888004297513893,-0.07905351754803874,-0.00475194487563857,16.59000015258789,-0.03770299461483784,-0.5984040221521056,0.31999999999999984,0.04999999999999982
2025-12-03,307.75982666015625,307.98658713845214,302.50443592551073,302.89885953876745,8535300,16.079999923706055,3.72,3.57,4.06,0.01380406459603356,0.01370965631620816,0.22239978963099408,0.18782045107761697,0.07446667224757057,0.009312800401616306,16.079999923706055,-0.03074142400187263,-0.6227449809533891,0.3399999999999994,0.04999999999999982
2025-12-04,311.6742553710937,314.0307770729326,308.61765279183703,308.8740221323167,9627800,15.779999732971191,3.71,3.6,4.11,0.012719102273409888,0.012638893895108649,0.2251517462215698,0.18864187789318845,0.19128148940500886,0.014181239874142548,15.779999732971191,-0.01865672836805088,-0.6122654897850142,0.40000000000000036,0.11000000000000032
2025-12-05,310.62908935546875,314.02092784192007,310.2741141188276,311.22069468967254,6518900,15.40999984741211,3.71,3.61,4.14,-0.0033533921959018054,-0.0033590274171096195,0.22482386002477442,0.18598542513036645,-0.18994970503353514,0.005168790777884125,15.40999984741211,-0.023447394918898135,-0.6498933845603901,0.4299999999999997,0.1200000000000001
2025-12-08,310.79669189453125,312.0390600856641,308.96274846028484,310.64879808375287,7417200,16.65999984741211,3.73,3.61,4.17,0.0005395584148615296,0.0005394129055581656,0.2246697715011384,0.18581509455489334,-0.07898282312650638,0.003182564170153057,16.65999984741211,0.08111615914194314,-0.6286328974941385,0.43999999999999995,0.08000000000000007
2025-12-09,296.30255126953125,314.336450228146,295.8193913272319,310.5403783790639,18049200,16.93000030517578,3.73,3.63,4.18,-0.04663544047604784,-0.04775790962736907,0.2791224374795054,0.21005903888771205,1.0827542039170208,-0.051689774620533924,16.93000030517578,0.016206510218282677,-0.5228562379963682,0.44999999999999973,0.08999999999999986
2025-12-10,305.76806640625,306.8329619363725,294.2811866679717,296.292632599085,18874100,15.770000457763672,3.69,3.58,4.13,0.031945439201124026,0.03144579667059773,0.30409347505911893,0.2199473412488244,1.0168472209458637,-0.01745772857323291,15.770000457763672,-0.06851741444195236,-0.5494244437341593,0.43999999999999995,0.07000000000000028
2025-12-11,312.9363098144531,313.5476242674454,304.9102649889192,304.9102649889192,9721900,14.850000381469728,3.66,3.56,4.14,0.023443401047247514,0.02317282517367252,0.31101698461746907,0.2243824902139593,0.043637417609549776,-0.00945664271747615,14.850000381469728,-0.05833862077290064,-0.5828572128695036,0.47999999999999954,0.02999999999999936
2025-12-12,314.06036376953125,315.7858618718594,312.1672627021157,315.2041261224818,8982900,15.739999771118164,3.63,3.54,4.19,0.003591957595922901,0.0035855219227433673,0.28361066291510006,0.22429942087274687,-0.035743268483492706,0.029210157438862128,15.739999771118164,0.059932617291983625,-0.47894830471913663,0.5600000000000005,0.05000000000000071
2025-12-15,315.53936767578125,318.3593402708456,313.9322146909975,315.115395356304,10864100,16.5,3.65,3.52,4.18,0.004709298201460932,0.0046982441476575145,0.27308633549874495,0.2242792193088162,0.16283936127911153,0.05404979999792037,16.5,0.04828464040237068,-0.48571821935398796,0.5299999999999998,0.009999999999999787
2025-12-16,311.1319580078125,315.0463750601788,309.99806522837446,314.62240273148194,8331300,16.479999542236328,3.64,3.51,4.15,-0.013967859859874587,-0.014066328419756299,0.27549835440379983,0.22566670323486296,-0.10819837081598356,0.05053779517733492,16.479999542236328,-0.0012121489553740261,-0.4537930656188754,0.5100000000000002,-0.02999999999999936
2025-12-17,310.5699157714844,314.8984348971578,310.254388930852,313.97159360923496,8718700,17.6200008392334,3.64,3.51,4.16,-0.0018064432851156997,-0.0018080768714039638,0.2751625315956809,0.22570059547404359,-0.06992299051542697,0.05200222748253225,17.6200008392334,0.06917483790429602,-0.45747963305186834,0.52,0.03000000000000025
2025-12-18,308.61767578125,313.2518829489097,307.8485977928193,311.575672673722,11444900,16.8700008392334,3.62,3.49,4.12,-0.006285991949300129,-0.006305831983255496,0.27405932758950463,0.22605265017037426,0.18365905357125312,0.032083869091862116,16.8700008392334,-0.04256526471497213,-0.4353025483975263,0.5,-0.019999999999999574
2025-12-19,312.7686767578125,314.099781180705,308.8049723403709,309.39657764946713,24494400,14.90999984741211,3.62,3.51,4.16,0.013450302112652635,0.01336064980495706,0.2686061123445183,0.22769067866258183,1.328647245745088,0.06310740338960263,14.90999984741211,-0.11618262562637516,-0.39799113306710204,0.54,-0.03000000000000025
2025-12-22,318.5663452148437,318.7043994886834,313.0644852104395,313.0644852104395,8354600,14.079999923706056,3.64,3.53,4.17,0.01853660192935669,0.018366893132135312,0.2734251349076775,0.23012807442122457,-0.192645230556483,0.08412188862775061,14.079999923706056,-0.05566733281020886,-0.4537752667553497,0.5299999999999998,-0.009999999999999787
2025-12-23,321.3666076660156,323.1907116116738,318.56637445826755,319.07908304324746,6668300,14.0,3.65,3.52,4.18,0.008790201768750672,0.008751792862433213,0.27346081576640563,0.23072771128089006,-0.34202113173588883,0.09372480368752245,14.0,-0.005681812794001706,-0.513101607562443,0.5299999999999998,0.02999999999999936
2025-12-24,324.5612487792969,325.36974495293686,320.9426198260136,321.6722493328215,4289300,13.470000267028809,3.69,3.5,4.15,0.009940799812659273,0.009891715088425703,0.27051435656474104,0.23148654478581027,-0.5669615476836486,0.08636963107415752,13.470000267028809,-0.03785712378365658,-0.4960075728313092,0.4600000000000004,-0.009999999999999787
2025-12-26,323.3188781738281,326.2275566521161,321.96806459862194,324.502058709128,4158300,13.600000381469728,3.64,3.49,4.14,-0.0038278463930657702,-0.003835191346630759,0.26862756018671197,0.2293315759805784,-0.572081076450258,0.06588862777860616,13.600000381469728,0.0096510847708835,-0.48277015103129256,0.49999999999999956,0.019999999999999574
2025-12-29,319.2171325683594,323.1808371734579,319.0002116144308,322.4216288798564,8635300,14.199999809265137,3.68,3.48,4.12,-0.012686378316775881,-0.012767537556005815,0.26870627073749576,0.22992111268343643,-0.13065757655685917,0.034080819806142415,14.199999809265137,0.044117603747491074,-0.4883117945052889,0.43999999999999995,-0.040000000000000036
2025-12-30,318.89178466796875,320.39049219725354,317.9747828016657,320.2623075229155,7904300,14.329999923706056,3.65,3.47,4.14,-0.0010192056352769097,-0.0010197253785205723,0.2630460346857189,0.22947597638971254,-0.20495796113252981,0.046937865001175805,14.329999923706056,0.009154937759653814,-0.4603825932290961,0.48999999999999977,-0.03000000000000025
2025-12-31,317.70855712890625,320.3313177342217,317.5310845539587,319.79886991908165,5048500,14.949999809265137,3.67,3.48,4.18,-0.0037104359408144383,-0.003717336683380555,0.2631474669785469,0.2296431658979368,-0.4865217685376219,0.04657657911244795,14.949999809265137,0.04326586802930943,-0.4837075809303297,0.5099999999999998,0.0
2026-01-02,320.92291259765625,321.1694123071354,316.2492576445291,317.9846252281575,8054000,14.510000228881836,3.65,3.47,4.19,0.010117308447080475,0.01006647108593755,0.2613597067419375,0.23014279879446098,-0.178825232720562,0.04277064385026219,14.510000228881836,-0.02943141043457509,-0.4806179263222705,0.5400000000000005,0.040000000000000036
2026-01-05,329.36309814453125,332.52814635317964,320.63700140675104,320.94265867445506,10752600,14.899999618530272,3.64,3.47,4.17,0.02629972873721398,0.025959837358100403,0.2725267141936088,0.23415083373851434,0.09006968676438087,0.05675426336505218,14.899999618530272,0.02687797267378067,-0.4064007110282085,0.5299999999999998,0.03000000000000025
2026-01-06,331.41326904296875,332.6612412306879,327.49110960074296,329.44229029813283,7660800,14.75,3.63,3.48,4.18,0.006224652700885791,0.006205359570892412,0.2717921129972939,0.23424411217340022,-0.22783806653103167,0.06690995917550913,14.75,-0.01006708874970208,-0.4194732152026253,0.5499999999999998,0.05999999999999961
2026-01-07,323.8660583496094,328.9767653957764,321.49890717343806,327.9764350864437,9815200,15.380000114440918,3.62,3.48,4.15,-0.022772807845484522,-0.023036113384685624,0.28733591396321256,0.23714426905945618,-0.022500942373546415,0.04205117620593346,15.380000114440918,0.042711872165486,-0.47359487333859646,0.5300000000000002,0.010000000000000675
2026-01-08,326.63934326171875,328.2339475379842,322.53888044956136,323.27183137637843,11737100,15.449999809265137,3.62,3.48,4.19,0.008563061304545982,0.008526606258458363,0.21931608819867565,0.23325104946527836,0.2068339720303161,0.10238451158185158,15.449999809265137,0.004551345533378326,-0.5386747533358588,0.5700000000000003,0.010000000000000675
2026-01-09,326.0450744628906,328.7291759216584,325.0348299492433,326.1936353875406,6738100,14.489999771118164,3.62,3.52,4.18,-0.0018193423758875449,-0.0018209993893160631,0.19645699840072783,0.22939939395856257,-0.2610703464188544,0.0663149958560425,14.489999771118164,-0.062135925566243366,-0.41965588544735066,0.5599999999999996,-0.010000000000000675
2026-01-12,321.3899841308594,322.9053661093397,318.16114900395775,318.8049332018166,12805100,15.119999885559082,3.67,3.53,4.19,-0.014277444122410943,-0.014380347466553112,0.1909945243865121,0.23063742458542777,0.38091792310703565,0.02701404104055105,15.119999885559082,0.04347826945426525,-0.3947562292868027,0.5200000000000005,0.020000000000000462
2026-01-13,307.9298095703125,323.73732718365267,307.6029755260753,321.20178657189985,19371200,15.979999542236328,3.67,3.51,4.18,-0.04188112643568365,-0.04278342356899576,0.24657461099742894,0.2424208198664853,0.9782063569302631,-0.019520305350335665,15.979999542236328,0.056878284602278395,-0.4883996609048886,0.5099999999999998,0.0
2026-01-14,304.9287414550781,308.78159262538577,303.1954601804828,305.2556057077196,25951500,16.75,3.67,3.5,4.15,-0.009745948660904502,-0.009793751259905982,0.24750810052198258,0.24324902831246467,1.4606333275653227,-0.033626948988519256,16.75,0.04818526156577807,-0.534082967100822,0.4800000000000004,0.0
2026-01-15,306.30548095703125,309.95031666446005,304.8098971346673,305.5230197927318,14751400,15.84000015258789,3.68,3.54,4.17,0.004514954855955988,0.004504793022612319,0.2439650486175017,0.24128144221315137,0.3573642212505337,-0.015512636765716126,15.84000015258789,-0.054328349099230455,-0.5473709443237988,0.48999999999999977,-0.020000000000000462
2026-01-16,309.4848022460937,314.17950872864606,307.0383983149945,307.38506061636195,14652500,15.859999656677246,3.67,3.55,4.24,0.01037957688229696,0.010326078946354242,0.24707039368543343,0.2391414962273463,0.31243410958253803,-0.0034939428137950035,15.859999656677246,0.0012625949429734273,-0.5625292314515674,0.5700000000000003,0.0600000000000005
2026-01-20,299.8477478027344,308.1774060521912,298.9761500928895,303.2845981841295,12900600,20.09000015258789,3.7,3.53,4.3,-0.03113902321993889,-0.031634148199503144,0.2706401262695341,0.2473144579546506,0.14803079605113573,-0.02841680391868351,20.09000015258789,0.2667087381764075,-0.6580733817267767,0.5999999999999996,0.10999999999999943
2026-01-21,299.15447998046875,302.4823658305288,298.2729680555718,300.53118494697816,10270100,16.899999618530273,3.7,3.53,4.26,-0.0023120661313811297,-0.0023147430832682497,0.2649288010101861,0.24737655474120057,-0.02430566771233733,-0.04352800580438454,16.899999618530273,-0.1587854907829206,-0.5560712286558561,0.5599999999999996,0.08000000000000007
2026-01-22,300.729248046875,305.2555953909441,300.0062112868251,301.9474777854751,10535800,15.640000343322754,3.71,3.53,4.26,0.005264063123871843,0.005250256375453734,0.25532395833674276,0.24429328476802556,-0.009327691584391161,-0.05599178141664407,15.640000343322754,-0.07455617181351726,-0.5420283719503703,0.5499999999999998,0.10999999999999943
2026-01-23,294.875732421875,299.4813025896872,293.67730062328087,299.11484222180513,11107900,16.09000015258789,3.7,3.53,4.24,-0.019464404154289627,-0.019656330235491997,0.25805568830972203,0.24633722055376384,0.023111399302568485,-0.08243194722854219,16.09000015258789,0.02877236568970143,-0.5412535184341954,0.54,0.07000000000000028
2026-01-26,298.1640319824219,298.8969527426069,294.60833256531976,294.96487880777863,11752700,16.149999618530273,3.67,3.52,4.22,0.011151475686179468,0.011089756398072094,0.25896307799089,0.2472922671466086,0.046530990236105484,-0.08133200403978369,16.149999618530273,0.0037289910113973423,-0.5209975761669975,0.5499999999999998,-0.020000000000000462
2026-01-27,297.44097900390625,299.08512378237486,295.3016109870806,298.45122352878457,11527400,16.350000381469727,3.67,3.5,4.24,-0.0024250174432784988,-0.0024279625603488807,0.2590405282876966,0.2473316719352755,-0.006139100348705728,-0.08003831794816807,16.350000381469727,0.012383948462139527,-0.5208258205762841,0.5700000000000003,-0.05999999999999961
2026-01-28,297.89654541015625,299.03558292254246,295.2025300603667,297.4013222225187,9556700,16.350000381469727,3.68,3.52,4.26,0.0015316195091061857,0.0015304477762258923,0.25771587388402045,0.24587775180255758,-0.1793072799369669,-0.06679023455496202,16.350000381469727,0.0,-0.5159116280604996,0.5799999999999996,0.0
2026-01-29,303.4926147460937,303.898671192008,299.3327275624257,299.51100066931883,11580000,16.8799991607666,3.67,3.5,4.24,0.018785277715230198,0.0186110134055129,0.26933596776926966,0.24868173469623392,-0.0210052703395032,-0.04828964138385916,16.8799991607666,0.032415826723621866,-0.4735545392161246,0.5700000000000003,-0.019999999999999574
2026-01-30,302.9676818847656,304.9881708986045,299.6694782493637,302.333781642444,11953200,17.440000534057617,3.67,3.48,4.26,-0.00172963965455053,-0.001731137208285838,0.2693067053624477,0.24843776096058656,-0.01811241369198095,-0.04639747628251545,17.440000534057617,0.03317543845574367,-0.4724128495791452,0.5899999999999999,0.019999999999999574
2026-02-02,305.1961669921875,306.3450582127215,298.49082554616626,301.5513012828864,9839400,16.34000015258789,3.69,3.49,4.29,0.007355520871264121,0.007328600953698427,0.2678002065678232,0.2489045109699276,-0.19763287263724555,-0.04900474533953114,16.34000015258789,-0.06307341443720693,-0.47629215586912105,0.6000000000000001,0.07000000000000028
2026-02-03,311.8420715332031,313.22869052113475,306.14700443281885,306.77099053389486,12688000,18.0,3.69,3.49,4.28,0.021775845373529057,0.021542138345198095,0.26196628882421613,0.2523068406600141,0.026559226391180718,-0.05319668994502702,18.0,0.10159117698350828,-0.4053655507037954,0.5900000000000003,0.040000000000000036
2026-02-04,314.23895263671875,316.25947197584406,311.40629013300924,311.40629013300924,9848800,18.63999938964844,3.69,3.49,4.29,0.0076862018384213915,0.007656813482897179,0.26267285910716487,0.25253140620214404,-0.21014569174204947,-0.051821450770045296,18.63999938964844,0.03555552164713571,-0.3877499190370191,0.6000000000000001,0.03000000000000025
2026-02-05,307.1968688964844,312.9909865673853,302.6210112179966,311.99062599899656,9388000,21.770000457763672,3.67,3.44,4.21,-0.02240996439539278,-0.022664883328897042,0.2622939618642784,0.25681492358546304,-0.2458089899600531,-0.05146939305115705,21.770000457763672,0.16791851773629607,-0.4483159350014572,0.54,-0.03000000000000025
2026-02-06,319.3199462890625,321.1522783634816,311.7034102684662,311.7034102684662,17797400,20.3700008392334,3.68,3.45,4.22,0.03946354478197245,0.03870475774615286,0.29868694739866875,0.2683575248414101,0.39578802568311455,-0.022408191553310863,20.3700008392334,-0.06430866279706493,-0.4835294189544262,0.5399999999999996,-0.040000000000000036
2026-02-09,319.0228271484375,323.2817350541263,317.0518180384032,318.27007812796035,11477500,17.360000610351562,3.69,3.43,4.22,-0.0009304747294303084,-0.0009309078897587004,0.298676471174977,0.2682169910128071,-0.11628333138277887,-0.021537658024802897,17.360000610351562,-0.1477663281723809,-0.4572471348920561,0.5299999999999998,-0.07000000000000028
2026-02-10,315.2392883300781,323.01429884581904,312.1094739861534,319.4684837021083,9902200,17.790000915527344,3.69,3.4,4.16,-0.011859774587850813,-0.011930662750366815,0.2973542283855949,0.2676243651352271,-0.2289576538734518,-0.019137795527183865,17.790000915527344,0.02476960196184419,-0.4522060137132492,0.4700000000000002,-0.1200000000000001
2026-02-11,307.8505554199219,322.1724018130651,305.78052608370194,320.1518827061323,8703500,17.649999618530273,3.7,3.47,4.18,-0.023438490009594637,-0.023717540387654817,0.268049914725797,0.2624405265585694,-0.29292896468747437,-0.00025737732407660197,17.649999618530273,-0.007869662158076385,-0.4266681943753057,0.47999999999999954,-0.11000000000000032
2026-02-12,299.7487487792969,310.6238322045743,297.1537535117247,309.2966374972976,13443400,20.81999969482422,3.7,3.45,4.09,-0.02631733644129297,-0.026669835860967567,0.28252040172246107,0.26523980452301316,0.150599225852835,-0.01698755142287678,20.81999969482422,0.17960340763780214,-0.4921345506903398,0.3899999999999997,-0.1200000000000001
2026-02-13,299.6595764160156,301.3829738793206,293.6871852314235,295.66807823097014,9114500,20.600000381469727,3.68,3.42,4.04,-0.0002974903603247814,-0.00029753461935999966,0.2818250805606266,0.26429378622407995,-0.20062129559953623,-0.02169698211161919,20.600000381469727,-0.010566729902939609,-0.48801821030601944,0.3599999999999999,-0.17999999999999972
2026-02-17,304.1958312988281,305.29521237973853,299.6100592744303,299.8675850307636,8896800,20.290000915527344,3.69,3.48,4.05,0.015138027414531408,0.015024590848798631,0.2848283943086219,0.265927658669427,-0.1995101759506649,-0.017089598290063734,20.290000915527344,-0.015048517485525714,-0.49149881170485776,0.3599999999999999,-0.16999999999999993
2026-02-18,305.8300476074219,309.2966101142475,304.2849535938903,305.51309749540866,7209600,19.6200008392334,3.7,3.49,4.09,0.005372250834655201,0.005357871770775795,0.26110056050181285,0.2648907976206662,-0.3342718066935712,0.01995112469086524,19.6200008392334,-0.03302119497595557,-0.3542015485593249,0.3899999999999997,-0.07000000000000028
2026-02-19,305.10699462890625,306.2262038721237,302.2049939958365,304.2354272061944,6737700,20.229999542236328,3.69,3.5,4.08,-0.002364231324463506,-0.0023670305321947045,0.26110939787444915,0.2626865065368639,-0.3675317574116272,0.019897795442763044,20.229999542236328,0.031090656315525544,-0.4220160594101888,0.3900000000000001,-0.09999999999999964
2026-02-20,307.82086181640625,308.0288471084009,302.75966472033866,305.4536802835111,7792700,19.09000015258789,3.69,3.51,4.08,0.008894804889022057,0.008855479136574062,0.2622017861827118,0.26319872595712807,-0.2589581270974251,0.023581390289067805,19.09000015258789,-0.056351923650237334,-0.43311300369180766,0.3900000000000001,-0.009999999999999787
2026-02-23,294.8262023925781,308.02884001734253,292.2807478108573,305.8498457788993,12955400,21.01000022888184,3.69,3.5,4.03,-0.04221500565994296,-0.04313195799520826,0.2977580185055162,0.2781588434317731,0.22125761612783265,-0.00016796916073791301,21.01000022888184,0.10057622110776498,-0.494403678383287,0.3400000000000003,-0.009999999999999787
2026-02-24,294.459716796875,296.886322684036,288.5962907533433,293.98432184665864,13554100,19.549999237060547,3.69,3.52,4.04,-0.0012430563929834992,-0.0012438296284315005,0.2948653803383091,0.2760113632303937,0.26693783086401923,-0.012423749306439635,19.549999237060547,-0.06949076515545538,-0.4773252359678819,0.3500000000000001,-0.009999999999999787
2026-02-25,300.40240478515625,300.75898123488724,294.1725181992404,295.7869507950724,8095500,17.93000030517578,3.69,3.53,4.05,0.020181667132352255,0.019980716469079444,0.30364617368415986,0.277325088588395,-0.23095703125,0.009956347612785077,17.93000030517578,-0.082864398726613,-0.5097625793889785,0.3599999999999999,-0.040000000000000036
2026-02-26,303.20538330078125,306.05787397622345,300.73918125790124,301.67017313360896,7007800,18.6299991607666,3.68,3.52,4.02,0.00933074592937988,0.009287483425649617,0.3052411298326415,0.27558865490592777,-0.3261261001367884,0.017821079070640344,18.6299991607666,0.03904064939635021,-0.4969083857252248,0.3399999999999994,-0.0600000000000005
2026-02-27,297.4310607910156,300.0557680991628,291.636973162459,297.13393894248406,18620800,19.86000061035156,3.67,3.48,3.97,-0.01904426117671354,-0.019227938861463983,0.30564482571544455,0.2770317673455367,0.7319555793872656,-0.019972657193484733,19.86000061035156,0.06602262506673906,-0.5393160270527059,0.30000000000000027,-0.10999999999999988
2026-03-02,294.7172546386719,297.11414843979566,290.4088063693875,291.9935267958635,8508900,21.440000534057617,3.72,3.54,4.05,-0.00912415181227677,-0.009166031826472012,0.30701421685098834,0.2775515384961718,-0.195687723908461,-0.027232037406655807,21.440000534057617,0.07955689200142935,-0.5457755684578012,0.3299999999999996,0.019999999999999574
2026-03-03,297.3914489746094,299.5011046657454,286.73423592223537,289.4975898716125,10278200,23.56999969482422,3.71,3.55,4.06,0.009073762373418282,0.00903284313298966,0.30771421689785095,0.27669351423409033,-0.030453615871650328,-0.025572791737511924,23.56999969482422,0.09934697330735043,-0.4957835700098737,0.34999999999999964,0.019999999999999574
2026-03-04,296.52978515625,298.12438947518206,292.99388398032096,297.12402886142485,8055700,21.14999961853028,3.71,3.58,4.09,-0.0028974061672935036,-0.002901611774074465,0.29564956080931803,0.2753542412617884,-0.22312953707654956,-0.04910269580261806,21.14999961853028,-0.10267289383229605,-0.5635842856521075,0.3799999999999999,0.040000000000000036
2026-03-05,290.7455444335937,298.3620800816865,289.63624924146006,295.1332451958745,12732500,23.75,3.7,3.59,4.13,-0.019506440877797182,-0.019699202340078,0.2990900987934719,0.2780186140049126,0.21104929705400904,-0.07476287712263674,23.75,0.12293146233401187,-0.5988600487582894,0.4299999999999997,0.11000000000000032
2026-03-06,286.7144470214844,287.21955415339994,280.99955170429564,283.6044306839189,13496500,29.489999771118164,3.69,3.55,4.15,-0.013864691959295072,-0.013961704544366016,0.2933832873618093,0.2792385061956448,0.259115209531455,-0.06667522995457975,29.489999771118164,0.24168420088918596,-0.5479576276794288,0.4600000000000004,0.18000000000000016
2026-03-09,287.1502685546875,288.31898819476027,277.7707387954701,282.7724816341387,12241100,25.5,3.71,3.56,4.12,0.0015200543179132442,0.0015189002047436512,0.2488275868012615,0.2619831552181164,0.17238215457580627,-0.10074434155533019,25.5,-0.1353000950181722,-0.533646655078308,0.41000000000000014,0.07000000000000028
2026-03-10,285.9716186523437,289.9532025593205,284.43640849634494,286.5262662545288,8344900,24.93000030517578,3.71,3.56,4.15,-0.004104644959157855,-0.004113092137313681,0.2483408223885145,0.25344637922451646,-0.1886015874235142,-0.10360139050712969,24.93000030517578,-0.022352929208792838,-0.5493441639233602,0.4400000000000004,0.09000000000000075
2026-03-11,284.77313232421875,287.70487537204474,282.13854132603683,286.05081661783123,10205000,24.229999542236328,3.71,3.6,4.21,-0.004190927525510646,-0.004199734075961581,0.24718619897385288,0.24840022772321244,-0.009197328473659018,-0.09664453998500067,24.229999542236328,-0.028078650395929716,-0.5490643089793005,0.5,0.1200000000000001
2026-03-12,280.1874084472656,281.167940752382,276.4336079693154,280.1279538528093,13760500,27.290000915527344,3.72,3.66,4.27,-0.01610307770092656,-0.016234141178046287,0.2410546393067805,0.24995868840508254,0.3039939048081133,-0.08985901271128938,27.290000915527344,0.12628978254650813,-0.6098273901963013,0.5499999999999994,0.13999999999999968
2026-03-13,280.7321472167969,284.4463214441296,280.2468381234208,281.9504072447318,9091200,27.190000534057617,3.72,3.66,4.28,0.0019441943253268867,0.001942306825587805,0.22749450341577881,0.2497115507818246,-0.12034577749137153,-0.0634418046445352,27.190000534057617,-0.0036643597696923713,-0.5568203771225776,0.56,0.1299999999999999
2026-03-16,283.4261474609375,286.506421278288,281.89093739443587,283.6044205599556,8149000,23.51000022888184,3.72,3.64,4.23,0.009596336831564134,0.009550584461822866,0.23184941579274235,0.2495068075766096,-0.2078116440703258,-0.05417290229544125,23.51000022888184,-0.13534388499059746,-0.5797468840746145,0.5100000000000002,0.11000000000000032
2026-03-17,284.1492004394531,288.97266988082987,283.2181783456238,286.23902796907333,8961200,22.3700008392334,3.72,3.63,4.2,0.002551115996153097,0.0025478674235575463,0.22320699316308082,0.24964755254555415,-0.1291278888115208,-0.06590041281559211,22.3700008392334,-0.048489977820075136,-0.5931557234356373,0.48,0.04999999999999982
2026-03-18,284.9910583496094,286.6451172582804,282.3960934275981,284.08974843243266,10057000,25.09000015258789,3.73,3.68,4.26,0.0029627319339777802,0.0029583516932415376,0.22211690253814903,0.24960489424316742,-0.03597342288865766,-0.06813911654803262,25.09000015258789,0.12159138181989015,-0.5407606824786773,0.5299999999999998,0.04999999999999982
2026-03-19,285.2188415527344,286.7441374214082,281.9008401776293,284.1392586396808,9846700,24.059999465942383,3.73,3.73,4.25,0.0007992643855008197,0.0007989451438162021,0.22262022082377705,0.24776847777079924,-0.06998994591383331,-0.06518419251699337,24.059999465942383,-0.041052239154301895,-0.5448109985466881,0.52,-0.019999999999999574
2026-03-20,283.8223571777344,287.9327042603992,282.54467268192724,285.3278250323549,22436500,26.780000686645508,3.74,3.8,4.39,-0.00489618556543292,-0.004908211151035378,0.2179061004831642,0.2443504559183998,0.9820361000625004,-0.07796256724466355,26.780000686645508,0.11305075981208423,-0.5216558126508742,0.6499999999999995,0.10999999999999943
2026-03-23,287.14031982421875,292.9245231806114,285.2188513876401,291.4982779446762,11470800,26.14999961853028,3.74,3.76,4.34,0.011690279368677725,0.011622475968344073,0.16883968364792676,0.24495626254868208,0.02001699316938615,-0.02606919773746963,26.14999961853028,-0.023525057952272332,-0.5482555988758644,0.5999999999999996,0.10999999999999943
2026-03-24,289.6065368652344,292.6571288676103,282.64369950840546,283.4360748065673,11092300,26.950000762939453,3.74,3.81,4.39,0.00858889146089048,0.008552216779579985,0.17244116352807506,0.2446966378965989,-0.002724631504939715,-0.016481643005139657,26.950000762939453,0.030592778435158285,-0.5425691318762709,0.6499999999999995,0.1899999999999995
2026-03-25,292.59771728515625,294.7965097163498,289.6461758443202,291.3398308899875,12188200,25.32999992370605,3.73,3.77,4.33,0.010328428537211387,0.010275454764177187,0.15989033624784652,0.24592548619117138,0.07600792426045533,-0.025980775705113923,25.32999992370605,-0.06011134669284168,-0.5249169511807594,0.6000000000000001,0.07000000000000028
2026-03-26,288.8736267089844,292.1718002190451,287.95251872814185,289.78482055260446,8669200,27.440000534057617,3.73,3.83,4.42,-0.012727681578398986,-0.01280937241443384,0.15969282397434045,0.24593356860415647,-0.24023098408369273,-0.04726748725823149,27.440000534057617,0.08330045861456314,-0.5647696893640153,0.69,0.16999999999999993
2026-03-27,280.13787841796875,287.3384134369941,279.05829538327214,286.3777093696089,9873300,31.049999237060547,3.73,3.77,4.44,-0.03024072633607411,-0.030707409764835016,0.1796664572805327,0.2530246187403867,-0.10021338866948543,-0.058141817223311465,31.049999237060547,0.13155971693667867,-0.5943922111261757,0.7100000000000004,0.05000000000000071
2026-03-30,281.0589904785156,284.505755156032,279.6327451103039,282.01972478590784,11734400,30.61000061035156,3.71,3.71,4.35,0.0032880668110599753,0.003282672939755061,0.1794293255698323,0.2532471217630603,0.05390503681895707,-0.046343618994759916,30.61000061035156,-0.014170648551379506,-0.5918413672937388,0.6399999999999997,0.009999999999999787
2026-03-31,291.3497314453125,292.2510413422024,282.22772810140145,285.7140887250632,12956900,25.25,3.7,3.68,4.3,0.03661416754282243,0.03595979399902107,0.22243480012097655,0.26387215834236105,0.14986983216847138,-0.020315706958382362,25.25,-0.17510619090085666,-0.7222616084853193,0.5999999999999996,-0.08999999999999986
2026-04-01,292.5580749511719,295.8661624411999,290.1116710297465,292.567989087923,11267200,24.540000915527344,3.7,3.68,4.33,0.004147398728892249,0.004138821976746752,0.2230505684019331,0.2578546663466797,-0.014132816273388447,-0.01339396716247343,24.540000915527344,-0.028118775622679504,-0.7542856366457311,0.6299999999999999,0.0
2026-04-02,291.7855224609375,292.7957669317203,285.9616926535428,289.1212191631598,6669300,23.8700008392334,3.7,3.68,4.31,-0.002640680795986672,-0.0026441735436960176,0.21168262460811266,0.2572927306160821,-0.4005425344881516,0.003576935389912217,23.8700008392334,-0.027302365578560805,-0.7294452049020094,0.6099999999999994,-0.11000000000000032
2026-04-06,294.125,295.4987855589938,291.88509063240025,292.7412191857173,7142600,24.170000076293945,3.72,3.72,4.34,0.008017798550562727,0.007985826785513652,0.2065105764111623,0.25436061745679794,-0.3391294210281124,0.025846458228734992,24.170000076293945,0.012568044680059565,-0.7166255339380252,0.6199999999999997,-0.10000000000000053
2026-04-07,296.0662536621094,296.8427544058445,291.38734983011653,291.8253790066561,7849100,25.780000686645508,3.71,3.68,4.33,0.006600097448735687,0.006578412169908947,0.20736869060447738,0.254060318506479,-0.25869819087452006,0.03104989297867866,25.780000686645508,0.06661152690399286,-0.7319282829225766,0.6200000000000001,-0.019999999999999574
2026-04-08,306.5888366699219,309.8640903908154,303.96066179364243,306.5888366699219,10590200,21.040000915527344,3.69,3.69,4.29,0.03554131170863384,0.03492429647888253,0.2374042394409339,0.26487747954839835,-0.010310704236145312,0.07209532930134088,21.040000915527344,-0.18386344627110762,-0.8018889248215989,0.6000000000000001,-0.009999999999999787
2026-04-09,308.938232421875,309.8640846884941,304.73715687535,305.5734164156603,6586600,19.489999771118164,3.68,3.68,4.29,0.0076630179280876565,0.007633806144905957,0.23603872383968216,0.2639774024482139,-0.3738741265122947,0.08485737365891621,19.489999771118164,-0.07366925270736524,-0.8132421591032529,0.6099999999999999,-0.040000000000000036
2026-04-10,308.4803161621094,308.9581744354404,305.344449093958,308.6097380099313,6069700,19.229999542236328,3.69,3.7,4.31,-0.0014822259329182463,-0.0014833255164648355,0.2247447858592998,0.24897051190005515,-0.4011190845253165,0.10097851245934475,19.229999542236328,-0.013340186348648642,-0.7868857582998039,0.6199999999999997,0.0
2026-04-13,312.2732238769531,312.3329523629397,304.0900871089203,306.0910825316173,8318200,19.1200008392334,3.71,3.7,4.3,0.01229546105901469,0.012220485822152918,0.22596338122283507,0.2493479437169513,-0.17612381418364134,0.11235292065001201,19.1200008392334,-0.005720161498773413,-0.7793293528657886,0.5899999999999999,-0.040000000000000036
2026-04-14,309.7247009277344,312.91036189245165,307.4847916064935,308.4305432499699,11455500,18.36000061035156,3.71,3.71,4.26,-0.008161195883457983,-0.008194680751405403,0.2302988018181314,0.24981211966927616,0.11633060459015498,0.09278802856543567,18.36000061035156,-0.039748964201003156,-0.7639598523433692,0.5499999999999998,-0.07000000000000028
2026-04-15,304.5579833984375,312.8307129741003,302.8954898881459,312.54203541599225,9885800,18.170000076293945,3.71,3.7,4.29,-0.01668164506679881,-0.01682235070371428,0.2423542895074102,0.2512962735988131,-0.04095615288162806,0.0718241787322329,18.170000076293945,-0.010348612622076314,-0.7312300758048086,0.5800000000000001,0.0
2026-04-16,308.5599670410156,308.5599670410156,303.8312695552229,303.98059076810495,8208600,17.940000534057617,3.7,3.69,4.32,0.013140301225801565,0.013054716392694827,0.24471101649694138,0.24405616921702267,-0.19646069156301346,0.08270051989663951,17.940000534057617,-0.012658202601573132,-0.7716130268962356,0.6200000000000001,0.03000000000000025
2026-04-17,308.8984375,313.4877482505245,308.69932229637936,311.068653468178,11082400,17.479999542236328,3.7,3.64,4.26,0.0010969357503831656,0.0010963345559705288,0.24466212943947171,0.24398959914712975,0.07833349874578442,0.08302255144980486,17.479999542236328,-0.02564108016318145,-0.7761633407666293,0.5599999999999996,-0.04999999999999982
2026-04-20,315.5683898925781,315.70777661938337,308.9780833700189,309.45594165814435,10772000,18.8700008392334,3.71,3.65,4.26,0.02159270356483467,0.021362883546273116,0.24971243700489976,0.2475286491769752,0.1111896238078463,0.11185176893927307,18.8700008392334,0.07951952708227816,-0.6635669145774304,0.5499999999999998,-0.040000000000000036
2026-04-21,311.5962829589844,318.8038038717339,311.3474041387296,316.0661368489313,7084300,19.5,3.69,3.69,4.3,-0.012587150870674635,-0.012667040147730398,0.2563538172541203,0.24546708729610092,-0.2523000509773831,0.08517077347318214,19.5,0.03338628154465928,-0.6714978191643581,0.6099999999999999,0.040000000000000036
2026-04-22,311.6161804199219,313.73663281642627,310.5410372905177,313.43799038623484,5545900,18.920000076293945,3.69,3.69,4.3,6.385654138285624e-05,6.385450264070844e-05,0.2561634214189379,0.24455419214874627,-0.3970189628234721,0.0759984349556635,18.920000076293945,-0.029743585831079722,-0.6825264171000345,0.6099999999999999,0.009999999999999787
2026-04-23,310.29217529296875,313.57736372602733,307.5047445243564,312.11395497732667,6969700,19.309999465942383,3.69,3.7,4.34,-0.004248833052150736,-0.0042578849925245695,0.2563817974931223,0.2446840157238299,-0.22009009074536076,0.06047367071756082,19.309999465942383,0.02061307547969271,-0.6822260709306143,0.6499999999999999,0.019999999999999574
2026-04-24,306.8974609375,309.7545850384977,306.5092257615542,309.7545850384977,5215300,18.709999084472656,3.69,3.67,4.31,-0.010940380150622708,-0.01100066621441083,0.25498513674296414,0.24584837919361033,-0.4049076604460368,0.06239349169342168,18.709999084472656,-0.03107200404267052,-0.6363733041363396,0.6199999999999997,0.04999999999999982
2026-04-27,310.232421875,311.1781431330245,305.50372444273444,305.50372444273444,7925300,18.020000457763672,3.68,3.69,4.35,0.01086669445655386,0.010808076207741784,0.22267625009494724,0.24390507828020935,-0.08551944567844966,0.10742761252774913,18.020000457763672,-0.03687860291140321,-0.5274382351302845,0.6699999999999995,0.08999999999999986
2026-04-28,310.0532531738281,314.035314384572,309.7745101043047,313.78643555890045,7398600,17.829999923706055,3.68,3.71,4.36,-0.00057753054980203,-0.0005776973848079748,0.22351461756201985,0.24387417026455782,-0.12439080389033405,0.10316077292510184,17.829999923706055,-0.010543869546671303,-0.5286735618193569,0.6800000000000002,0.0600000000000005
2026-04-29,307.86309814453125,310.65052875636707,305.91189671624613,309.1771855961317,8031800,18.809999465942383,3.68,3.75,4.42,-0.007063802772193428,-0.007088869541220571,0.19455415237128057,0.24391085347968652,-0.02091875263990989,0.05667884647533428,18.809999465942383,0.054963519149170637,-0.3712303663054904,0.7399999999999998,0.1200000000000001
2026-04-30,311.82525634765625,312.6913497643884,305.1951210592971,305.6928786901284,8865400,16.889999389648438,3.68,3.72,4.4,0.01286987049440036,0.012787757483226312,0.1977649579440207,0.24127628026697412,0.09675300294495513,0.06585762980461252,16.889999389648438,-0.10207337218538048,-0.4039669092534292,0.7200000000000002,0.0600000000000005
2026-05-01,311.06866455078125,314.6624601726697,310.43152018106696,312.5420381202088,6135400,16.989999771118164,3.68,3.73,4.39,-0.0024263326381473993,-0.0024292809532104396,0.197682345245706,0.24079394569233997,-0.23846476562131513,0.0660866993235596,16.989999771118164,0.00592068591376127,-0.4166702598743482,0.7099999999999995,0.08000000000000007
2026-05-04,306.270263671875,309.2568094519629,305.13539207341324,309.22694520939064,7338200,18.290000915527344,3.7,3.78,4.45,-0.01542553598523233,-0.015545747384606946,0.20752797862956557,0.23838313152864482,-0.0902757115937717,0.041292864162771004,18.290000915527344,0.07651566579883617,-0.4901579367071014,0.75,0.10000000000000053
2026-05-05,308.0124206542969,309.5753869306937,305.42407485773,306.32999740556414,6316800,17.3799991607666,3.69,3.77,4.43,0.005688299482735193,0.005672182198308184,0.20728894352989416,0.2246632339391042,-0.20939049048253489,0.04034964081323933,17.3799991607666,-0.04975405736520189,-0.5425441579859495,0.7399999999999998,0.0699999999999994
2026-05-06,313.4877624511719,314.84167905955115,309.95369528217543,310.0532528884956,8629500,17.389999389648438,3.69,3.73,4.36,0.01777636689210116,0.017620215107473358,0.17781639853665862,0.2277425656098673,0.09348370133367125,0.022502208026176307,17.389999389648438,0.0005753871901450491,-0.21862622315517874,0.6700000000000004,-0.05999999999999961
2026-05-07,304.8964538574219,314.8814709002291,304.76706239082745,313.23887676443206,8359600,17.079999923706055,3.69,3.76,4.41,-0.027405562904829983,-0.027788100651294837,0.20322564879937483,0.2334510999340594,0.047516415217282344,-0.013082804717202579,17.079999923706055,-0.01782630689032183,-0.1280772984826892,0.7200000000000002,0.009999999999999787
2026-05-08,300.74517822265625,307.60426284206056,299.1523476664256,306.86759124184925,9464300,17.190000534057617,3.69,3.75,4.38,-0.01361536214096759,-0.013708901199919597,0.20845005161300506,0.23008669516995792,0.161245280750123,-0.02507498058770219,17.190000534057617,0.006440316794081857,-0.13896798376071068,0.69,-0.009999999999999787
2026-05-11,298.6545715332031,301.83026757429667,297.5395993270601,300.7451596100784,9512000,18.3799991607666,3.7,3.79,4.42,-0.006951422136867502,-0.006975695828254186,0.2030398145349849,0.22393655068657647,0.15861249089505008,-0.04361133553069618,18.3799991607666,0.0692262123175218,-0.1635788236216471,0.7199999999999998,-0.03000000000000025
2026-05-12,303.5126953125,304.6873960201211,294.2245209852311,298.67447538308426,9498200,17.989999771118164,3.7,3.8,4.46,0.016266698193691642,0.016135812931797267,0.21174072861396775,0.22638153115837895,0.1708891383149931,-0.02005653923186379,17.989999771118164,-0.021218683757119994,-0.2134876514845841,0.7599999999999998,0.03000000000000025
2026-05-13,298.9034729003906,301.6411400127173,298.7242874353193,300.91440289675086,7709500,17.8700008392334,3.69,3.79,4.46,-0.01518625903724935,-0.015302751160139258,0.21029970894855865,0.22643833787124576,-0.03669059893991608,-0.01856628558854545,17.8700008392334,-0.006670313141271755,-0.22104532345595382,0.77,0.09999999999999964
2026-05-14,298.56500244140625,302.38777761395096,297.4699295162906,300.8945046380796,7364300,17.260000228881836,3.69,3.79,4.47,-0.0011323737917798837,-0.001133015411396599,0.20370682435844284,0.22613706750752116,-0.07494418048153952,-0.032392292154609925,17.260000228881836,-0.0341354550477867,-0.20996899612167902,0.7799999999999998,0.05999999999999961
2026-05-15,296.4743957519531,299.4410421498196,295.1205095874812,298.86362628854243,8699300,18.43000030517578,3.69,3.82,4.59,-0.007002182681687286,-0.007026813007544652,0.20429607305213934,0.22651145965455516,0.10935413816013477,-0.04022047456308964,18.43000030517578,0.06778679378787822,-0.22333892180730056,0.8999999999999999,0.20999999999999996
2026-05-18,299.3813171386719,299.908939014877,295.8870488301784,296.6635495230975,7546300,17.81999969482422,3.68,3.81,4.61,0.009804966055655173,0.009757209291206721,0.1903297494037021,0.22667764386081013,-0.017470901902679324,-0.05129497526484339,17.81999969482422,-0.03309824201035161,-0.47680795105290813,0.9300000000000002,0.1900000000000004
2026-05-19,294.3738708496094,300.436555061437,293.935841710235,299.7396822358739,8066900,18.059999465942383,3.67,3.83,4.67,-0.01672598122328084,-0.016867440023781054,0.1938188295532003,0.2114398973591602,0.04363542039286562,-0.055271558267086296,18.059999465942383,0.01346800085456068,-0.46185988539125733,1.0,0.20999999999999996
2026-05-20,300.625732421875,301.57145376365,292.35300240137923,295.3694126574367,9327000,17.440000534057617,3.65,3.79,4.57,0.021237827780780094,0.02101544817933584,0.21145266056354392,0.21576881710663004,0.17784931055341363,-0.035269182695316315,17.440000534057617,-0.03432995294678509,-0.48061950271279535,0.9200000000000004,0.11000000000000032
2026-05-21,301.6411437988281,302.6167597554335,298.8636475324957,299.8790926087445,7874400,16.760000228881836,3.68,3.83,4.57,0.0033776595528693942,0.0033719680731615523,0.21200784597560382,0.21196446046238143,-0.01123883321059204,-0.027880276020407435,16.760000228881836,-0.03899084199268488,-0.4847441325484788,0.8900000000000001,0.10000000000000053
2026-05-22,305.0059814453125,306.07119010408854,302.4773640852478,303.31359328873907,5973900,16.700000762939453,3.68,3.86,4.56,0.011155101734823258,0.011093342450438514,0.21325891653178408,0.21233191685290967,-0.2534337436350537,-0.006163229524315583,16.700000762939453,-0.003579920353401156,-0.5070184623375666,0.8799999999999994,-0.03000000000000025
2026-05-26,305.3643493652344,308.54004556072954,304.0701916446211,307.1065011172144,7725400,17.010000228881836,3.68,3.82,4.5,0.0011749537442633518,0.001174264026317696,0.20930308782883447,0.20848210101628495,-0.03333900578590162,-0.01569169489231237,17.010000228881836,0.01856284142395559,-0.4836232665227154,0.8199999999999998,-0.11000000000000032
2026-05-27,297.93780517578125,304.52811132231307,294.42363753054383,303.63215366632585,11779200,16.290000915527344,3.68,3.8,4.48,-0.02432027250362001,-0.024620894478387285,0.22573350670873915,0.21385976465183257,0.4345861035432299,-0.03907537777471559,16.290000915527344,-0.042328001391321646,-0.3651138941494603,0.8000000000000003,-0.1899999999999995
2026-05-28,295.3992614746094,299.7197941661088,294.4236455581874,296.2354906683788,9757700,15.739999771118164,3.69,3.8,4.45,-0.008520381291236778,-0.008556887250948752,0.22623264601848653,0.2137882910533882,0.1760281975831504,-0.04048499721155452,15.739999771118164,-0.03376311316747249,-0.3365228420095612,0.7600000000000002,-0.1200000000000001
2026-05-29,297.9676818847656,298.53513289689414,293.87612858626386,295.070728717322,13969000,15.31999969482422,3.69,3.79,4.45,0.008694742151130974,0.008657160564949532,0.22308883880209987,0.21445543405157966,0.6333531914346299,-0.04444019264251231,15.31999969482422,-0.026683613875561507,-0.2723632985874073,0.7600000000000002,-0.1200000000000001
2026-06-01,295.2499084472656,298.20659004481905,293.9457858606032,296.3549462063085,7930000,16.049999237060547,3.78,3.83,4.47,-0.00912103426891464,-0.009162885581194609,0.22442786171967222,0.21136959530951216,-0.08239629949983077,-0.05085293990109774,16.049999237060547,0.04765010161736183,-0.29147080401956815,0.69,-0.08999999999999986
2026-06-02,299.6102600097656,300.7152977310929,293.9457758280521,295.17027051801705,8296200,15.770000457763672,3.77,3.82,4.46,0.014768341793673478,0.014660351758215043,0.22693395496824514,0.21128547092703515,-0.04531370918788604,-0.021745511896135716,15.770000457763672,-0.017445407639044563,-0.2313929187447201,0.69,-0.040000000000000036
2026-06-03,299.50079345703125,300.60580089187994,295.23002417973413,298.5749714904202,7003900,16.059999465942383,3.78,3.84,4.49,-0.0003653631645685884,-0.00036542992595152884,0.2255522964328644,0.21129083516615457,-0.19719909723726636,-0.027634038845526954,16.059999465942383,0.01838928343441748,-0.20497372431260372,0.7100000000000004,0.009999999999999787
2026-06-04,309.4957580566406,311.5066879726736,303.0746723882986,304.36883009196185,10345200,15.399999618530272,3.78,3.82,4.47,0.033372080535216675,0.03282731941213016,0.24791261394278583,0.2210332837021206,0.1742411988946796,-0.012734163411412425,15.399999618530272,-0.04109588227644334,-0.3101340041779152,0.69,0.019999999999999574
2026-06-05,310.9691162109375,313.58732636819616,308.211549706599,312.8805189963161,9118800,21.51000022888184,3.78,3.88,4.55,0.004760511625581776,0.004749216223855405,0.22664793891690183,0.22083997674386224,0.0305970507709304,0.01991713014922558,21.51000022888184,0.39675329621434674,-0.08025544104557772,0.77,0.09999999999999964
2026-06-08,309.7147521972656,314.8814790647009,309.3862455138746,311.84516953437026,6827000,18.920000076293945,3.8,3.85,4.56,-0.004033725371046182,-0.004041882785132528,0.22085863595355767,0.21806209043179844,-0.21674672822247285,0.029824498027259283,18.920000076293945,-0.12040911785348363,-0.05518775090641641,0.7599999999999998,0.08999999999999986
2026-06-09,311.2976379394531,315.0009559692908,307.6241841525692,312.1040028799189,11594600,19.8700008392334,3.79,3.9,4.53,0.005110785750300106,0.005097770013067561,0.21888478664030314,0.2181747869667857,0.31452982538088103,0.04233340993691903,19.8700008392334,0.05021145661250648,-0.030557619720028562,0.7400000000000002,0.07000000000000028
2026-06-10,307.75360107421875,313.3384270822022,307.64407859799763,311.1582462393224,7446200,22.21999931335449,3.79,3.9,4.55,-0.011384721351222371,-0.01145002339481894,0.21727511022840265,0.21919904420727201,-0.14585660962588928,0.013972745875925341,22.21999931335449,0.11826866506623435,-0.06306726118824858,0.7599999999999998,0.05999999999999961
2026-06-11,312.0840759277344,313.30857066124145,307.4947650619962,308.1717081621576,9116600,19.440000534057617,3.78,3.85,4.45,0.014071240233745508,0.013973159341883886,0.2135065165811518,0.22070613013263052,0.03738068375455659,0.0440965201890986,19.440000534057617,-0.12511246018023314,-0.1349498508215434,0.6700000000000004,-0.019999999999999574
2026-06-12,319.2816772460937,319.8590627688812,314.1348496322589,314.5529794375797,7426200,17.68000030517578,3.78,3.86,4.48,0.023063020107523702,0.022801088305249184,0.22519697491713864,0.22494758625721395,-0.15526794438523112,0.06938748559035512,17.68000030517578,-0.09053498871043908,-0.19807812927574842,0.7000000000000006,-0.0699999999999994
2026-06-15,317.96759033203125,324.4583697274161,317.41010417767774,322.4673390673774,7988900,16.200000762939453,3.79,3.84,4.47,-0.004115760495236875,-0.004124253549057807,0.2236527328216833,0.22527594678945753,-0.08757410912014729,0.07249595542834175,16.200000762939453,-0.08371037990327757,-0.15271702667490808,0.6799999999999997,-0.08999999999999986
2026-06-16,329.6549377441406,330.26218746993305,322.56684357389287,322.8455866314347,11094900,16.40999984741211,3.79,3.84,4.43,0.03675641092824922,0.03609700380331456,0.2512658533947,0.2354940333985563,0.24199885817913155,0.10112060730712247,16.40999984741211,0.012962905838441063,-0.11751603432970331,0.6399999999999997,-0.10000000000000053
2026-06-17,331.9645080566406,336.25517637046335,330.01330666560995,330.69024974688585,12246400,18.440000534057617,3.83,3.98,4.49,0.0070060237177231866,0.006981595563343599,0.23787247998054242,0.23491710491307746,0.33956459556501123,0.12769692193990845,18.440000534057617,0.12370510088491216,-0.10826860341562052,0.6600000000000001,-0.05999999999999961
2026-06-18,323.761474609375,336.57375116590936,322.70623086248213,335.4388795655989,20111000,16.399999618530273,3.83,4.0,4.46,-0.024710573715507,-0.025021004563508302,0.254875451933512,0.24116540155360316,1.0773090321264502,0.07695862227466632,16.399999618530273,-0.11062911369007722,0.014635675928736026,0.6299999999999999,0.009999999999999787
2026-06-22,329.993408203125,331.2776010100568,325.28461010223134,328.22139226156105,10182500,17.280000686645508,3.85,4.04,4.51,0.019248533511496246,0.01906562392442834,0.2606247648952544,0.24314054633869414,0.03938272965943564,0.09399335928524954,17.280000686645508,0.0536586029624615,0.03331984683452793,0.6599999999999997,0.02999999999999936
2026-06-23,332.6414794921875,333.86594380335947,325.7425357353925,327.9924099173137,7582200,19.489999771118164,3.85,4.01,4.5,0.008024618744603806,0.0079925927086734,0.2598142037790483,0.24145878985549807,-0.23234513791757597,0.09060641340842035,19.489999771118164,0.1278934604545825,0.04598582052711817,0.6499999999999999,0.03000000000000025
2026-06-24,331.95458984375,333.02973300317086,328.291070440402,331.57628916780243,7907400,18.6299991607666,3.85,3.99,4.41,-0.002064954886221937,-0.0020670898451318684,0.2605910786584685,0.23164511533362275,-0.20015739119044285,0.08707709506296069,18.6299991607666,-0.044125224240688765,0.05578910309524742,0.56,-0.019999999999999574
2026-06-25,333.6170654296875,341.90972446819404,333.2586945227413,333.4577793441399,10043100,18.88999938964844,3.84,3.96,4.4,0.005008141585630899,0.004995642558455251,0.23735500107067586,0.231686054118401,0.024869915372283377,0.11975405481978263,18.88999938964844,0.01395599788481916,0.014711940070432661,0.5600000000000005,-0.08999999999999986
2026-06-26,327.57427978515625,334.8913229247855,326.03124330500606,334.49312290223526,17640900,18.40999984741211,3.83,3.94,4.38,-0.018112939266905714,-0.018278986678531093,0.24737336198569498,0.22515950300009366,0.7305943464249451,0.10892044262376199,18.40999984741211,-0.025410246572023065,0.02140086312851996,0.5499999999999998,-0.08000000000000007
2026-06-29,327.91278076171875,330.8993264933345,325.73259994718205,326.80774304304947,7981800,17.649999618530273,3.87,3.97,4.38,0.0010333563941116175,0.0010328228489229123,0.24742803036921568,0.2251206992743123,-0.19328413947983614,0.1004978079754768,17.649999618530273,-0.04128192477897652,0.03164978804081058,0.5099999999999998,-0.1299999999999999
2026-06-30,325.86199951171875,328.95806779511634,325.2149206632551,327.4150312810325,8080100,16.450000762939453,3.87,3.98,4.44,-0.006254044887290422,-0.006273683348712328,0.24547220648056214,0.22555618219255913,-0.18396799739842523,0.10368196632284721,16.450000762939453,-0.06798860518563254,0.07105183611929812,0.5700000000000003,-0.05999999999999961
2026-07-01,332.5718078613281,334.13477419390347,323.5524415571975,326.89735842569155,15210200,16.59000015258789,3.85,4.0,4.48,0.020590950646787842,0.020381822909216155,0.24928988319499898,0.22841116098114433,0.48429918042585457,0.11001474999717353,16.59000015258789,0.008510600799718215,0.07696983269746549,0.6300000000000003,0.07000000000000028
2026-07-02,332.9700012207031,338.4751995750331,330.2820977776739,336.5040683580973,8413900,16.149999618530273,3.82,3.96,4.49,0.001197315436734403,0.0011965992262364675,0.24888714860926076,0.2282213967577591,-0.18453327931714752,0.11174998028335326,16.149999618530273,-0.026522033153145053,0.08261587906331457,0.6700000000000004,0.08999999999999986
2026-07-06,337.7200012207031,339.7200012207031,334.1099853515625,335.0,8673500,15.56999969482422,3.87,3.95,4.48,0.014265549396600186,0.01416475391773782,0.2295741889448379,0.21920058615106522,-0.1525075945520509,0.09119428111482297,15.56999969482422,-0.03591330881770238,0.11860236567890714,0.6100000000000003,0.10000000000000053
2026-07-07,339.2200012207031,341.3999938964844,337.0899963378906,340.9800109863281,7115800,16.1299991607666,3.86,4.06,4.55,0.004441549196311012,0.004431714626410532,0.2295698826229337,0.21892290705415024,-0.29784017619615244,0.09084788018178114,16.1299991607666,0.03596656884511917,0.17556059817996245,0.69,0.16999999999999993
2026-07-08,330.6199951171875,336.5299987792969,330.1300048828125,336.5299987792969,18505200,16.899999618530273,3.87,4.06,4.56,-0.025352296658711193,-0.025679203186040205,0.2518265803625199,0.22586455294897312,0.726542185300152,0.06749837639831502,16.899999618530273,0.0477371666352322,0.05789335664721454,0.6899999999999995,0.11999999999999922
2026-07-09,335.4700012207031,337.0,330.8099975585937,331.4599914550781,15570600,15.84000015258789,3.83,4.02,4.54,0.01466942766663748,0.014562872418268957,0.25496151395580446,0.2264050620766444,0.4262879378429898,0.07765032668173188,15.84000015258789,-0.06272186330585061,0.026437831757559236,0.71,0.05999999999999961
2026-07-10,336.4700012207031,338.5899963378906,335.7699890136719,337.4700012207031,6299000,15.029999732971191,3.85,4.06,4.56,0.002980892468361418,0.002976458417840585,0.24862645257131977,0.22558240788514364,-0.4199554123528594,0.0933097128555096,15.029999732971191,-0.05113638963471623,0.12947495571182327,0.7099999999999995,0.0699999999999994
2026-07-13,334.5299987792969,338.3500061035156,332.5,338.3399963378906,7120300,17.15999984741211,3.89,4.12,4.62,-0.005765751580729228,-0.005782437695950464,0.2484907033115078,0.2228960919383566,-0.338243323811688,0.07192267912048167,17.15999984741211,0.14171657699822537,0.10700832746625033,0.73,0.13999999999999968
2026-07-14,342.8900146484375,344.7300109863281,325.75,327.0,14537900,16.5,3.84,4.02,4.58,0.02499033240560311,0.024683180746480203,0.2505139353353301,0.22669799710014932,0.3079202683153281,0.07394203640488617,16.5,-0.03846152991147278,0.1534789400486924,0.7400000000000002,0.03000000000000025
2026-07-15,346.9100036621094,351.239990234375,333.42999267578125,345.8500061035156,10750000,15.670000076293944,3.83,3.97,4.55,0.011723843920603993,0.011655652124962753,0.2503504687015229,0.22759739636819454,-0.04472762963157144,0.09102315522112048,15.670000076293944,-0.0503030256791549,0.1063601974638472,0.7199999999999998,-0.009999999999999787
2026-07-16,343.1499938964844,349.3399963378906,341.1099853515625,349.2799987792969,12432400,16.729999542236328,3.84,3.99,4.57,-0.010838574056478478,-0.010897739299897794,0.22568567725527597,0.2254274134337058,0.09824817737480135,0.04093691495929552,16.729999542236328,0.06764514746531392,0.04839795319934973,0.7300000000000004,0.03000000000000025
2026-07-17,341.1000061035156,346.1300048828125,335.04998779296875,339.0299987792969,9250900,18.770000457763672,3.85,4.01,4.55,-0.00597402835328964,-0.005991944249690522,0.22658879780775298,0.22405967121789852,-0.17184066690330324,0.027519502311723842,18.770000457763672,0.12193669882519642,-0.03210533087680511,0.6999999999999997,-0.009999999999999787
2026-07-20,338.8699951171875,344.260009765625,337.3699951171875,341.79998779296875,7723300,18.64999961853028,3.86,4.03,4.6,-0.006537704328423155,-0.006559168720411391,0.20668555219119392,0.22465230780852474,-0.2680065017225774,0.04666559085215827,18.64999961853028,-0.006393225162855898,-0.22132688122545044,0.7399999999999998,-0.020000000000000462
2026-07-21,345.2300109863281,345.739990234375,337.29998779296875,340.1199951171875,6015300,17.049999237060547,3.87,4.08,4.63,0.018768306314465022,0.018594354799919808,0.20618410257586212,0.22706391471244217,-0.41840082222323205,0.046172445886629276,17.049999237060547,-0.08579090692741909,-0.3515492912881175,0.7599999999999998,0.04999999999999982
2026-07-22,348.2099914550781,349.07000732421875,344.25,345.07000732421875,8040200,16.639999389648438,3.89,4.11,4.67,0.008631869692429461,0.008594828111342118,0.2064172522661305,0.225901878594439,-0.22433744726542337,0.046802677725753306,16.639999389648438,-0.024046912947709553,-0.446683689750602,0.7799999999999998,0.1200000000000001
2026-07-23,349.8999938964844,349.9200134277344,345.4200134277344,346.5799865722656,10913000,18.700000762939453,3.95,4.15,4.71,0.004853400197806446,0.0048416604209664225,0.20594062201630953,0.22525006406323528,0.03776482592500668,0.05405981601634502,18.700000762939453,0.12379816399347465,-0.40390284626161466,0.7599999999999998,0.13999999999999968
2026-07-24,353.2099914550781,353.3699951171875,347.5,350.6400146484375,7520800,18.57999992370605,3.96,4.14,4.69,0.009459838857765135,0.009415374777564975,0.20720696482848192,0.2256911659330799,-0.2761330753227578,0.0587287883494676,18.57999992370605,-0.006417156916443845,-0.40648229947511355,0.7300000000000004,0.14000000000000057
2026-07-27,356.20001220703125,359.04998779296875,352.5799865722656,357.8900146484375,7884900,18.670000076293945,3.96,4.14,4.65,0.008465277948779049,0.00842964841811415,0.1922264529823293,0.22521168017938487,-0.2037027031530642,0.08738699644138581,18.670000076293945,0.00484392642397502,-0.47743277609108653,0.6900000000000004,0.05000000000000071
2026-07-28,357.3099975585937,359.29998779296875,354.1499938964844,357.29998779296875,6533800,18.209999084472656,3.9,4.09,4.61,0.003116185607869415,0.0031113403646732428,0.1919151733628759,0.22418171924143257,-0.3352903564810411,0.08964949987184778,18.209999084472656,-0.024638510441431172,-0.4890038590376299,0.7100000000000004,-0.019999999999999574
2026-07-29,344.7099914550781,357.3699951171875,343.7799987792969,356.5,8265300,20.65999984741211,3.83,4.04,4.67,-0.03526351400634775,-0.0359002864431332,0.23705472500429933,0.23728922812410444,-0.1599293207566155,0.05784041088436753,20.65999984741211,0.13454150939680853,-0.6610694155804544,0.8399999999999999,0.0
2026-07-30,350.8500061035156,352.2799987792969,345.3699951171875,347.5400085449219,7606500,17.09000015258789,3.82,4.04,4.68,0.017812116853705096,0.017655340047404072,0.23455885712754687,0.23673076987383032,-0.1958137700702956,0.05496015540141319,17.09000015258789,-0.17279766317478462,-0.6933260680884654,0.8599999999999999,-0.03000000000000025
2026-07-31,351.7900085449219,354.4700012207031,349.70001220703125,353.29998779296875,6603400,15.989999771118164,3.83,4.08,4.75,0.002679214550530551,0.0026756318530101815,0.23449394880420066,0.2366261836121233,-0.29511891679267044,0.05652163034274138,15.989999771118164,-0.064365147551105,-0.6853224411168816,0.9199999999999999,0.05999999999999961
2026-08-03,352.6400146484375,355.6199951171875,350.8399963378906,353.75,6436600,15.859999656677246,3.91,4.07,4.7,0.002416231509903888,0.0024133171161717596,0.23058384877201393,0.23443976595834293,-0.3046219531430621,0.04417864909926972,15.859999656677246,-0.008130088574218153,-0.6804472034507494,0.79,0.04999999999999982
2026-08-04,357.5199890136719,363.0,353.8699951171875,355.0,8477200,16.5,3.89,4.04,4.63,0.013838402230386349,0.013743525832079776,0.2341414296488641,0.2272707095825945,-0.09085156788745143,0.05394725466397965,16.5,0.040353112054028806,-0.6541450994679934,0.7399999999999998,0.019999999999999574
2026-08-05,359.239990234375,362.1700134277344,358.20001220703125,358.9700012207031,5269500,15.8100004196167,3.89,4.03,4.63,0.004810923231028941,0.004799387722696735,0.20890591089805238,0.2247303213891874,-0.39169147173261437,0.08656462264795328,15.8100004196167,-0.0418181563868667,-0.671894648633223,0.7399999999999998,-0.040000000000000036
2026-08-06,356.29998779296875,362.80999755859375,354.95001220703125,362.80999755859375,5820100,15.149999618530272,3.9,4.06,4.69,-0.008183950900032433,-0.008217623267376415,0.20949648815644425,0.2249791673657369,-0.288062903821642,0.062091950089336656,15.149999618530272,-0.041745780111903885,-0.6172933487174208,0.7900000000000005,0.010000000000000675
2026-08-07,357.5199890136719,358.8500061035156,353.3299865722656,355.760009765625,4566200,14.899999618530272,3.87,4.01,4.65,0.00342408437412578,0.003418235544679512,0.20950136242761086,0.22329689725538907,-0.4354617364663876,0.0625612616774156,14.899999618530272,-0.01650165058052011,-0.6239738549734373,0.7800000000000002,-0.09999999999999964
2026-08-10,359.7900085449219,359.989990234375,356.5,357.9599914550781,5327500,15.460000038146973,3.89,4.04,4.72,0.006349349969249296,0.00632927776556017,0.2071390506794584,0.2202151664715054,-0.33395759832173566,0.07550895243415834,15.460000038146973,0.03758392174186764,-0.6080492965077255,0.8299999999999996,0.019999999999999574
2026-08-11,362.0400085449219,363.1199951171875,358.6000061035156,360.04998779296875,4576500,15.279999732971191,3.89,4.03,4.7,0.006253647812788143,0.0062341748996310705,0.1920855262816097,0.22012929954562474,-0.3898545063307678,0.05584879430250744,15.279999732971191,-0.011642969258191305,-0.6161256763028715,0.81,0.07000000000000028
2026-08-12,365.1799926757813,366.0899963378906,361.2999877929688,362.9700012207031,4366800,14.550000190734863,3.87,4.0,4.68,0.008673030761101153,0.00863563609100662,0.19051433837597317,0.21935637359230986,-0.39193846419485595,0.052664924103678734,14.550000190734863,-0.047774839986491235,-0.6122180049834688,0.8099999999999996,0.04999999999999982
2026-08-13,363.1099853515625,366.5,361.5199890136719,366.5,5102700,14.630000114440918,3.87,3.97,4.63,-0.005668457653036363,-0.005684584330251147,0.18648395337299878,0.21974955278607572,-0.251257332144783,0.058166958502407384,14.630000114440918,0.005498276471294972,-0.5854153227734017,0.7599999999999998,-0.0600000000000005
2026-08-14,362.8399963378906,365.8999938964844,361.4500122070313,363.0,5058600,14.25,3.86,3.98,4.68,-0.0007435461005306232,-0.0007438226680347212,0.18410758358897336,0.2159062508077586,-0.23417320045235648,0.06373494531037172,14.25,-0.025974033593193835,-0.5639069390662922,0.8199999999999998,0.02999999999999936
2026-08-17,360.9599914550781,365.75,360.9599914550781,361.9400024414063,5282600,15.1899995803833,3.87,4.0,4.72,-0.005181360659759715,-0.005194830456966727,0.18322082116808136,0.21348496469303152,-0.18520832128328224,0.06518723007698424,15.1899995803833,0.06596488283391588,-0.5885060757672311,0.8499999999999996,0.0
2026-08-18,363.25,363.5700073242188,359.2699890136719,362.3399963378906,5525100,15.84000015258789,3.86,3.99,4.71,0.006344217085363146,0.006324177253519808,0.17447771373588497,0.213589785983416,-0.1445710662786728,0.05219705251634532,15.84000015258789,0.04279134892432879,-0.5298089224200856,0.8500000000000001,0.009999999999999787
2026-08-19,357.260009765625,363.0499877929688,355.6499938964844,363.010009765625,6696200,14.890000343322754,3.86,4.0,4.65,-0.016489993762904387,-0.016627467094870084,0.18549884285309093,0.21669020258329175,0.04764564475766486,0.02599011669001583,14.890000343322754,-0.05997473485566407,-0.4092151316070181,0.7900000000000005,-0.02999999999999936
2026-08-20,351.54998779296875,357.95001220703125,351.54998779296875,357.6000061035156,6799700,16.010000228881836,3.87,3.99,4.69,-0.015982818721866576,-0.0161119214338094,0.1948431461004647,0.22005779846058873,0.09920788878111865,0.004715615676668117,16.010000228881836,0.07521825787340108,-0.5396437335322114,0.8200000000000003,0.0600000000000005
2026-08-21,351.5799865722656,356.8599853515625,350.3699951171875,354.07000732421875,8112100,15.130000114440918,3.88,4.03,4.74,8.533289813272837e-05,8.532925748808621e-05,0.1918037216421549,0.2128319611110845,0.3051267262107306,-0.004614832315749551,15.130000114440918,-0.054965652833246614,-0.5407077113955125,0.8600000000000003,0.0600000000000005
2026-08-24,356.3900146484375,358.2799987792969,352.82000732421875,353.29998779296875,4394400,15.850000381469728,3.87,4.04,4.7,0.01368117714283823,0.013588434764686118,0.1957273215366431,0.21264167371724182,-0.2725755830121966,0.0005334150333937693,15.850000381469728,0.04758759164460291,-0.4781125163654407,0.8300000000000001,-0.019999999999999574
2026-08-25,356.69000244140625,357.3699951171875,353.07000732421875,357.0,4298000,15.449999809265137,3.86,4.01,4.64,0.0008417401740750119,0.0008413861094876803,0.19541844607165007,0.21237680655665558,-0.27511911287262303,-0.0017351742784240676,15.449999809265137,-0.025236628553790608,-0.4760611580445249,0.7799999999999998,-0.07000000000000028
2026-08-26,356.5,358.3500061035156,354.6000061035156,356.5,5796500,15.210000038146973,3.85,4.02,4.66,-0.0005326822734188497,-0.0005328241990241309,0.14265384758060168,0.21099809901550853,-0.0016035660829410538,0.03420268874468735,15.210000038146973,-0.01553396595993739,-0.21246966575290022,0.81,0.009999999999999787
2026-08-27,354.2200012207031,357.57000732421875,352.2300109863281,354.67999267578125,5209900,14.510000228881836,3.84,4.04,4.67,-0.0063955084973263965,-0.006416047379692194,0.13210331065069736,0.21050435387203564,-0.0837287503649327,0.009605230322251135,14.510000228881836,-0.04602234105914027,0.1306645543425142,0.8300000000000001,-0.020000000000000462
2026-08-28,357.6199951171875,358.7300109863281,354.2200012207031,355.6700134277344,3914500,14.43000030517578,3.9,4.15,4.73,0.009598537306666488,0.009552764018764634,0.13582381784451217,0.21085029161214536,-0.29487970444210476,0.016572348363103506,14.43000030517578,-0.005513433662586609,0.1509470281409115,0.8300000000000005,-0.009999999999999787
2026-08-31,356.0199890136719,357.7699890136719,354.7699890136719,355.8999938964844,7962900,14.920000076293944,3.91,4.16,4.75,-0.004474039833794352,-0.004484078302875302,0.13695385927267553,0.20195044100343626,0.4149097790452837,0.009584772643013828,14.920000076293944,0.03395701737736001,0.12052116534057548,0.8399999999999999,0.04999999999999982
2026-09-01,354.95001220703125,359.92999267578125,354.1199951171875,355.7300109863281,5079000,16.34000015258789,3.92,4.18,4.79,-0.0030053840785876362,-0.0030099093143061972,0.12805132602473937,0.20218001018956902,-0.06942912527437092,-0.007188344388045831,16.34000015258789,0.09517426736144285,-0.0026961288726318135,0.8700000000000001,0.15000000000000036
2026-09-02,356.2200012207031,361.4700012207031,353.7900085449219,357.54998779296875,5341400,15.199999809265137,3.92,4.16,4.79,0.003577937653179042,0.0035715520612211596,0.12746793040025173,0.2017769752139385,-0.02199656323725839,-0.008406605878431228,15.199999809265137,-0.06976746222013974,-0.010502483694430569,0.8700000000000001,0.1299999999999999
2026-09-03,362.05999755859375,362.8500061035156,356.3900146484375,358.67999267578125,5414200,14.31999969482422,3.89,4.11,4.77,0.016394352697428616,0.016261416267236626,0.136880813818101,0.20371836677297112,-0.004969455491762907,0.016166180081296888,14.31999969482422,-0.05789474509759618,-0.16399129537308293,0.8799999999999994,0.09999999999999964
2026-09-04,358.6400146484375,362.8599853515625,355.20001220703125,361.0,4873500,14.529999732971191,3.91,4.13,4.78,-0.009445901047388627,-0.009490796513110751,0.1412095329074468,0.20318347701304074,-0.10686223393483676,0.0031327636752718213,14.529999732971191,0.014664807445692318,-0.17198384559504226,0.8700000000000001,0.04999999999999982
2026-09-08,353.510009765625,358.54998779296875,353.2300109863281,357.1000061035156,5631400,15.720000267028809,3.94,4.15,4.8,-0.014304050505466459,-0.014407339587185672,0.14819827913133315,0.20468784038717622,0.029167732738769693,-0.017454622502427797,15.720000267028809,0.08189955649877212,-0.30364235460663924,0.8599999999999999,0.04999999999999982
2026-09-09,354.7099914550781,356.3299865722656,348.69000244140625,352.0,6318200,16.459999084472656,3.95,4.17,4.83,0.003394477260343143,0.0033887290268997767,0.14672334986997254,0.20010813488102708,0.1365948387131592,-0.020246428341729072,16.459999084472656,0.04707371532276139,-0.2701957410795657,0.8799999999999999,0.040000000000000036
2026-09-10,353.5599975585937,354.2200012207031,351.1199951171875,353.510009765625,4184200,17.84000015258789,4.0,4.28,4.95,-0.0032420679546323328,-0.003247334843766115,0.14234641989267946,0.20000615798942473,-0.2460568079131421,-0.03181991168805409,17.84000015258789,0.08383968073346026,-0.2278534469996306,0.9500000000000002,0.16000000000000014
2026-09-11,356.2300109863281,360.04998779296875,354.7900085449219,358.32000732421875,5354600,15.84000015258789,4.07,4.35,4.96,0.007551797279588879,0.00752342520906489,0.14503594234916029,0.18722289504327508,-0.037349321779463714,-0.018947356566284435,15.84000015258789,-0.11210762235951421,-0.3009861955847119,0.8899999999999997,0.1900000000000004
2026-09-14,350.1300048828125,355.2799987792969,347.54998779296875,354.2300109863281,9609900,17.100000381469727,4.11,4.37,4.97,-0.017123784957437937,-0.01727209245851643,0.1561547715829241,0.19064172647223832,0.6597652987997233,-0.03502919078204958,17.100000381469727,0.07954546822879793,-0.3667112009961343,0.8599999999999994,0.1899999999999995
2026-09-15,352.489990234375,354.70001220703125,343.07000732421875,351.0,14026500,17.200000762939453,4.11,4.39,5.0,0.006740311651817432,0.006717697312823323,0.15841147013231602,0.18316818830656365,1.2524895176092923,-0.02346520783801942,17.200000762939453,0.005847975394087879,-0.3538592444279098,0.8899999999999997,0.20000000000000018
2026-09-16,348.9200134277344,355.6000061035156,344.69000244140625,353.3800048828125,8303400,17.709999084472656,4.14,4.45,5.01,-0.010127881374069392,-0.0101795173021861,0.15886381960846618,0.18092457948753565,0.30433041026386165,-0.03944937803789572,17.709999084472656,0.029651063890188123,-0.3948048962330285,0.8700000000000001,0.17999999999999972
2026-09-17,349.3099975585937,353.489990234375,345.2699890136719,352.25,6480100,15.4399995803833,4.12,4.4,4.94,0.0011176892005366756,0.0011170650509890255,0.14941820543268125,0.1803258458959596,0.01964998851337955,-0.02225273467424127,15.4399995803833,-0.12817615027883267,-0.4964367083226793,0.8200000000000003,-0.009999999999999787
2026-09-18,349.6700134277344,349.6700134277344,345.010009765625,347.8900146484375,18312400,14.8100004196167,4.14,4.44,5.01,0.0010306486263116366,0.0010301178726652177,0.138613188847693,0.18022610671923778,1.6421559821984444,-0.005347672964055139,14.8100004196167,-0.04080305556271013,-0.4484220999722753,0.8700000000000001,0.04999999999999982
2026-09-21,352.0400085449219,354.5,350.0799865722656,353.6700134277344,6414700,14.869999885559082,4.17,4.45,4.96,0.0067778048622326725,0.0067549388058221384,0.140842605779533,0.18043420883636704,-0.06299823911387477,0.0013084418630913142,14.869999885559082,0.004051280502525234,-0.4461063094608868,0.79,-0.009999999999999787
2026-09-22,340.0,352.1000061035156,337.29998779296875,352.0,11485600,14.210000038146973,4.16,4.43,4.96,-0.034200682458469855,-0.03479921216799164,0.1788305538403272,0.19081076643783024,0.5951014819017172,-0.045988983907435,14.210000038146973,-0.04438465719512641,-0.3028324634479353,0.7999999999999998,-0.040000000000000036
2026-09-23,337.5299987792969,341.44000244140625,336.9800109863281,337.6099853515625,7068500,15.18000030517578,4.19,4.49,5.11,-0.007264709472656228,-0.007291225975693518,0.17923277464147877,0.19149529375889887,-0.03686706898830506,-0.05371612192931252,15.18000030517578,0.06826180608197219,-0.31212828894395106,0.9199999999999999,0.10000000000000053
2026-09-24,338.5599975585937,339.3699951171875,335.2799987792969,338.1199951171875,6934300,15.670000076293944,4.24,4.51,5.18,0.0030515769947023763,0.003046930384218209,0.18027035159957586,0.191043049320982,-0.062420564740750355,-0.050322587493425774,15.670000076293944,0.032279299161218855,-0.2945771728800499,0.9399999999999995,0.23999999999999932
2026-09-25,343.0599975585937,343.3099975585937,338.6400146484375,340.7699890136719,11460300,14.869999885559082,4.24,4.5,5.17,0.013291587997549037,0.013204029846389565,0.18802161925118005,0.18842287488665593,0.4867133338868363,-0.03150585405581319,14.869999885559082,-0.051052979377142815,-0.3526961771869268,0.9299999999999997,0.16000000000000014
2026-09-28,336.5899963378906,342.0,336.29998779296875,341.8299865722656,10483700,16.06999969482422,4.28,4.59,5.24,-0.01885967838496827,-0.019039790283000856,0.1928566871164479,0.19262848419246192,0.3044392517550212,-0.058805433327086765,16.06999969482422,0.08069938254878606,-0.4046863488491208,0.96,0.28000000000000025
2026-09-29,334.9800109863281,338.75,333.3299865722656,337.0,7254900,16.040000915527344,4.25,4.58,5.26,-0.004783224008672815,-0.004794700234829438,0.19289089239917973,0.19065820542626627,-0.09331203743279419,-0.05909774360039033,16.040000915527344,-0.0018667566811800818,-0.40249835386413957,1.0099999999999998,0.2999999999999998
2026-09-30,330.8299865722656,336.3399963378906,330.8299865722656,334.8900146484375,9113300,16.34000015258789,4.2,4.54,5.29,-0.01238887180713566,-0.012466253659584621,0.19576673905011285,0.1920690344426169,0.1109370609593387,-0.06795330273350486,16.34000015258789,0.01870319326292158,-0.4264920817858953,1.0899999999999999,0.17999999999999972
2026-10-01,333.17999267578125,333.5799865722656,325.8699951171875,328.75,8160000,16.389999389648438,4.17,4.44,5.24,0.007103364866843265,0.0070782548110960505,0.19783600484898295,0.18527927478440853,-0.02207345594566755,-0.0646791546403005,16.389999389648438,0.003059928800100309,-0.402935846644386,1.0700000000000003,0.0600000000000005
2026-10-02,332.3800048828125,334.8500061035156,330.0,334.0,6658200,15.3100004196167,4.17,4.44,5.24,-0.0024010679229086174,-0.0024039551089729667,0.1839079322842787,0.18288086509423,-0.2079591881647105,-0.081975343522942,15.3100004196167,-0.06589377731849344,-0.34495424524812446,1.0700000000000003,0.07000000000000028
