Date,JPM_Close,JPM_High,JPM_Low,JPM_Open,JPM_Volume,VIX_Close,3M_Treasury_Yield,1Y_Treasury_Yield,10Y_Treasury_Yield
2018-01-02,85.5160140991211,85.5714665776644,84.61292742349194,85.26251619094215,13578800,9.770000457763672,1.44,1.83,2.46
2018-01-03,85.60317993164062,85.94381841328286,85.14371899210931,85.44474595854275,11901000,9.149999618530272,1.41,1.81,2.44
2018-01-04,86.82947540283203,87.61781907890763,86.16057313574409,86.28798540579947,12953700,9.220000267028809,1.41,1.82,2.46
2018-01-05,86.27204895019531,87.23558745838618,85.82611819128783,87.00465729385168,14155000,9.220000267028809,1.39,1.8,2.47
2018-01-08,86.39947509765625,86.54281087539455,85.76242584651894,86.12076832854065,12466500,9.520000457763672,1.45,1.79,2.49
2018-01-09,86.83745574951172,87.2993101228466,86.39151879975896,86.57467245194621,13292300,10.079999923706056,1.44,1.78,2.55
2018-01-10,87.79300689697266,88.15134327049323,87.10818114172554,87.17188727601628,15834500,9.81999969482422,1.42,1.78,2.55
2018-01-11,88.26283264160156,88.33450356693571,87.63375426280616,88.12746165251151,13676800,9.880000114440918,1.43,1.77,2.54
2018-01-12,89.72010803222656,89.86344385443887,88.26286151896042,88.9078757565927,18884200,10.15999984741211,1.43,1.78,2.55
2018-01-16,89.40157318115234,90.32529416974543,88.44600519154504,88.7963829562325,22703300,11.65999984741211,1.45,1.79,2.54
2018-01-17,89.97491455078125,90.22177436870226,88.63711574768962,89.09897623246776,14940300,11.90999984741211,1.44,1.79,2.57
2018-01-18,90.18990325927734,90.55620444367996,89.40155346261018,89.79174900553295,14572900,12.220000267028809,1.45,1.79,2.62
2018-01-19,89.9908447265625,91.04993064308648,89.82362063447975,90.7314120345592,18785500,11.270000457763672,1.44,1.79,2.64
2018-01-22,91.04195404052734,91.08973060734756,89.58470799899263,89.71212027764896,12475700,11.029999732971191,1.44,1.79,2.66
2018-01-23,90.94640350341795,91.2888164407667,90.26157762872052,90.5163961349787,12320800,11.100000381469728,1.44,1.78,2.63
2018-01-24,92.10900115966795,92.37178441825256,91.30473396269323,91.46399322982543,15904500,11.470000267028809,1.43,1.79,2.65
2018-01-25,92.1329116821289,92.50717773312029,91.63920418963224,92.40365979203136,13510000,11.579999923706056,1.42,1.8,2.63
2018-01-26,92.62662506103516,92.62662506103516,91.54364477434058,92.13291149419253,13883900,11.079999923706056,1.41,1.8,2.66
2018-01-29,92.53106689453124,93.4468230986154,92.38773108801936,92.38773108801936,11679900,13.84000015258789,1.44,1.8,2.7
2018-01-30,91.6630859375,92.84958408283244,91.5595680037974,91.99753410055705,14279100,14.789999961853027,1.44,1.88,2.73
2018-01-31,92.10900115966795,92.89735093542174,91.70288820587535,92.0930776630954,13141400,13.539999961853027,1.46,1.9,2.72
2018-02-01,93.06459045410156,93.16014360011938,91.95772196014263,92.18864611325412,13800600,13.470000267028809,1.48,1.89,2.78
2018-02-02,91.00214385986328,93.10439803218536,90.85084328503592,92.76198509860664,16477300,17.309999465942383,1.48,1.88,2.84
2018-02-05,86.63838195800781,91.249003610469,87.87265402443973,89.9828757964057,30097600,37.31999969482422,1.51,1.85,2.77
2018-02-06,89.27416229248047,89.56879867698851,84.89446476384353,85.08557713672164,33114800,29.979999542236328,1.52,1.87,2.79
2018-02-07,89.87935638427734,91.13751939021743,88.50970458189313,88.8282292458771,21878300,27.729999542236328,1.55,1.91,2.84
2018-02-08,85.90576171875,90.07045798875075,85.8739086486229,90.07045798875075,27425800,33.459999084472656,1.55,1.91,2.85
2018-02-09,87.62580108642578,88.43007449200431,84.59186719482769,86.87726904111392,28188000,29.059999465942383,1.55,1.89,2.83
2018-02-12,88.97950744628906,89.76785721212902,87.64967374886837,88.52561185778343,18043300,25.61000061035156,1.62,1.93,2.86
2018-02-13,89.52898406982422,90.02269763267506,88.23100312400013,88.64508095951635,16358200,24.96999931335449,1.59,1.95,2.83
2018-02-14,91.5993881225586,91.79050050806934,89.60861638704145,89.6882460413915,15186900,19.26000022888184,1.58,1.98,2.91
2018-02-15,91.98161315917967,92.36383790605908,90.95437427949304,92.1647607450815,12130200,19.1299991607666,1.58,1.99,2.9
2018-02-16,91.3206558227539,92.42752411293644,91.17732005476292,91.21713790850822,13214300,19.459999084472656,1.62,2.0,2.87
2018-02-20,91.34455871582033,91.886048806472,90.7552920533134,91.29678214396507,13461500,20.600000381469727,1.66,2.01,2.88
2018-02-21,91.7267837524414,93.52643669988964,91.31269990454297,91.57548318393788,14212500,20.020000457763672,1.64,2.03,2.94
2018-02-22,91.5595474243164,92.71419223621088,91.38435859484798,91.97362514140887,17070400,18.71999931335449,1.63,2.02,2.92
2018-02-23,93.41494750976562,93.47865364738551,91.82233052137796,91.82233052137796,12162500,16.489999771118164,1.64,2.02,2.88
2018-02-26,94.57757568359376,94.68109969631548,93.42293057128067,94.07590342124068,16511200,15.800000190734863,1.66,2.03,2.86
2018-02-27,93.45475006103516,95.02347850976786,93.44678527629902,94.68903045505802,17563300,18.59000015258789,1.66,2.08,2.9
2018-02-28,91.9736328125,94.35459355390692,91.84622053485928,93.82106831082793,17735600,19.850000381469727,1.65,2.07,2.87
2018-03-01,90.32530212402344,92.8814524929096,89.70418226854598,91.9577374983249,18690000,22.46999931335449,1.63,2.05,2.81
2018-03-02,90.23767852783205,90.4287908657823,88.4858022666926,89.4971113835041,18353700,19.59000015258789,1.65,2.06,2.86
2018-03-05,91.6232681274414,92.3160588158916,89.09897125311836,89.22638354884133,13933000,18.729999542236328,1.7,2.06,2.88
2018-03-06,91.70288848876952,92.2284489322084,91.03398619897725,92.0851131612066,10674400,18.36000061035156,1.68,2.06,2.88
2018-03-07,91.3604965209961,91.6551268411176,90.07047428650998,90.58011135005567,13006500,17.760000228881836,1.68,2.05,2.89
2018-03-08,91.3684539794922,91.75864959728378,90.1501027013194,91.66309037092306,11173700,16.540000915527344,1.67,2.05,2.86
2018-03-09,93.99626159667967,94.02811466759508,92.10900815356938,92.80976356300378,15366600,14.640000343322754,1.67,2.03,2.9
2018-03-12,93.69367218017578,94.56164563233712,93.36718274013916,93.96441418623814,12339300,15.779999732971191,1.71,2.05,2.87
2018-03-13,92.57086944580078,94.33867540856404,92.23642131104884,94.12366869668628,13312300,16.350000381469727,1.73,2.03,2.84
2018-03-14,91.53565979003906,92.84160524608222,91.25695302966736,92.8177169631006,12905100,17.229999542236328,1.76,2.05,2.81
2018-03-15,91.76657104492188,92.37176708207498,91.4400877859692,92.26824918540228,8748000,16.59000015258789,1.77,2.07,2.82
2018-03-16,91.9258804321289,92.8495953866501,91.84624469997507,91.84624469997507,19888900,15.800000190734863,1.78,2.08,2.85
2018-03-19,91.20120239257812,91.93380468107084,90.22174643793812,91.65509794907372,13214900,19.020000457763672,1.8,2.08,2.85
2018-03-20,91.28880310058594,91.93381102131256,91.13750254620254,91.47195672301592,9921200,18.200000762939453,1.81,2.08,2.89
2018-03-21,91.3684539794922,92.8734768613942,90.94641136159996,91.42419534269771,13633000,17.860000610351562,1.74,2.06,2.89
2018-03-22,87.55412292480469,90.46065035675144,87.22763957743456,90.14212572065348,22550400,23.34000015258789,1.72,2.05,2.83
2018-03-23,85.21297454833984,88.32653763373888,85.01389742272718,87.80893589207564,23081500,24.8700008392334,1.74,2.04,2.82
2018-03-26,87.8407974243164,88.51766457689419,86.5189283420746,86.9489357038696,20217500,21.030000686645508,1.79,2.06,2.85
2018-03-27,86.1366958618164,88.93970540773233,85.4439112997477,88.44599191120054,18039900,22.5,1.77,2.1,2.78
2018-03-28,86.00132751464844,86.93300710463922,84.9263121357858,86.22429294725966,19189300,22.8700008392334,1.73,2.12,2.77
2018-03-29,87.57005310058594,88.21506108849206,85.8261354143483,86.39947854819916,13274600,19.96999931335449,1.73,2.09,2.74
2018-04-02,85.88189697265625,88.17527004753673,84.47243316651395,87.56210891140688,18822500,23.6200008392334,1.77,2.08,2.73
2018-04-03,87.0604248046875,87.1957958149914,85.41206616791136,86.28800445417862,14050700,21.100000381469727,1.75,2.09,2.79
2018-04-04,88.3823013305664,88.5574902174528,85.22095480453466,85.28466095892121,15302600,20.059999465942383,1.71,2.07,2.79
2018-04-05,89.54277801513672,90.3031109709555,89.15060987945091,89.34269135931495,16627000,18.940000534057617,1.72,2.07,2.83
2018-04-06,87.30982971191406,89.2786882185424,86.29339195993738,88.47834141642606,18906000,21.489999771118164,1.73,2.06,2.77
2018-04-09,88.3582992553711,90.42319572925656,87.95012062537926,88.04616445189566,15974300,21.770000457763672,1.76,2.08,2.78
2018-04-10,90.04702758789062,90.335152948094,89.17464632889649,89.74289187091927,13951400,20.46999931335449,1.74,2.09,2.8
2018-04-11,88.53433990478516,89.48674817232907,88.45430036273696,89.3667010715763,14503300,20.239999771118164,1.73,2.09,2.79
2018-04-12,90.73529815673828,91.55164901927094,89.23864778490828,89.28666662795135,16435500,18.489999771118164,1.75,2.11,2.83
2018-04-13,88.27824401855469,92.15992431721408,87.27781063713934,92.055875337604,39152800,17.40999984741211,1.76,2.12,2.82
2018-04-16,88.20619201660156,89.21463037331081,87.870047933085,88.79044768132664,16580500,16.559999465942383,1.79,2.12,2.83
2018-04-17,88.20619201660156,89.57478387619862,88.03011479966635,89.13459694002013,15501400,15.25,1.8,2.16,2.82
2018-04-18,87.49391174316406,88.89451864014511,87.1497623756594,88.4623306363373,16081400,15.600000381469728,1.81,2.17,2.87
2018-04-19,89.41474151611328,89.53479475203287,87.63797072175493,87.6619801477066,17911000,15.960000038146973,1.82,2.21,2.92
2018-04-20,89.21464538574219,90.23108298250798,88.74243766939608,89.87893459553999,15584400,16.8799991607666,1.81,2.22,2.96
2018-04-23,88.782470703125,89.59882175181515,88.54236422083652,89.29469216625637,11285800,16.34000015258789,1.87,2.25,2.98
2018-04-24,88.36627960205078,90.35914111948844,87.70998946452485,89.43874121904467,16453100,18.020000457763672,1.87,2.25,3.0
2018-04-25,88.03014373779297,88.46233174702712,86.91766216271601,88.25423986713774,13548200,17.84000015258789,1.85,2.26,3.03
2018-04-26,88.11819458007812,88.69444533887103,87.50992921177865,88.01415167880367,10299500,16.239999771118164,1.82,2.25,3.0
2018-04-27,87.55792236328125,88.16618751055599,87.34182535417567,87.67797557876655,9384000,15.40999984741211,1.82,2.24,2.96
2018-04-30,87.06172180175781,88.27825232751164,87.03771237532975,87.83805915579255,13744900,15.93000030517578,1.87,2.24,2.95
2018-05-01,87.06172180175781,87.21378964401738,86.06929350370912,86.79760589872636,10503400,15.489999771118164,1.85,2.26,2.97
2018-05-02,86.37342834472656,87.62997262236689,86.22136659936336,86.5254961962515,12162100,15.970000267028809,1.84,2.24,2.97
2018-05-03,85.82917022705078,86.25335296068144,84.18045813598512,86.10929032415027,15379100,15.899999618530272,1.84,2.24,2.94
2018-05-04,86.78160095214844,87.02970649812563,84.82075379824332,85.18090740409158,11967900,14.770000457763672,1.84,2.24,2.95
2018-05-07,87.53392028808594,87.78202580972811,86.72556841587793,87.04570831532116,9356700,14.75,1.86,2.25,2.95
2018-05-08,88.83050537109375,89.11062557952415,87.46191283319446,87.66199956866797,12543200,14.710000038146973,1.87,2.26,2.97
2018-05-09,90.76731872558594,90.9513950401345,88.86248974409399,89.19063480957001,11368100,13.420000076293944,1.88,2.27,3.0
2018-05-10,91.47162628173828,91.59167950955326,90.23909161474876,90.59124612136314,9159700,13.229999542236328,1.9,2.27,2.97
2018-05-11,91.12747192382812,91.8237757218065,90.9754041032424,91.631688125437,10253000,12.649999618530272,1.92,2.28,2.97
2018-05-14,91.15948486328124,91.79975852103928,91.03142646803342,91.32755692742374,8710700,12.93000030517578,1.93,2.28,3.0
2018-05-15,90.46318817138672,91.16749718815537,90.09502941542168,91.16749718815537,11536200,14.630000114440918,1.92,2.31,3.08
2018-05-16,90.71129608154295,90.99142232393054,90.14305063200882,90.35114249298898,7571100,13.420000076293944,1.92,2.32,3.09
2018-05-17,90.40714263916016,90.76730223873888,89.79887757105519,90.59922409523983,8617200,13.43000030517578,1.92,2.32,3.11
2018-05-18,88.94253540039062,90.27911916272966,88.71043410161512,90.23909938129336,11806300,13.420000076293944,1.91,2.32,3.06
2018-05-21,89.75888061523438,90.07101532927084,89.57479819369877,89.67884716915128,9441900,13.079999923706056,1.93,2.35,3.06
2018-05-22,90.44719696044922,91.47163992577754,89.87094626591161,89.91896512173584,11507600,13.220000267028809,1.93,2.34,3.06
2018-05-23,90.031005859375,90.25510197652513,88.93453469958179,90.0470162141207,11453900,12.579999923706056,1.92,2.29,3.01
2018-05-24,89.02255249023438,89.75886987595842,88.13416730083436,89.75086470045974,14084800,12.529999732971191,1.91,2.28,2.98
2018-05-25,88.56637573242188,88.90251990743312,88.19821084798724,88.4063027161109,8283500,13.220000267028809,1.9,2.27,2.93
2018-05-29,84.78073120117188,87.39786237860851,84.00439387916376,87.38185813037047,30643800,17.020000457763672,1.93,2.17,2.77
2018-05-30,86.71755981445312,86.91764648043302,85.35697292825404,86.14931441580949,17490800,14.9399995803833,1.94,2.23,2.84
2018-05-31,85.64509582519531,86.58950510650607,85.17288813145979,86.39741751609147,19808200,15.43000030517578,1.93,2.23,2.83
2018-06-01,86.75756072998047,87.18974856728344,86.27735405725242,86.70953578839627,13594200,13.460000038146973,1.92,2.28,2.89
2018-06-04,86.79761505126953,87.4459001639938,86.65355237134881,87.22980309103171,9415400,12.739999771118164,1.94,2.3,2.94
2018-06-05,86.30940246582031,86.6855664670689,85.69313807022891,86.62954243110605,10415200,12.399999618530272,1.94,2.32,2.92
2018-06-06,88.32626342773438,88.6303929793979,86.82161381074954,86.96567646283452,15453600,11.640000343322754,1.95,2.32,2.97
2018-06-07,88.67842102050781,89.2386612946917,88.06215061274453,88.98255058275606,13444400,12.130000114440918,1.94,2.31,2.93
2018-06-08,88.92650604248047,88.95051546209847,88.08613971889262,88.53433794101396,10383200,12.18000030517578,1.93,2.3,2.93
2018-06-11,88.70243072509766,89.5668066704138,88.65440576847273,88.93453201260816,12642900,12.350000381469728,1.94,2.32,2.96
2018-06-12,88.1902084350586,89.26267012597859,87.6539714834376,88.95053538870123,15294100,12.34000015258789,1.92,2.31,2.96
2018-06-13,88.01412963867188,89.19863936298187,87.70199490684959,88.40629782113767,14979700,12.9399995803833,1.94,2.35,2.98
2018-06-14,86.46144104003906,88.32625005804606,86.26135439277205,88.26222086544225,20487300,12.119999885559082,1.94,2.35,2.94
2018-06-15,86.35741424560547,86.74157726036938,85.05284515481044,86.27738079304308,26028600,11.979999542236328,1.94,2.35,2.93
2018-06-18,86.5815200805664,86.75759735967827,85.38900501680197,85.84520246442742,9786800,12.3100004196167,1.94,2.35,2.92
2018-06-19,86.07728576660156,86.34139552384586,85.31695277554194,85.55705921612085,12707200,13.350000381469728,1.94,2.34,2.89
2018-06-20,86.06929016113281,86.94967036421929,85.98925670742696,86.58151159224353,8876900,12.789999961853027,1.94,2.36,2.93
2018-06-21,86.04528045654297,86.60552073682778,85.26093795798313,85.71713535940394,11048700,14.640000343322754,1.94,2.34,2.9
2018-06-22,84.63665771484375,86.73356812311243,84.4445762297548,86.56549606038958,19478900,13.770000457763672,1.93,2.33,2.9
2018-06-25,83.86833953857422,84.59665193082247,83.20405024783696,84.56464343314764,16907600,17.329999923706055,1.93,2.34,2.87
2018-06-26,83.92435455322266,84.20447467399562,82.52374784319713,83.80430132827405,17086800,15.920000076293944,1.93,2.33,2.88
2018-06-27,82.62779998779297,84.77272960582235,82.61980091641652,83.78030130678229,16276800,17.90999984741211,1.93,2.33,2.83
2018-06-28,83.98037719726562,84.40455995977389,82.8438863795717,82.97994384940255,14491300,16.850000381469727,1.93,2.33,2.84
2018-06-29,83.39612579345703,85.55706560146247,83.35611212114785,85.38098834605155,18972400,16.09000015258789,1.93,2.33,2.85
2018-07-02,84.10041809082031,84.10841715999491,82.73982527349793,83.01194627942627,11130000,15.600000381469728,1.98,2.34,2.87
2018-07-03,82.92391967773438,84.66067050103736,82.85188530161368,84.36454613854272,8311700,16.139999389648438,1.98,2.33,2.83
2018-07-05,83.46309661865234,83.994192954924,83.31020236548775,83.79301889101068,10723400,14.970000267028809,1.96,2.32,2.84
2018-07-06,83.73667907714844,84.09074734635487,82.23994375285045,82.98026887385885,12173700,13.369999885559082,1.97,2.34,2.82
2018-07-09,86.32777404785156,86.47261955354296,84.25970585730039,84.25970585730039,13900800,12.6899995803833,1.98,2.34,2.86
2018-07-10,85.79668426513672,87.22904207160431,85.72425843729155,86.92325368190255,14575900,12.640000343322754,1.99,2.36,2.87
2018-07-11,85.61160278320312,86.15074760352728,85.46675726467721,85.54722563289317,10186500,13.630000114440918,1.97,2.36,2.85
2018-07-12,85.98175048828125,86.55308380601473,85.27362034926134,86.44042687797388,12456800,12.579999923706056,1.98,2.39,2.85
2018-07-13,85.58745574951172,86.74621980108931,84.60572577685208,86.34387185421848,21289100,12.18000030517578,1.98,2.37,2.83
2018-07-16,88.98326873779297,89.13615677483475,86.08636490008297,86.14269336411775,24662600,12.829999923706056,2.01,2.39,2.85
2018-07-17,88.91889953613281,89.2649190287702,88.31537759357987,89.0717937261692,14821900,12.0600004196167,2.02,2.39,2.86
2018-07-18,89.74771881103516,90.22249251078286,88.6774719567528,88.85450600956239,14244900,12.100000381469728,2.0,2.43,2.88
2018-07-19,88.42803955078125,89.39367225793707,88.29929138818721,89.36953236115963,16775300,12.869999885559082,2.0,2.4,2.84
2018-07-20,89.54656982421875,89.91672924719379,88.33952582520931,88.51655992735894,13578100,12.859999656677246,1.99,2.41,2.89
2018-07-23,91.21228790283205,91.92846683229617,89.26492510899342,89.36953337599789,18140000,12.619999885559082,1.99,2.42,2.96
2018-07-24,91.85604858398438,92.36300484805956,91.26861780934912,91.37323221733992,14000400,12.40999984741211,2.02,2.42,2.95
2018-07-25,92.68489074707033,92.95848445559872,91.2364354097328,91.63878343239948,13329100,12.289999961853027,2.01,2.42,2.94
2018-07-26,92.41932678222656,93.0148000543074,92.20206158138043,92.8780032189842,11897800,12.140000343322754,1.99,2.41,2.98
2018-07-27,93.36888885498048,93.58616024316456,92.38715861644584,92.68489838792829,12802700,13.029999732971191,2.0,2.43,2.96
2018-07-30,93.9321517944336,94.64028195128785,93.39300089455423,93.57003496860338,13411600,14.260000228881836,2.04,2.43,2.98
2018-07-31,92.49978637695312,94.2137924828492,92.39517812562651,94.2137924828492,15843800,12.829999923706056,2.03,2.44,2.96
2018-08-01,93.07112884521484,93.89996462303834,92.76534048026392,93.1435485278554,13531600,13.149999618530272,2.03,2.45,3.0
2018-08-02,93.46542358398438,93.545891940581,92.00087739229475,92.19400267599504,11058100,12.1899995803833,2.02,2.45,2.98
2018-08-03,94.22183990478516,94.25402847747915,93.2964445320383,93.34472432140804,11016100,11.640000343322754,2.01,2.43,2.95
2018-08-06,94.24598693847656,94.57590906824016,93.48957082050056,93.98043581544124,9857400,11.270000457763672,2.05,2.44,2.94
2018-08-07,94.5920181274414,95.18749145391284,94.41498402351505,94.74490619409691,10562100,10.93000030517578,2.06,2.45,2.98
2018-08-08,94.7851333618164,95.17138396623332,94.3747367226986,94.41497397452407,8997100,10.850000381469728,2.06,2.44,2.96
2018-08-09,94.05288696289062,94.72883494406788,93.90804140544869,94.55984948360972,9694200,11.270000457763672,2.06,2.44,2.93
2018-08-10,93.1274642944336,93.3044922450542,92.28253109755089,92.94238152601466,12630600,13.15999984741211,2.05,2.42,2.87
2018-08-13,91.6468276977539,93.24817103182332,91.59049922286734,92.99066855529286,10336300,14.779999732971191,2.06,2.42,2.88
2018-08-14,92.25840759277344,92.57223857552312,91.45371150585756,91.9526191505653,10597600,13.3100004196167,2.08,2.44,2.89
2018-08-15,91.49394989013672,92.00091239432066,90.90652513808614,91.5905156383966,10152100,14.640000343322754,2.07,2.45,2.86
2018-08-16,92.35494995117188,92.78948649369887,91.97674801798136,92.01697913120957,10118600,13.449999809265137,2.07,2.45,2.87
2018-08-17,92.35494995117188,92.59636118791224,91.97674801798136,92.2503416895672,8505100,12.640000343322754,2.05,2.44,2.87
2018-08-20,92.23428344726562,92.58030306931782,91.82388665382116,92.2101374034848,8618700,12.489999771118164,2.06,2.43,2.82
2018-08-21,92.79755401611328,93.6585785976294,92.44348576748624,92.83779127685509,10976700,12.859999656677246,2.08,2.45,2.85
2018-08-22,92.51588439941406,92.8699525439073,92.3629902207752,92.78947804609176,8314700,12.25,2.09,2.43,2.82
2018-08-23,92.32278442382812,92.66075530568462,92.08137314287698,92.50786108512597,9265400,12.40999984741211,2.08,2.43,2.82
2018-08-24,92.28253936767578,92.717075953071,92.0974565826702,92.523950628232,8845700,11.989999771118164,2.09,2.44,2.82
2018-08-27,93.91608428955078,94.3747608365824,92.67685151666754,92.71708877877413,13768000,12.15999984741211,2.12,2.47,2.85
2018-08-28,93.4573974609375,94.17357644436689,93.3206006077754,94.14943654549631,8302600,12.5,2.13,2.47,2.88
2018-08-29,93.1516342163086,93.64249939148648,92.82975450710828,93.62640202938682,7221700,12.25,2.13,2.48,2.89
2018-08-30,92.69294738769533,93.3769378571061,92.52396194038282,93.01482092199863,8991800,13.529999732971191,2.11,2.47,2.86
2018-08-31,92.20204162597656,92.41125810318658,91.59047112954843,92.40321556591488,13065700,12.859999656677246,2.11,2.46,2.86
2018-09-04,92.66075134277344,92.7331710403552,91.43760990930326,92.0089433678194,10174200,13.15999984741211,2.13,2.49,2.9
2018-09-05,92.2101058959961,93.10331889098852,91.93651222008133,92.54003418213874,11462400,13.90999984741211,2.14,2.49,2.9
2018-09-06,91.81580352783205,92.29861985345536,91.33298720220871,92.13768312469514,9877600,14.649999618530272,2.13,2.5,2.88
2018-09-07,91.99286651611328,92.35497733926591,91.4376241905576,92.13771207324326,10955600,14.880000114440918,2.14,2.53,2.94
2018-09-10,91.50199127197266,92.51591006012056,91.4617601512484,92.41934431956328,8276900,14.15999984741211,2.14,2.54,2.94
2018-09-11,92.08135986328124,92.20206548634916,91.07548990328706,91.36518094291284,9333800,13.220000267028809,2.15,2.55,2.98
2018-09-12,90.99502563476562,92.44347475882132,90.8099428524756,91.93651848630331,10800800,13.140000343322754,2.16,2.56,2.97
2018-09-13,91.34909057617188,91.8399556453608,90.66510017890086,91.22839108321024,12470800,12.369999885559082,2.15,2.55,2.97
2018-09-14,91.33300018310548,92.12964754057629,91.11573495446562,91.58245398994076,10337900,12.06999969482422,2.16,2.56,2.99
2018-09-17,91.60659790039062,92.08137177538536,91.17206742408196,91.56636678039216,9561300,13.68000030517578,2.16,2.57,2.99
2018-09-18,91.97674560546876,92.26643662622162,91.38126620761976,92.00088550064105,7944200,12.789999961853027,2.17,2.58,3.05
2018-09-19,94.64836120605467,95.00242332919372,92.08942726207135,92.08942726207135,16052800,11.75,2.16,2.58,3.08
2018-09-20,95.4610824584961,95.95194750032957,95.01850335049984,95.35647419064458,15590000,11.800000190734863,2.17,2.58,3.07
2018-09-21,94.83341979980467,95.94390417886284,94.74490275105822,95.86342966957106,24788200,11.68000030517578,2.18,2.58,3.07
2018-09-24,93.9241180419922,95.32428736207711,93.69075546542082,94.76100261817606,12492500,12.199999809265137,2.22,2.6,3.08
2018-09-25,93.65857696533205,94.92999825474875,93.6022484848816,94.18163064913956,9308300,12.420000076293944,2.21,2.59,3.1
2018-09-26,92.5561294555664,94.04482193868256,92.26644454928048,93.9482562103585,14023600,12.890000343322754,2.2,2.58,3.06
2018-09-27,92.15379333496094,93.15162090482556,91.86410839135628,92.87802104233238,13283000,12.40999984741211,2.18,2.58,3.06
2018-09-28,90.8018798828125,91.92845533933723,90.54437744755047,91.4536877184307,15815100,12.119999885559082,2.19,2.59,3.05
2018-10-01,91.33300018310548,92.22621327516262,90.96284074287314,91.22839190847792,10146300,12.0,2.23,2.6,3.09
2018-10-02,91.71119689941406,91.83190251780265,90.77774666584128,91.22033188681851,13753100,12.050000190734863,2.23,2.61,3.05
2018-10-03,92.57225036621094,93.07116421380796,92.1216224647328,92.49178197513908,17142000,11.609999656677246,2.23,2.62,3.15
2018-10-04,93.40687561035156,94.65478641234378,92.54792650836252,92.82344233385152,16357400,14.220000267028809,2.22,2.63,3.19
2018-10-05,92.8801498413086,94.07943636760756,92.39394625149151,93.86064969805824,13777600,14.81999969482422,2.23,2.64,3.23
2018-10-08,93.4473876953125,93.82013928133364,91.85103434534328,92.5803336146612,14370900,15.6899995803833,2.24,2.645,3.2199999999999998
2018-10-09,92.79912567138672,93.21239631162466,92.11034539254774,92.9206765870257,14069500,15.949999809265137,2.25,2.65,3.21
2018-10-10,90.32762145996094,93.14757062401505,90.32762145996094,92.9449878204114,23086400,22.959999084472656,2.27,2.67,3.22
2018-10-11,87.62107849121094,90.32758692746448,87.01333031274392,89.92242147515314,33705600,24.979999542236328,2.27,2.66,3.14
2018-10-12,86.6649169921875,89.80900591872538,85.57097113863217,89.43625431882026,32075700,21.309999465942383,2.28,2.66,3.15
2018-10-15,86.17060852050781,88.20454136718111,86.15440461830036,86.86749377980885,18903200,21.299999237060547,2.31,2.67,3.16
2018-10-16,88.0181655883789,88.1478153485049,86.486640316481,86.83508293392704,19302800,17.6200008392334,2.3,2.66,3.16
2018-10-17,88.99866485595703,89.78468700028897,87.70213635195694,87.82368106925728,18794500,17.399999618530273,2.31,2.66,3.19
2018-10-18,87.58869934082031,89.00677898777747,87.36180758648104,88.34230762906815,17582500,20.059999465942383,2.32,2.67,3.17
2018-10-19,87.4428482055664,88.50438016533222,86.92423051751676,87.23216034939031,15234500,19.88999938964844,2.31,2.67,3.2
2018-10-22,86.18682861328125,87.79128095857233,85.98424580931666,87.63732223154808,16199100,19.63999938964844,2.34,2.68,3.2
2018-10-23,85.28736877441406,86.02477322017549,84.0313527945876,84.43651844197198,21407500,20.709999084472656,2.33,2.67,3.17
2018-10-24,83.69908905029297,85.10906324775735,83.39116549844105,84.89027659976635,23168900,25.229999542236328,2.34,2.64,3.1
2018-10-25,84.97132110595703,85.81406620637084,84.04754413061292,84.42029570116091,17464700,24.21999931335449,2.34,2.66,3.14
2018-10-26,83.80442810058594,84.72820491915091,83.2453039308238,84.27442155068664,19174900,24.15999984741211,2.33,2.63,3.08
2018-10-29,84.96321868896484,86.40560712723286,84.03133664263359,84.64719003933695,18445200,24.700000762939453,2.34,2.64,3.08
2018-10-30,86.46234130859375,86.68923925019926,84.97133478634959,85.66011510765449,18019700,23.350000381469727,2.33,2.66,3.12
2018-10-31,88.34227752685547,89.52536615535554,87.34557391958185,87.5805706371697,20860000,21.229999542236328,2.34,2.69,3.15
2018-11-01,88.30990600585938,89.31471506645651,87.77508439116824,88.82851753276996,13065000,19.34000015258789,2.32,2.67,3.14
2018-11-02,87.82369232177734,89.7927973646994,87.1024980558254,89.0553991951431,19009200,19.51000022888184,2.33,2.7,3.22
2018-11-05,88.39901733398438,88.5610872644904,87.85609697704453,88.01006186544133,10276400,19.959999084472656,2.36,2.71,3.2
2018-11-06,88.81228637695312,88.86900930605513,87.3212801363657,88.05867821469181,10825000,19.90999984741211,2.35,2.72,3.22
2018-11-07,90.33568572998048,90.53826844214802,88.60967706561935,89.43621799336985,12679600,16.360000610351562,2.37,2.74,3.22
2018-11-08,91.06501007080078,91.5106946647802,89.94675533818321,89.95486038052898,11662500,16.719999313354492,2.35,2.74,3.24
2018-11-09,90.18174743652344,91.0488014525355,89.80899587829106,90.94346063684011,10432200,17.360000610351562,2.36,2.73,3.19
2018-11-12,88.28556823730469,90.70846260527844,88.00195359723591,90.28708698374582,13279700,20.450000762939453,2.37,2.725,3.165
2018-11-13,88.80419921875,90.04401123137636,88.4071386350742,88.4071386350742,13746100,20.020000457763672,2.38,2.72,3.14
2018-11-14,86.97283172607422,89.71174840678798,85.87888606207424,89.32279297095185,18361400,21.25,2.38,2.71,3.12
2018-11-15,89.19316101074219,89.20126605434834,86.55147938779002,87.71025332999574,19100000,19.979999542236328,2.37,2.7,3.11
2018-11-16,89.12832641601562,89.75228489833715,87.96145369908628,88.69074682879098,13798600,18.13999938964844,2.36,2.68,3.08
2018-11-19,89.80900573730469,90.1088243157878,88.75557273536535,89.10401538840655,13987000,20.100000381469727,2.38,2.66,3.06
2018-11-20,87.88040161132812,89.5334777274075,87.49955120357143,88.95814341258118,18936200,22.479999542236328,2.39,2.67,3.06
2018-11-21,87.22402954101562,88.82038262207084,87.22402954101562,88.35038915186814,10619600,20.799999237060547,2.41,2.67,3.06
2018-11-23,86.42180633544922,87.02144957179571,85.9437078087887,86.49473316126081,6488400,21.520000457763672,2.41,2.67,3.05
2018-11-26,88.53678894042969,89.12022839556316,87.07008525951458,87.28887814635786,13948300,18.899999618530277,2.41,2.7,3.07
2018-11-27,88.9095458984375,89.1607466080397,88.02628161954017,88.13162863892444,9238200,19.020000457763672,2.41,2.7,3.06
2018-11-28,89.89813995361328,90.27089154153846,88.22075471678197,88.97436293520393,13977300,18.489999771118164,2.4,2.69,3.06
2018-11-29,89.18505096435547,89.78470051083673,88.84471334003031,89.35521977651804,11144300,18.790000915527344,2.37,2.69,3.03
2018-11-30,90.1007308959961,90.20607172961648,88.79609712901585,89.01488383956176,18652700,18.06999969482422,2.37,2.7,3.01
2018-12-03,90.95155334472656,91.47826975224898,90.5463878285301,91.06499919467475,16034500,16.440000534057617,2.38,2.72,2.98
2018-12-04,86.89179229736328,90.4329346658774,86.48662681392985,90.4329346658774,23555900,20.739999771118164,2.42,2.71,2.91
2018-12-06,85.23873138427734,88.56107353008403,83.3668623173962,85.09287153727797,27213900,21.190000534057617,2.41,2.7,2.87
2018-12-07,83.69908905029297,86.68921239429065,83.39116549844105,85.21441023359381,19248600,23.229999542236328,2.4,2.68,2.85
2018-12-10,82.13516235351562,83.86116540371846,80.44967214968231,83.35876406885322,23636400,22.63999938964844,2.41,2.69,2.85
2018-12-11,81.33293914794922,83.99892935355768,81.2032831973895,83.56944865408059,16860700,21.76000022888184,2.41,2.7,2.89
2018-12-12,81.85964965820312,83.38307616955517,81.08173249983307,82.37826727945252,22621500,21.459999084472656,2.43,2.7,2.91
2018-12-13,81.94068908691406,82.62946933612804,81.57603635568118,82.28913173284623,17250900,20.649999618530277,2.43,2.69,2.91
2018-12-14,81.26811218261719,82.60515982328438,80.91966953907769,81.02501036346457,19879500,21.6299991607666,2.42,2.68,2.89
2018-12-17,80.23087310791016,81.48688243390092,79.76898469057565,80.84672020946628,25113500,24.520000457763672,2.4,2.66,2.86
2018-12-18,79.85002899169922,81.75430587972033,79.50969140640233,80.56311814884543,20837200,25.57999992370605,2.39,2.64,2.82
2018-12-19,78.83712005615234,81.50311034006121,78.2779895720298,79.74469318971798,28767900,25.57999992370605,2.4,2.62,2.77
2018-12-20,78.15642547607422,79.63933274673651,77.54057834372414,78.28608140857011,31825200,28.3799991607666,2.39,2.64,2.79
2018-12-21,76.30888366699219,79.76089613121192,75.91992817325075,78.34281660467674,41313900,30.11000061035156,2.39,2.62,2.79
2018-12-24,74.66390991210938,76.34940014826773,74.66390991210938,75.27165826032972,17009300,36.06999969482422,2.45,2.61,2.74
2018-12-26,77.75936889648438,77.75936889648438,73.8292644353059,75.10958901232001,22542900,30.40999984741211,2.44,2.61,2.81
2018-12-27,78.634521484375,78.72365838953141,75.80646800735678,76.83558566370576,20304700,29.959999084472656,2.41,2.58,2.77
2018-12-28,78.46436309814453,79.67175472457717,78.1483344588926,79.37192998734565,17963300,28.34000015258789,2.4,2.57,2.72
2018-12-31,79.1045150756836,80.06880476937613,78.41572877432971,79.08019995232861,13237200,25.420000076293945,2.45,2.63,2.69
2019-01-02,80.47399139404297,80.85484805621071,77.74317914225024,77.75127800315927,15670900,23.21999931335449,2.42,2.6,2.66
2019-01-03,79.33030700683594,80.78440904314425,78.9872055396819,80.58018108899887,16286400,25.450000762939453,2.41,2.5,2.56
2019-01-04,82.2548599243164,82.45091703215078,80.2860992843586,80.9641376466087,16935200,21.3799991607666,2.42,2.57,2.67
2019-01-07,82.31202697753906,82.89203355312574,81.4542671751332,82.04244461306386,15430700,21.399999618530277,2.45,2.58,2.7
2019-01-08,82.1568374633789,83.17797743693812,81.32358998727385,83.02276216654312,13578800,20.46999931335449,2.46,2.6,2.73
2019-01-09,82.01792907714844,82.90835976416811,81.6339796130056,82.35285960525655,14230300,19.979999542236328,2.45,2.59,2.74
2019-01-10,82.00978088378906,82.28753415628833,81.09483735958474,81.70752125276927,14376100,19.5,2.43,2.59,2.74
2019-01-11,81.61766052246094,81.83005310197085,80.83341971373589,81.60131879631871,15439900,18.190000534057617,2.43,2.58,2.71
2019-01-14,82.45909118652344,82.80219269706024,80.59653300641702,80.76808376168542,21258500,19.06999969482422,2.45,2.57,2.71
2019-01-15,83.06360626220703,83.70896744235257,80.54751599259892,80.7844212029721,26504900,18.600000381469727,2.45,2.57,2.72
2019-01-16,83.73345947265625,84.50952318938585,83.16162370585995,83.52923152272294,18533000,19.040000915527344,2.43,2.57,2.73
2019-01-17,84.0765609741211,84.55037131400978,83.25964917398574,83.41486441042503,14247600,18.059999465942383,2.42,2.57,2.75
2019-01-18,85.44081115722656,85.69405807999246,84.0030507254304,84.77094366007017,16428700,17.799999237060547,2.41,2.6,2.79
2019-01-22,84.09290313720703,84.62389082401954,83.43120033753102,84.20727029121673,17083700,20.799999237060547,2.43,2.59,2.74
2019-01-23,83.88050079345703,84.71374805654398,83.30049418465825,84.50135548377295,12146700,19.520000457763672,2.41,2.59,2.76
2019-01-24,83.92949676513672,84.2154145811026,83.27597121900625,83.43118018622148,11296800,18.88999938964844,2.37,2.58,2.72
2019-01-25,84.46051788330078,85.21207530915942,83.92952392039565,84.55854955158176,14369400,17.420000076293945,2.39,2.6,2.76
2019-01-28,84.86080169677734,85.15489046471632,83.80698465041979,84.05206070121658,12283100,18.8700008392334,2.42,2.6,2.75
2019-01-29,85.09769439697266,85.86559342641743,84.73825746976736,84.86078924464306,9743300,19.1299991607666,2.42,2.6,2.72
2019-01-30,85.29376220703125,85.97179424981056,84.77910379520151,85.0731925355207,12526300,17.65999984741211,2.42,2.57,2.7
2019-01-31,84.55037689208984,84.79545294131593,83.9213575068057,84.47685781684771,17520600,16.56999969482422,2.41,2.55,2.63
2019-02-01,84.86080169677734,85.65320719747166,84.56671292883836,84.95883336360463,13000800,16.139999389648438,2.4,2.56,2.7
2019-02-04,85.1630630493164,85.1630630493164,84.15009406847014,84.78728433436606,9871500,15.729999542236328,2.42,2.57,2.73
2019-02-05,84.78728485107422,85.4081396255572,84.37882891069862,85.3836270337985,12763000,15.56999969482422,2.42,2.56,2.71
2019-02-06,84.74642944335938,85.46531582514835,84.52586599692843,84.72192308626066,8745000,15.380000114440918,2.42,2.56,2.7
2019-02-07,83.63542175292969,84.55036514605135,82.86752895494917,84.34613721091596,13177500,16.3700008392334,2.42,2.55,2.65
2019-02-08,82.80216979980469,83.60273976967588,81.7401821046219,83.39034721667261,12892600,15.720000267028809,2.43,2.54,2.63
2019-02-11,82.4100570678711,83.33317135628268,82.32019627461789,83.1289434138967,10978500,15.970000267028809,2.45,2.55,2.65
2019-02-12,83.81513214111328,84.07654361387829,83.23512563068282,83.28413833415716,12852300,15.43000030517578,2.43,2.55,2.68
2019-02-13,84.2154312133789,84.83628590247945,84.0602222155104,84.0602222155104,10754100,15.649999618530272,2.44,2.55,2.71
2019-02-14,83.66809844970703,84.22359867911955,82.7940031420696,83.70894652949666,11518500,16.219999313354492,2.43,2.53,2.66
2019-02-15,86.22503662109375,86.34756839601907,84.681073931615,84.8771310040375,14716900,14.90999984741211,2.43,2.55,2.66
2019-02-19,85.92278289794922,86.0779981335041,84.80361149442557,85.7022194554881,12764900,14.880000114440918,2.45,2.54,2.65
2019-02-20,86.33938598632812,86.42924675779646,85.67768337528486,85.94726568968987,10030300,14.020000457763672,2.45,2.54,2.65
2019-02-21,86.15968322753906,86.58447459501267,85.7430564901312,86.14334150232352,8400100,14.460000038146973,2.45,2.55,2.69
2019-02-22,85.77574920654297,86.66618018287589,85.59602759195093,86.34758504156932,10647300,13.510000228881836,2.46,2.55,2.65
2019-02-25,86.67435455322266,87.63014001580702,86.33942390274193,86.38843662414315,11230700,14.850000381469728,2.47,2.56,2.67
2019-02-26,86.01264953613281,86.15969391860844,84.90981978383705,85.3672884259644,15465400,15.170000076293944,2.45,2.55,2.64
2019-02-27,85.90644073486328,86.08615608058089,85.37544686251705,85.92277622718602,9968800,14.699999809265137,2.45,2.54,2.69
2019-02-28,85.25292205810547,85.94729589137437,85.10587767426264,85.78391601267916,15156900,14.779999732971191,2.45,2.54,2.73
2019-03-01,85.31009674072266,86.51912890760605,85.12220429053252,85.8574261330601,13813300,13.56999969482422,2.44,2.55,2.76
2019-03-04,85.11405181884766,86.52730589841208,84.3624881432678,85.71039400836088,12466300,14.630000114440918,2.46,2.54,2.72
2019-03-05,85.04869079589844,85.40813399414273,84.35431698955227,85.06502629011744,10856600,14.739999771118164,2.46,2.54,2.72
2019-03-06,84.7300796508789,85.42445332584788,84.5912061623934,84.84444678640126,9070800,15.739999771118164,2.47,2.54,2.69
2019-03-07,84.11740112304688,84.5258569845883,83.45570462176316,84.34613540830338,12705700,16.59000015258789,2.45,2.52,2.64
2019-03-08,84.15008544921875,84.32980704068729,83.31683193105415,83.31683193105415,10582400,16.049999237060547,2.46,2.53,2.62
2019-03-11,85.24473571777344,85.4081217993479,84.68107087583134,84.94248237380873,9763200,14.329999923706056,2.46,2.53,2.64
2019-03-12,84.99148559570312,85.60416931000385,84.75458047826858,85.4407832466657,10219100,13.770000457763672,2.46,2.52,2.61
2019-03-13,85.27742767333984,85.75940890661239,84.91798446429203,85.11404779606873,13022200,13.40999984741211,2.45,2.53,2.61
2019-03-14,86.0534896850586,86.48645819283264,85.3346095141596,85.36728673545628,10926500,13.5,2.45,2.52,2.63
2019-03-15,87.0419692993164,87.24619728337623,85.96364579278226,86.11069019060707,24811700,12.880000114440918,2.45,2.52,2.59
2019-03-18,87.56476593017578,88.05491169702186,87.00109487040493,87.04194294786775,12935500,13.100000381469728,2.44,2.52,2.6
2019-03-19,87.24617767333984,88.55323523103102,87.04194973518365,88.38984914098084,12889300,13.5600004196167,2.46,2.5,2.61
2019-03-20,85.38362121582031,87.12364739208383,85.2937666489999,86.94392579335778,14920700,13.90999984741211,2.48,2.47,2.54
2019-03-21,84.0357437133789,84.54222518883746,83.5537623693442,84.54222518883746,19751000,13.630000114440918,2.49,2.48,2.54
2019-03-22,81.49512481689453,83.58641707933499,81.29906149288382,83.17796116979318,31115200,16.479999542236328,2.46,2.45,2.44
2019-03-25,80.81709289550781,82.15682788603586,80.13088367234735,81.35625149777249,21032300,16.329999923706055,2.46,2.41,2.43
2019-03-26,81.62582397460938,82.01794437331111,80.72722225857318,81.54413404270468,15987100,14.68000030517578,2.46,2.44,2.41
2019-03-27,81.34809112548828,82.05880051261774,80.93963516229448,81.59316096387853,12753200,15.149999618530272,2.44,2.4,2.39
2019-03-28,82.27118682861328,82.34471213171275,81.47878138349444,81.69118019711883,12454100,14.43000030517578,2.43,2.4,2.39
2019-03-29,82.69596862792969,83.31681699116743,82.17313944079811,82.94920924365715,14523400,13.710000038146973,2.4,2.4,2.41
2019-04-01,85.48163604736328,85.5143132618378,83.42302139579927,83.4475277485198,17499300,13.399999618530272,2.43,2.41,2.49
2019-04-02,85.89009857177734,86.13517458316116,85.22840206659964,85.44896549081157,10295400,13.359999656677246,2.42,2.41,2.48
2019-04-03,86.06168365478516,86.8867665745564,85.60421489889347,86.43746245177395,11499200,13.739999771118164,2.44,2.41,2.52
2019-04-04,86.8930435180664,87.03298593541317,85.97933251417196,86.06165379975205,11952100,13.579999923706056,2.44,2.41,2.51
2019-04-05,86.68724822998047,87.34578079801976,86.42383645881117,87.09060241101474,9933700,12.81999969482422,2.44,2.43,2.5
2019-04-08,86.96713256835938,86.96713256835938,86.3579939844571,86.52262399732828,8056300,13.18000030517578,2.43,2.43,2.52
2019-04-09,86.32508850097656,86.59672746271055,85.81472528396705,86.4979519421651,9092200,14.279999732971191,2.42,2.42,2.51
2019-04-10,86.71194458007812,87.02475038493978,85.99579714312056,86.53908118908036,10882300,13.300000190734863,2.43,2.41,2.48
2019-04-11,87.44458770751953,87.85616911081529,86.89306385412551,87.016539531161,11183800,13.020000457763672,2.43,2.44,2.51
2019-04-12,91.5438995361328,92.07072302603017,89.62592943185236,90.08690469568609,25834100,12.010000228881836,2.44,2.44,2.56
2019-04-15,90.4985122680664,91.37106274951326,89.8235190827478,91.30520822405944,15163800,12.31999969482422,2.43,2.43,2.55
2019-04-16,91.453369140625,91.69208706270508,90.4326492132947,90.465576472916,11583200,12.18000030517578,2.43,2.45,2.6
2019-04-17,94.08751678466795,94.38385591471686,91.37931023964204,91.94728833870728,17791900,12.600000381469728,2.44,2.44,2.59
2019-04-18,93.3960418701172,94.6225525698696,93.28903297692844,94.27682573319842,12501900,12.09000015258789,2.42,2.44,2.57
2019-04-22,93.51126861572266,93.78291377665516,92.73750005459507,92.87743618711228,7975900,12.420000076293944,2.44,2.46,2.59
2019-04-23,93.62652587890624,94.14512241110532,92.8939115615846,93.01738722545264,9193100,12.279999732971191,2.45,2.43,2.57
2019-04-24,93.47012329101562,93.9640196348577,92.86097839605208,93.2314053641082,9245700,13.140000343322754,2.44,2.42,2.53
2019-04-25,93.51949310302734,93.96400161129228,92.60578221607686,93.02559685392124,9311800,13.25,2.43,2.42,2.54
2019-04-26,94.22743225097656,94.31798064749036,93.51127846406725,93.79938414377808,7889300,12.729999542236328,2.42,2.41,2.51
2019-04-29,95.5856704711914,96.44176057151876,94.21098376649452,94.33445944754604,14242200,13.109999656677246,2.44,2.42,2.54
2019-04-30,95.52803802490234,96.0795555507664,94.87773870983428,95.8408376036984,11389100,13.119999885559082,2.43,2.39,2.51
2019-05-01,94.79540252685548,96.310018608408,94.75424188715228,95.2563715464181,10412900,14.800000190734863,2.43,2.39,2.52
2019-05-02,95.001220703125,95.30578691637908,94.31799407948776,94.80365711155976,8613300,14.420000076293944,2.47,2.41,2.55
2019-05-03,95.5856704711914,96.04663964820074,95.21524342803689,95.4868886703034,8185400,12.869999885559082,2.43,2.41,2.54
2019-05-06,94.73778533935548,95.0505911622882,93.61005654052028,93.98871060175708,9387000,15.4399995803833,2.44,2.39,2.51
2019-05-07,93.19023895263672,93.86523204617733,92.4329308535877,93.86523204617733,15017700,19.31999969482422,2.43,2.37,2.45
2019-05-08,92.69634246826172,93.56889282945843,92.57286682011085,92.73750311105611,9575800,19.399999618530277,2.43,2.37,2.49
2019-05-09,92.62226104736328,92.8033578399569,91.02532973497908,91.4862988214117,12205900,19.100000381469727,2.43,2.36,2.45
2019-05-10,92.6140365600586,92.88567547639384,90.99240504629644,91.9884311534802,13189000,16.040000915527344,2.43,2.36,2.47
2019-05-13,90.09515380859376,90.9183164976818,89.70827262011802,90.61375032206828,13783700,20.549999237060547,2.41,2.32,2.4
2019-05-14,90.8113250732422,91.96375431563992,90.13633178958888,90.1774924440522,10503600,18.059999465942383,2.41,2.32,2.42
2019-05-15,90.46558380126952,91.28874651778656,89.40370314333457,89.89759951719817,10142000,16.440000534057617,2.42,2.3,2.37
2019-05-16,91.6262435913086,92.33416405794291,91.0335654071279,91.05826556499656,9672700,15.289999961853027,2.4,2.33,2.4
2019-05-17,91.18173217773438,91.98843441058844,90.40796348770274,90.54789964353223,9570100,15.960000038146973,2.39,2.33,2.39
2019-05-20,91.65916442871094,92.03781851311612,90.85246850809256,91.02533191965364,8518200,16.309999465942383,2.39,2.34,2.41
2019-05-21,91.97197723388672,92.12837388653044,91.5521624710358,91.73325928168651,7967900,14.949999809265137,2.39,2.36,2.43
2019-05-22,91.222900390625,92.02136930398596,91.16527924637388,91.70033631741065,7918900,14.75,2.38,2.37,2.39
2019-05-23,89.42840576171875,90.37504423429492,88.49000067557783,90.25156855870088,14558000,16.920000076293945,2.37,2.32,2.31
2019-05-24,90.30917358398438,90.5149642464983,89.88113176925775,90.15277067079934,8537300,15.850000381469728,2.35,2.33,2.32
2019-05-28,89.32959747314453,90.40794468794977,89.2637492418919,89.8893482602991,11665500,17.5,2.37,2.31,2.26
2019-05-29,89.08265686035156,89.23082637836914,88.12778523752006,88.44881814651943,9966400,17.899999618530273,2.37,2.3,2.25
2019-05-30,88.12779235839844,89.87289945825395,87.69975053855681,89.43662425334824,10367800,17.299999237060547,2.38,2.29,2.22
2019-05-31,87.22232818603516,87.7409184811343,86.30038360340299,86.8930618150784,10952800,18.709999084472656,2.35,2.21,2.14
2019-06-03,87.6339111328125,87.96317750960486,86.67904554837183,87.09062694930384,11680700,18.86000061035156,2.35,2.11,2.07
2019-06-04,90.33386993408205,90.46557897621184,88.18541485614355,88.77809298526215,12858600,16.969999313354492,2.35,2.11,2.12
2019-06-05,90.6548843383789,90.8606749644555,89.42837396542721,90.43263322551805,8340500,16.09000015258789,2.35,2.04,2.12
2019-06-06,90.85247039794922,91.26405175219884,89.66711408803567,90.67137359724208,8726700,15.93000030517578,2.33,2.02,2.12
2019-06-07,89.85643768310547,90.5643517826732,89.69180138534225,90.30093998648466,10618900,16.299999237060547,2.28,1.97,2.09
2019-06-10,90.8277587890625,91.5439125160428,90.72898329584608,91.1652584715046,11380600,15.9399995803833,2.29,2.03,2.15
2019-06-11,91.10765838623048,91.8402727712365,90.8524799294989,91.22290067509206,9847700,15.989999771118164,2.27,2.05,2.15
2019-06-12,89.94699096679688,91.28875026920711,89.63419138255014,91.12411395099828,9670500,15.90999984741211,2.24,2.02,2.13
2019-06-13,90.1692352294922,90.67959832089474,89.7658872993214,90.10338071184688,8406900,15.81999969482422,2.19,2.0,2.1
2019-06-14,90.39971160888672,90.79483239889468,89.42014615800404,90.19392096997736,9077400,15.279999732971191,2.2,2.0,2.09
2019-06-17,89.90583038330078,90.85246873681334,89.77412133783717,90.30094495922567,8128600,15.350000381469728,2.23,2.03,2.09
2019-06-18,91.13235473632812,91.7085724764942,89.70828657953835,89.73298045921632,11057300,15.149999618530272,2.22,2.04,2.06
2019-06-19,90.47382354736328,91.85673097930884,90.30095383813652,91.2228984063338,13126500,14.329999923706056,2.18,1.96,2.03
2019-06-20,90.70430755615234,91.44514902431357,89.74943572928056,91.2722855963937,13638000,14.75,2.14,1.91,2.01
2019-06-21,90.0869140625,91.92256308465817,89.79880213756064,90.70428599268658,27089500,15.399999618530272,2.11,1.95,2.07
2019-06-24,89.44485473632812,90.3585594813489,89.3460729594623,89.95521154955365,13039600,15.260000228881836,2.13,1.92,2.02
2019-06-25,88.70401000976562,89.70826945991269,88.62992210463652,89.4613181497926,18660100,16.280000686645508,2.12,1.93,2.0
2019-06-26,89.29669952392578,89.97991984600102,89.03328769029552,89.14852997499416,10324600,16.209999084472656,2.15,1.96,2.05
2019-06-27,89.59303283691406,90.1774839299888,89.2637727532309,89.59303283691406,10906600,15.81999969482422,2.14,1.93,2.01
2019-06-28,92.02959442138672,92.54818467305068,91.2887467188431,91.40398899699063,21634700,15.079999923706056,2.12,1.92,2.0
2019-07-01,93.57713317871094,94.26858681144674,93.08323682958068,93.20671248692145,12724500,14.0600004196167,2.21,1.94,2.03
2019-07-02,93.67593383789062,94.00519395017363,93.19849788275252,93.43721586032156,10174900,12.93000030517578,2.2,1.91,1.98
2019-07-03,93.5267105102539,94.39715308889488,93.06247784148312,93.95778279915596,6849400,12.56999969482422,2.21,1.91,1.96
2019-07-05,94.08212280273438,94.72873433080824,93.60959850724232,94.09870615328222,7929400,13.279999732971191,2.23,1.98,2.04
2019-07-08,93.56814575195312,94.0738303858616,93.26141703680868,93.64275184972917,6917200,13.960000038146973,2.26,1.99,2.05
2019-07-09,93.96607971191406,94.08213788557454,92.9712935591968,93.07906005625406,8947300,14.09000015258789,2.26,2.0,2.07
2019-07-10,93.6925048828125,94.36399149832154,93.4603885514052,93.9826566217673,9242300,13.029999732971191,2.2,1.93,2.07
2019-07-11,94.5877914428711,94.8033306905955,93.7753844951848,93.98263206904066,11595200,12.93000030517578,2.17,1.97,2.13
2019-07-12,95.58258056640624,95.62402628504898,94.446861620739,94.61265714469758,10783400,12.390000343322754,2.14,1.96,2.12
2019-07-15,94.42200469970705,95.80641710395822,94.11527598496916,95.78154840473252,12946600,12.68000030517578,2.16,1.95,2.09
2019-07-16,95.4333953857422,95.74840952112892,93.60961236195068,94.0738513755737,16945000,12.859999656677246,2.15,2.0,2.13
2019-07-17,94.4966278076172,95.28417259813256,94.28109482573343,94.86138566110624,13120900,13.970000267028809,2.14,1.95,2.06
2019-07-18,95.0603256225586,95.391923040425,94.13186044216626,94.44687451055728,9397200,13.529999732971191,2.05,1.9,2.04
2019-07-19,94.12356567382812,95.43337195276844,94.00750753009362,95.24270138823633,10402800,14.449999809265137,2.06,1.94,2.05
2019-07-22,94.72872924804688,94.87794777149554,93.48524366087292,93.601308134395,9061100,13.529999732971191,2.09,1.95,2.05
2019-07-23,96.46131896972656,96.53592506640788,95.18467305405836,95.23441045184592,12752200,12.609999656677246,2.06,1.97,2.08
2019-07-24,96.85095977783205,96.8924055072208,95.76497794284006,95.81472167268026,10011000,12.06999969482422,2.1,1.98,2.05
2019-07-25,95.9224853515625,97.19083974319872,95.5991795781923,96.9006943471864,10138400,12.739999771118164,2.1,1.99,2.08
2019-07-26,96.3452606201172,96.58566858340308,95.7732552479992,95.97221116342064,12800400,12.15999984741211,2.12,2.0,2.08
2019-07-29,96.03854370117188,97.14110253290907,95.98880629738368,96.54422838866952,8500400,12.829999923706056,2.12,1.98,2.06
2019-07-30,95.822998046875,96.2292078998208,95.1349408162812,95.49140694404684,7121100,13.9399995803833,2.08,1.97,2.06
2019-07-31,96.16289520263672,96.3121137412838,95.21784656610367,96.24579298528612,13648000,16.1200008392334,2.08,2.0,2.02
2019-08-01,93.6261749267578,96.82607827853666,93.34431491056606,95.60746141598167,15664500,17.8700008392334,2.07,1.88,1.9
2019-08-02,93.61788177490234,94.03237695564223,92.34952753378936,93.17851789526917,11025500,17.610000610351562,2.06,1.85,1.86
2019-08-05,90.83248138427734,92.0013609292899,89.75479129276343,91.84385072330224,15855300,24.59000015258789,2.05,1.78,1.75
2019-08-06,91.54541778564452,91.6034468655127,89.81282441581723,91.23040368417382,10203500,20.170000076293945,2.05,1.8,1.73
2019-08-07,89.55583190917969,89.76307950920082,87.82324500885656,89.53096320912833,17320900,19.489999771118164,2.02,1.75,1.71
2019-08-08,91.0728759765625,91.25525485674156,90.12782752899288,90.40139584926148,10903300,16.90999984741211,2.02,1.79,1.72
2019-08-09,90.9734115600586,91.56199402931632,89.77137791962588,90.65010578574372,9980800,17.969999313354492,2.0,1.78,1.74
2019-08-12,89.26567077636719,89.95373420490294,88.87604434515553,89.89570514012846,9393700,21.09000015258789,2.0,1.75,1.65
2019-08-13,90.64180755615234,91.4625126082506,88.72684175064612,89.48951140287342,12124700,17.520000457763672,2.0,1.86,1.68
2019-08-14,86.8781967163086,88.62736697164839,86.58804501566293,88.12168232012202,19491800,22.100000381469727,1.96,1.79,1.59
2019-08-15,87.20977783203125,88.18798664801382,86.4968456615002,86.8947637920245,13365600,21.18000030517578,1.91,1.72,1.52
2019-08-16,89.29884338378906,89.5143826502167,87.76521246911508,88.17970765279425,11830600,18.46999931335449,1.87,1.71,1.55
2019-08-19,90.10297393798828,90.98170179014554,89.87914297489847,90.8822206593617,8265400,16.8799991607666,1.94,1.75,1.6
2019-08-20,88.95897674560547,89.89574014491176,88.90094765823486,89.40663241590565,8374000,17.5,1.94,1.72,1.55
2019-08-21,89.20767211914062,89.88744410593343,89.07503059747575,89.70506517599216,8189300,15.800000190734863,1.97,1.77,1.59
2019-08-22,90.12783813476562,90.5837790641719,89.47293495373617,89.83769275701711,9343400,16.68000030517578,2.0,1.79,1.62
2019-08-23,87.88957977294922,90.17759557757527,87.13520162314016,89.53098392782572,14762300,19.8700008392334,1.97,1.73,1.52
2019-08-26,88.5942153930664,88.6936902034436,87.8812830701177,88.3869677718533,8209500,19.31999969482422,2.01,1.75,1.54
2019-08-27,87.65745544433594,89.16621793138741,86.9113627145422,88.99213068188482,14331800,20.309999465942383,1.98,1.77,1.49
2019-08-28,88.53617858886719,88.87606136916615,87.07715369188688,87.11031406735177,10585500,19.350000381469727,1.99,1.74,1.47
2019-08-29,90.5423355102539,91.09775757879352,89.54754320236269,89.64702433056033,10002200,17.8799991607666,1.99,1.75,1.5
2019-08-30,91.0728759765625,91.65316666377396,90.74957026158836,91.05629262853124,10170300,18.979999542236328,1.99,1.76,1.5
2019-09-03,89.99522399902344,90.35169023570566,88.96727735184322,90.3434048828898,9868800,19.65999984741211,1.98,1.72,1.47
2019-09-04,91.08116912841795,91.37131447673146,89.99518750373855,90.73298838574752,6929200,17.329999923706055,1.97,1.69,1.47
2019-09-05,93.15365600585938,94.27279181072645,92.18373240525924,92.22518445624117,13224700,16.270000457763672,1.97,1.73,1.57
2019-09-06,93.35260009765624,93.65932879181749,92.81375512670026,93.3940521433814,7836600,15.0,1.96,1.73,1.55
2019-09-09,95.66548919677734,96.21261954775431,94.17330401285004,94.2644934587953,13985100,15.270000457763672,1.96,1.74,1.63
2019-09-10,96.88412475585938,97.21571590549428,95.9390760650692,96.41160041046427,14333100,15.199999809265137,1.95,1.81,1.72
2019-09-11,97.14939880371094,97.15768415493734,95.64892169660806,96.9006991236156,9919200,14.609999656677246,1.96,1.79,1.75
2019-09-12,97.74626159667967,98.21049419913696,96.09656613851432,96.6188341409736,12283500,14.220000267028809,1.95,1.82,1.79
2019-09-13,99.6695327758789,99.81045964603156,98.442624026202,98.64987165573086,16257200,13.739999771118164,1.96,1.88,1.9
2019-09-16,98.78250122070312,99.37108365837652,98.13588338207666,98.56696194116095,11993900,14.670000076293944,1.99,1.86,1.84
2019-09-17,98.29340362548828,98.32656400455076,97.1908447392694,98.1690537851779,10735400,14.4399995803833,1.99,1.87,1.81
2019-09-18,99.2798843383789,99.54516099271903,97.61361199331115,98.0861362315012,10665600,13.949999809265137,1.95,1.87,1.8
2019-09-19,98.96484375,99.76067355047572,98.724435842873,99.23012035015856,9382600,14.050000190734863,1.93,1.88,1.79
2019-09-20,98.56695556640624,99.7606973900388,98.54208686743186,99.26330443646737,21862800,15.31999969482422,1.91,1.84,1.74
2019-09-23,98.55036163330078,98.74932385311708,97.5555758329947,97.63847359557124,9135100,14.90999984741211,1.94,1.81,1.72
2019-09-24,97.26545715332033,98.86540907575592,97.02504914868852,98.44262214866583,11696500,17.049999237060547,1.92,1.78,1.64
2019-09-25,97.82087707519533,98.11931415529868,97.09136772644015,97.215711239237,9389400,15.960000038146973,1.89,1.82,1.73
2019-09-26,97.0167465209961,97.86232027972352,96.95042577037142,97.72138710347237,9899200,16.06999969482422,1.83,1.79,1.7
2019-09-27,97.58875274658205,98.35142241108696,97.22399493977753,97.78770867543224,10207800,17.219999313354492,1.8,1.74,1.69
2019-09-30,97.56388854980467,98.45919343330716,97.17426202449484,98.11931063602734,9755000,16.239999771118164,1.88,1.75,1.68
2019-10-01,95.7898406982422,98.6498549721796,95.67378255130932,98.15246201036804,11250300,18.559999465942383,1.82,1.73,1.65
2019-10-02,93.88314819335938,95.25098340548617,93.61787155961974,95.17637099225328,12548700,20.559999465942383,1.79,1.67,1.6
2019-10-03,93.7494659423828,94.3511214237082,92.35395699944638,93.81631159280558,12735200,19.1200008392334,1.7,1.58,1.54
2019-10-04,95.78004455566406,96.04744626822402,93.81630625600222,93.87480018139472,9453100,17.040000915527344,1.71,1.58,1.52
2019-10-07,95.57113647460938,96.51539737457313,95.32044458063544,95.42072261329696,6771600,17.860000610351562,1.75,1.64,1.56
2019-10-08,93.44027709960938,94.4764579644794,93.3065794277035,94.4764579644794,10806300,20.280000686645508,1.72,1.62,1.54
2019-10-09,94.11712646484376,94.56001629357873,93.64917509906698,94.15055247316484,7273700,18.63999938964844,1.69,1.59,1.59
2019-10-10,95.43743133544922,96.43183442800792,94.4263184253186,94.54330627440083,10994100,17.56999969482422,1.68,1.63,1.67
2019-10-11,97.05020904541016,98.59612552199611,96.82459142194833,96.95828910149898,15076500,15.579999923706056,1.68,1.67,1.76
2019-10-14,97.30925750732422,97.6602274811868,96.6491144233916,96.80788002726985,8779000,14.56999969482422,1.6749999999999998,1.66,1.7650000000000001
2019-10-15,100.24231719970705,101.60439374988036,98.4958510655957,99.31476606496273,23379000,13.539999961853027,1.67,1.65,1.77
2019-10-16,100.0083465576172,100.79384195940068,99.75765463672788,100.24232228358836,11087700,13.68000030517578,1.66,1.59,1.75
2019-10-17,100.56822204589844,101.58769321511762,100.17547432903262,100.90247582889236,10818500,13.789999961853027,1.66,1.59,1.76
2019-10-18,100.74369049072266,101.12808005882634,100.15875122955616,100.27573908178944,10417400,14.25,1.66,1.58,1.76
2019-10-21,103.24224090576172,103.4260744208616,101.93865185311677,101.98879406210791,12714600,14.0,1.67,1.59,1.8
2019-10-22,104.27841186523438,104.5374554813502,102.88290937627016,103.15866281021034,12549100,14.460000038146973,1.65,1.59,1.78
2019-10-23,104.55419158935548,104.57925950854666,103.76033802125596,103.78540594044716,8828300,14.010000228881836,1.65,1.58,1.77
2019-10-24,104.47895050048828,105.00540214896525,103.67674544724996,104.69621636137336,8020500,13.710000038146973,1.67,1.59,1.77
2019-10-25,105.31459045410156,105.8326840506194,104.24498362613146,104.45389140894936,9055700,12.649999618530272,1.66,1.6,1.8
2019-10-28,105.71570587158205,106.30064516682992,105.62378592870591,105.76584170392894,9522200,13.109999656677246,1.65,1.6,1.85
2019-10-29,105.64886474609376,106.47613794197956,105.23940719717098,105.33967887221118,9797300,13.199999809265137,1.63,1.59,1.84
2019-10-30,105.06391143798828,105.5067949448964,104.3870458445506,105.33131316151922,8513700,12.329999923706056,1.62,1.59,1.78
2019-10-31,104.38703918457033,105.0639047348234,103.50127222726674,104.86334867345084,11589100,13.220000267028809,1.54,1.53,1.69
2019-11-01,106.79366302490234,106.95242860742148,105.30623422949792,105.4566480908148,11682600,12.300000190734863,1.52,1.53,1.73
2019-11-04,107.6460189819336,108.147390059315,107.4287467060866,107.86327850706016,9159900,12.829999923706056,1.53,1.56,1.79
2019-11-05,107.87997436523438,108.88272908168982,107.66270213034504,108.12230176101322,13747600,13.100000381469728,1.56,1.62,1.86
2019-11-06,108.04710388183594,108.49833906594442,107.44544846921218,107.53736840032744,11231100,12.619999885559082,1.56,1.58,1.81
2019-11-07,108.6320571899414,109.71001583943232,108.56520516312268,108.9913724895316,13528900,12.729999542236328,1.56,1.58,1.92
2019-11-08,108.9496078491211,108.96631129381568,108.00534044430952,108.5317922187756,9293400,12.06999969482422,1.55,1.58,1.94
2019-11-11,108.5652084350586,108.71562868761416,108.08890526186092,108.29781307044534,8679000,12.6899995803833,1.57,1.58,1.93
2019-11-12,107.93013763427734,109.15015214514467,107.8047852936455,108.3228853502922,9099000,12.68000030517578,1.59,1.58,1.92
2019-11-13,107.3618621826172,107.64598639959355,106.47609540503268,107.06939899701436,8023300,13.0,1.57,1.57,1.88
2019-11-14,107.46216583251952,107.66270913843378,106.6181702510676,106.72680637558372,8483400,13.050000190734863,1.57,1.55,1.82
2019-11-15,108.2393035888672,108.2393035888672,107.29503629387516,107.98861168967149,10163600,12.050000190734863,1.57,1.54,1.84
2019-11-18,109.1501235961914,109.17519150761684,107.78805365611026,108.26435672391148,8749300,12.460000038146973,1.57,1.54,1.81
2019-11-19,109.1167221069336,109.67659347305248,108.78246198115512,109.45933395433651,8824500,12.859999656677246,1.57,1.54,1.79
2019-11-20,108.32286834716795,109.1501350121668,107.74628082264196,108.88273967875602,11782800,12.779999732971191,1.57,1.54,1.73
2019-11-21,108.57353973388672,109.2336954252383,108.12230456254125,108.6320400296321,7705500,13.130000114440918,1.58,1.55,1.77
2019-11-22,109.29220581054688,109.65153387918905,108.71563095742138,108.7574023194338,8167900,12.34000015258789,1.58,1.56,1.77
2019-11-25,109.87713623046876,110.36180379106165,109.35903628599029,109.67658017931078,10068500,11.869999885559082,1.61,1.58,1.76
2019-11-26,110.02755737304688,110.15290970211088,108.93288255310964,110.15290970211088,10490700,11.539999961853027,1.6,1.59,1.74
2019-11-27,110.35344696044922,110.66262640384625,110.01083513085185,110.54563855358364,6607900,11.75,1.62,1.6,1.77
2019-11-29,110.10275268554688,110.64592056844096,109.8437090763336,110.19467261953083,5712000,12.619999885559082,1.59,1.6,1.78
2019-12-02,109.86042785644533,110.92168298276002,109.76015619909002,110.5623549593712,8615600,14.90999984741211,1.6,1.6,1.83
2019-12-03,108.4482421875,108.59866247003636,107.45383878032467,108.43989046375148,10361300,15.960000038146973,1.57,1.57,1.72
2019-12-04,110.58743286132812,110.69606900042068,108.62370714002458,108.94960280658172,10318200,14.800000190734863,1.55,1.56,1.77
2019-12-05,111.18910217285156,111.39801000430536,110.45374252590312,110.87155818881072,9587400,14.520000457763672,1.54,1.56,1.8
2019-12-06,112.84361267089844,113.46198424522166,112.51771706770388,112.55114945048788,10170600,13.619999885559082,1.53,1.57,1.84
2019-12-09,112.31720733642578,113.19462276128236,112.31720733642578,112.50104724451847,8498200,15.859999656677246,1.54,1.56,1.83
2019-12-10,112.39240264892578,112.61802665567195,111.0386841098906,111.34786359085028,7532900,15.68000030517578,1.56,1.56,1.85
2019-12-11,112.125,112.82693997182048,111.98294421125772,112.21691995162402,9011900,14.989999771118164,1.57,1.55,1.79
2019-12-12,115.33380126953124,115.70983269246908,112.15004900422336,112.38402467852772,13717400,13.9399995803833,1.56,1.55,1.9
2019-12-13,114.32269287109376,116.01067132413,113.82967356449774,115.27531184939754,10592100,12.630000114440918,1.57,1.54,1.82
2019-12-16,114.76557159423828,116.01901823747124,114.74886815284592,115.6346350739489,11372000,12.140000343322754,1.57,1.54,1.89
2019-12-17,115.467529296875,115.87699323258606,114.67368209563452,115.09149775425814,11546800,12.289999961853027,1.56,1.53,1.89
2019-12-18,115.35051727294922,116.16944497292238,115.08312193778688,115.44243720863112,10381500,12.579999923706056,1.56,1.54,1.92
2019-12-19,114.77394104003906,115.50093604439272,114.56503325711267,115.11654011349177,9350400,12.5,1.57,1.52,1.92
2019-12-20,114.68201446533205,116.05244893195092,114.39789020645664,115.3338056902655,29992600,12.510000228881836,1.58,1.52,1.92
2019-12-23,114.64861297607422,115.24191681542696,114.38121758772957,114.9828731499074,9738400,12.609999656677246,1.59,1.53,1.93
2019-12-24,114.96613311767578,115.00791722458209,114.5316013571448,114.75722533386346,3324300,12.670000076293944,1.58,1.53,1.9
2019-12-26,116.1861801147461,116.23632870757064,115.13328917844144,115.2252091392022,6770900,12.649999618530272,1.58,1.53,1.9
2019-12-27,116.26971435546876,116.79616604505104,115.87696670621196,116.40341839579426,7868200,13.43000030517578,1.57,1.51,1.88
2019-12-30,115.8435516357422,117.05521426597404,115.70984759014873,116.90479402700149,6963000,14.81999969482422,1.57,1.57,1.9
2019-12-31,116.4869613647461,116.55381337773898,115.55941040438606,115.74325025243708,7201600,13.779999732971191,1.55,1.59,1.92
2020-01-02,117.89922332763672,117.90758780154351,116.37001643721484,116.81290002971312,10803700,12.470000267028809,1.54,1.56,1.88
2020-01-03,116.34335327148438,117.09183900332124,115.28370320708147,115.63691989521575,10386800,14.020000457763672,1.52,1.55,1.8
2020-01-06,116.2508544921875,116.2845015129349,114.7959352430351,114.84639294157772,10259000,13.850000381469728,1.56,1.54,1.81
2020-01-07,114.2745132446289,115.93968133309129,114.22405554991452,115.45190222988968,10531300,13.789999961853027,1.54,1.53,1.83
2020-01-08,115.16596221923828,115.70419899603492,114.03903097291044,114.12312284994236,9695300,13.449999809265137,1.54,1.55,1.87
2020-01-09,115.58648681640624,116.2508679785906,115.25008073279776,116.09949486540174,9469000,12.539999961853027,1.54,1.54,1.85
2020-01-10,114.4343032836914,115.42667215607004,114.2156361654825,115.39303797081033,10190900,12.5600004196167,1.54,1.53,1.83
2020-01-13,115.38460540771484,115.38460540771484,114.17356956818428,114.53520438564932,12355200,12.31999969482422,1.57,1.53,1.85
2020-01-14,116.73020935058594,118.3785537875188,115.79670358130076,116.00695251282826,24906000,12.390000343322754,1.57,1.53,1.82
2020-01-15,114.98092651367188,116.56200244510828,114.50155283262244,115.93125570640656,16293400,12.420000076293944,1.57,1.54,1.79
2020-01-16,115.42667388916016,115.97331602773536,115.0818625303284,115.59487048313888,10783800,12.31999969482422,1.55,1.54,1.81
2020-01-17,116.2255859375,116.30127245945764,115.48551855740196,115.6705257779959,14697700,12.100000381469728,1.56,1.56,1.84
2020-01-21,115.08187103271484,116.11630518563538,114.95572678605552,115.37622471835796,8474200,12.850000381469728,1.56,1.54,1.78
2020-01-22,114.9473114013672,115.55282946516932,114.695022901932,115.41827987633012,7549100,12.90999984741211,1.55,1.55,1.77
2020-01-23,114.82958221435548,114.99779167166106,113.29897624699778,114.13156686337284,9345700,12.979999542236328,1.55,1.55,1.74
2020-01-24,111.97858428955078,114.73704945375246,111.28056907661808,114.686591759572,15166400,14.5600004196167,1.54,1.55,1.7
2020-01-27,111.0366668701172,111.80197607571016,109.08556342020316,109.55651898285218,12860500,18.229999542236328,1.55,1.53,1.61
2020-01-28,113.05506896972656,113.50921392707716,111.4151295850241,111.7178886123983,13062800,16.280000686645508,1.57,1.53,1.65
2020-01-29,112.88687896728516,113.98858157140788,112.43274681593982,113.37465814174011,9326000,16.389999389648438,1.56,1.51,1.6
2020-01-30,114.2829132080078,114.4847568099499,111.59172934499789,111.59172934499789,9048900,15.489999771118164,1.57,1.48,1.57
2020-01-31,111.314208984375,113.39146971877474,110.56572320620596,113.10553421533444,12785200,18.84000015258789,1.55,1.45,1.51
2020-02-03,112.16361236572266,112.8952874810996,111.56651249869196,111.56651249869196,10021100,17.969999313354492,1.57,1.46,1.54
2020-02-04,113.77828979492188,114.8800048172296,113.6016879040503,113.996956865148,9157100,16.049999237060547,1.57,1.48,1.61
2020-02-05,115.7126007080078,115.83033959822458,114.3838258998032,114.85479429324693,10150700,15.149999618530272,1.57,1.49,1.66
2020-02-06,115.72941589355467,116.30128679560409,115.3089180540799,116.25924727771714,8992300,14.960000038146973,1.57,1.51,1.65
2020-02-07,115.35939025878906,115.7798881511806,114.62772803245248,114.98935006027212,6379800,15.470000267028809,1.56,1.49,1.59
2020-02-10,115.83877563476562,115.93128569367391,115.00618510459094,115.17438171190278,5960700,15.039999961853027,1.58,1.45,1.56
2020-02-11,116.05743408203124,116.7470568789682,115.872413957613,116.27608839608054,6578600,15.18000030517578,1.57,1.48,1.59
2020-02-12,116.05743408203124,117.14231314559372,115.88923746871802,116.56203675454996,7958000,13.739999771118164,1.58,1.49,1.62
2020-02-13,115.95651245117188,116.34336335775208,114.71182934784672,115.84717888373132,7447500,14.149999618530272,1.59,1.48,1.61
2020-02-14,115.6032943725586,116.21721774560972,115.16597294051893,115.92286406715304,6627600,13.68000030517578,1.58,1.49,1.59
2020-02-18,114.0726547241211,115.81352195970462,113.57647034750993,115.5023448286736,8996400,14.829999923706056,1.58,1.47,1.55
2020-02-19,115.6285400390625,116.38543127578392,114.66138697816284,115.14076083864512,7071200,14.380000114440918,1.58,1.47,1.56
2020-02-20,115.6285400390625,116.36020242339856,114.82117826499028,115.3594151701784,7422800,15.5600004196167,1.58,1.46,1.52
2020-02-21,114.21565246582033,115.14915843907582,113.46716661934188,114.83799405885038,9772800,17.079999923706055,1.56,1.43,1.46
2020-02-24,111.14599609375,112.02062598566172,110.00224141504935,110.54047815605108,13618400,25.030000686645508,1.53,1.35,1.38
2020-02-25,106.18413543701172,111.20487515926854,105.62066335376448,110.1704538800812,20797200,27.850000381469727,1.53,1.3,1.33
2020-02-26,106.50371551513672,108.44641390432542,106.25141418986762,106.74760508521972,24825600,27.559999465942383,1.53,1.26,1.33
2020-02-27,102.07164764404295,105.6458792718774,102.01277820329486,103.36678175678928,23005500,39.15999984741211,1.45,1.18,1.3
2020-02-28,97.64801788330078,103.94707916419185,99.13658218825123,98.83381856450109,45931400,40.11000061035156,1.27,0.97,1.13
2020-03-02,102.19781494140624,102.24827905650628,96.2603861732076,98.08534566480844,27355400,33.41999816894531,1.13,0.89,1.1
2020-03-03,98.36287689208984,103.40044039302924,97.75735883473226,101.7352721515852,32547700,36.81999969482422,0.95,0.73,1.02
2020-03-04,100.79334259033205,101.07928449098247,96.4622130555183,99.51503183245724,25795900,31.989999771118164,0.72,0.59,1.02
2020-03-05,95.84831237792967,97.91716170821402,94.6793284850002,97.2780029701155,25025600,39.619998931884766,0.62,0.48,0.92
2020-03-06,90.89483642578124,93.67012947108513,89.6333506397447,92.60486709434745,38159400,41.93999862670898,0.45,0.39,0.74
2020-03-09,87.49721527099608,89.42309723395624,84.58737279448923,87.9317312185794,40352000,54.459999084472656,0.33,0.31,0.54
2020-03-10,84.09959411621094,85.17606499682735,79.54139494923373,83.25859534281136,31102700,47.29999923706055,0.44,0.43,0.76
2020-03-11,80.70197296142578,84.1416498343842,79.51617197358185,82.16530416082749,38127000,53.900001525878906,0.42,0.4,0.82
2020-03-12,79.20780181884766,81.5429518446184,78.03391221929556,80.47826553326009,49725200,75.47000122070312,0.33,0.39,0.88
2020-03-13,77.71363067626953,81.6775123342457,76.55165246500927,78.79122690569268,38543300,57.83000183105469,0.28,0.38,0.94
2020-03-16,76.2194595336914,81.81207282387301,75.06939271072298,77.10418827812526,38589700,82.69000244140625,0.24,0.29,0.73
2020-03-17,74.72528839111328,81.94663331350031,73.58713295643669,75.41714965055786,35239800,75.91000366210938,0.19,0.3,1.02
2020-03-18,73.23111724853516,78.02338781176155,69.13406231835302,73.73011102299046,41525600,76.44999694824219,0.02,0.21,1.18
2020-03-19,71.73694610595703,74.10014231002278,64.68099168026936,73.1540309856536,32175100,72.0,0.04,0.2,1.12
2020-03-20,70.22315979003906,75.2354947368344,65.17717563615622,72.57795094831674,30150800,66.04000091552734,0.05,0.15,0.92
2020-03-23,66.46389770507812,77.15086541308395,65.67335959204307,69.53353368871103,32536600,61.59000015258789,0.02,0.17,0.76
2020-03-24,71.80422592163086,79.06623608933349,68.38557567958975,71.40052641992521,34363200,61.66999816894531,0.01,0.25,0.84
2020-03-25,77.1445541381836,80.98160676558302,71.09779176713643,75.05046979781439,38111700,63.95000076293945,0.0,0.19,0.88
2020-03-26,77.64073689778645,82.89697744183258,73.62498252839256,79.12090710827121,29826300,61.0,0.0,0.13,0.83
2020-03-27,78.13691965738933,79.76003967426142,76.15217328964872,78.37240171846678,30041500,65.54000091552734,0.03,0.11,0.72
2020-03-30,78.63310241699219,79.12928682836122,75.10092284285119,76.2362658190902,21656900,57.08000183105469,0.12,0.14,0.7
2020-03-31,75.71485137939453,79.1965735025553,75.1345622201048,77.41366650045273,23379300,53.540000915527344,0.11,0.17,0.7
2020-04-01,74.65520095825195,76.56426183581974,72.45178948702164,73.82261677519637,28029600,57.060001373291016,0.09,0.16,0.62
2020-04-02,73.59555053710938,73.93195016908417,69.76901675393847,70.23156704993998,24018000,50.90999984741211,0.09,0.14,0.63
2020-04-03,71.42024230957031,74.33483414803463,70.33257586641446,73.0772232672107,21199400,46.79999923706055,0.1,0.15,0.62
2020-04-06,74.22010040283203,77.31738165037291,73.56580075431118,75.61791174234779,26820800,45.2400016784668,0.15,0.2,0.67
2020-04-07,77.01995849609375,80.29993520401645,76.79902564220791,76.93925168916542,22563800,46.70000076293945,0.14,0.2,0.75
2020-04-08,80.13001251220703,80.60586203420857,76.94350628531062,78.26059163598303,22903300,43.34999847412109,0.22,0.23,0.77
2020-04-09,81.78275299072266,84.11102536801289,79.81136800836575,82.35630834153528,42055900,41.66999816894531,0.25,0.25,0.73
2020-04-13,83.43549346923828,87.61618870181721,82.67922973142088,84.09826963083425,26911900,41.16999816894531,0.26,0.27,0.76
2020-04-14,81.14969635009766,86.67297411214618,79.56918865647435,85.84023092013322,46151300,37.7599983215332,0.2,0.25,0.76
2020-04-15,77.1474380493164,81.81673650930007,76.58660986205513,81.25591151879985,30118600,40.84000015258789,0.14,0.19,0.63
2020-04-16,74.20735931396484,76.96049890645396,73.96943455057195,76.67159211746647,32449600,40.11000061035156,0.14,0.17,0.61
2020-04-17,76.06828308105469,78.71945555355211,77.2918798004581,78.17560480666282,30191900,38.150001525878906,0.12,0.16,0.65
2020-04-20,77.92920684814453,80.47841220065027,76.86703795126715,78.57500735267604,23679400,43.83000183105469,0.12,0.15,0.63
2020-04-21,75.66888427734375,77.64876137526849,75.05707420230911,75.30349806491816,23035000,45.40999984741211,0.11,0.17,0.58
2020-04-22,75.91533660888672,78.06517202428162,75.77938235348584,77.06248426921155,16662400,41.97999954223633,0.12,0.16,0.63
2020-04-23,75.95780944824219,77.56380804401839,75.84734623455678,76.25521539505937,16638800,41.380001068115234,0.11,0.17,0.61
2020-04-24,77.07943725585938,77.41083328482677,75.19302510145324,77.01995608355655,15809200,35.93000030517578,0.12,0.18,0.6
2020-04-27,80.40191650390625,81.26014406309918,77.78473152330993,78.12462677116028,22870200,33.290000915527344,0.12,0.17,0.67
2020-04-28,80.97122955322266,83.57991511969986,80.75029669085751,81.15817825054285,20238900,33.56999969482422,0.11,0.16,0.62
2020-04-29,83.1550521850586,84.50612747247649,82.65370525696754,84.1917297299254,20462600,31.229999542236328,0.1,0.18,0.63
2020-04-30,81.37062072753906,82.28832954761835,80.34244221472716,81.23466002354914,19127600,34.150001525878906,0.09,0.16,0.64
2020-05-01,79.23778533935547,79.65415365620386,78.03965592910423,79.45021908021165,18547700,37.18999862670898,0.12,0.17,0.64
2020-05-04,78.29457092285156,78.74492936966685,77.15592930131574,78.1926004039082,15725900,35.970001220703125,0.13,0.16,0.64
2020-05-05,78.17559814453125,80.05351119156947,78.09062596487954,79.57766179915052,18064100,33.61000061035156,0.13,0.16,0.66
2020-05-06,76.70557403564453,78.82141881029622,76.41666725334966,78.3115791172701,20978000,34.119998931884766,0.12,0.16,0.72
2020-05-07,77.50432586669922,78.94887920605416,76.96899516925221,77.61478907897653,16771900,31.440000534057617,0.11,0.15,0.63
2020-05-08,78.77042388916016,79.94306221889974,78.26908340201166,78.85540256688145,20487800,27.979999542236328,0.12,0.15,0.69
2020-05-11,76.45066833496094,77.4193658347673,75.90683838710348,77.4193658347673,31907600,27.56999969482422,0.12,0.16,0.73
2020-05-12,73.95243072509766,77.14743591188332,73.84196751686271,76.60360606940445,27962900,33.040000915527344,0.13,0.16,0.69
2020-05-13,71.40325164794922,73.80800394882323,70.86792077710784,73.40012817844497,35451600,35.279998779296875,0.13,0.15,0.64
2020-05-14,74.3687973022461,74.87014427589257,70.01815866349595,70.29007357841785,35152500,32.61000061035156,0.12,0.15,0.63
2020-05-15,72.99223327636719,74.16486516988216,72.48239360453299,73.79947888319107,26099000,31.88999938964844,0.12,0.15,0.64
2020-05-18,76.85851287841797,77.45333114995455,74.67469462184901,75.36298424344189,30504400,29.299999237060547,0.13,0.17,0.73
2020-05-19,75.34600067138672,77.49582917775825,75.2780203156764,76.5186391170174,19597300,30.530000686645508,0.13,0.16,0.7
2020-05-20,77.60628509521484,78.50700195805506,76.79054042044142,77.07944715646096,20552400,27.989999771118164,0.12,0.16,0.68
2020-05-21,76.62059783935547,77.97167976254767,76.19573037015691,76.70557003660255,14621400,29.530000686645508,0.12,0.16,0.68
2020-05-22,76.02580261230469,76.78206635433341,75.38850126904691,76.48466035740603,13557900,28.15999984741211,0.12,0.17,0.66
2020-05-26,81.08171844482422,81.97393957198068,78.69395938137478,78.93188414565084,41233900,28.01000022888184,0.14,0.17,0.69
2020-05-27,86.13763427734375,87.16581278962795,81.57880241655347,83.20179587332917,39402000,27.6200008392334,0.15,0.18,0.68
2020-05-28,84.85452270507812,87.48020028178112,84.46364545173216,87.47170760100751,24713900,28.59000015258789,0.15,0.17,0.7
2020-05-29,82.68771362304688,84.27672046163589,82.23735509481162,83.83486109892313,26526400,27.51000022888184,0.14,0.17,0.65
2020-06-01,83.78385925292969,84.55712111830216,82.74718164496176,83.06158588961256,15176800,28.229999542236328,0.14,0.17,0.66
2020-06-02,84.06427001953125,85.33037314661163,83.2145351589206,85.21141078476315,21195000,26.84000015258789,0.15,0.17,0.68
2020-06-03,88.60187530517578,89.15420441228453,85.8742264342761,86.3160923131488,25941100,25.65999984741211,0.16,0.17,0.77
2020-06-04,90.44580078125,90.5902541838142,87.34426655268182,88.21949261675955,26784700,25.809999465942383,0.15,0.17,0.82
2020-06-05,94.51600646972656,93.81074903413982,91.2318033222941,92.2939721118727,42231000,24.520000457763672,0.15,0.18,0.91
2020-06-08,96.40243530273438,97.03124388446544,95.1193400919064,96.36845160698584,24881800,25.809999465942383,0.17,0.19,0.88
2020-06-09,93.9297103881836,94.85591845308568,92.62961683794514,94.02318175951768,17031100,27.56999969482422,0.19,0.19,0.84
2020-06-10,90.12288665771484,93.90421107227657,89.94444309629861,93.8617217316218,24913300,27.56999969482422,0.17,0.18,0.75
2020-06-11,87.49296188354492,89.91895480901226,86.32457625971966,89.71926656595605,36259200,40.790000915527344,0.17,0.19,0.66
2020-06-12,84.863037109375,85.93369854574796,82.7047094231407,85.5768114002903,24856800,36.09000015258789,0.16,0.18,0.71
2020-06-15,86.0356674194336,86.18861997638668,81.46409552400115,81.93144587699531,22153600,34.400001525878906,0.18,0.17,0.71
2020-06-16,86.72395324707031,89.79999632426723,84.38718196415387,84.52737853104921,22193600,33.66999816894531,0.17,0.18,0.75
2020-06-17,84.53162384033203,87.13181034864253,84.3021918055033,87.12331118510309,15639800,33.470001220703125,0.17,0.19,0.74
2020-06-18,84.07276153564453,85.41533756622975,83.38447195274601,83.84332951369105,16591900,32.939998626708984,0.16,0.19,0.71
2020-06-19,83.1125717163086,85.48333295716662,82.19486291578536,85.42385177117934,40371200,35.119998931884766,0.15,0.18,0.7
2020-06-22,82.21185302734375,83.23153233217215,82.03340947314693,82.6367204848494,16216900,31.770000457763672,0.16,0.17,0.71
2020-06-23,83.21454620361328,84.94800632728891,83.14656584983071,84.09827135389673,15381400,31.3700008392334,0.16,0.18,0.72
2020-06-24,80.43589782714844,82.28831343405024,80.13848546615007,82.2118404152531,22919800,33.84000015258789,0.15,0.17,0.69
2020-06-25,83.24003601074219,83.45246975101551,80.09601924788235,80.17249228255838,25743600,32.220001220703125,0.16,0.17,0.68
2020-06-26,78.67695617675781,81.03922479149597,78.1756156663719,80.81829188851349,41896300,34.72999954223633,0.14,0.17,0.64
2020-06-29,79.02534484863281,80.29144802076307,78.328562497458,79.36524010156357,18499700,31.780000686645508,0.14,0.16,0.64
2020-06-30,79.92607116699219,80.43591734788694,78.65996784582079,78.88090075867761,19137000,30.43000030517578,0.16,0.16,0.66
2020-07-01,79.24627685546875,81.32812472173669,79.05083498024102,80.6313423782995,18755700,28.6200008392334,0.14,0.16,0.69
2020-07-02,79.50366973876953,81.47710022909257,78.87731593449513,81.28833588955413,27845600,27.68000030517578,0.14,0.16,0.68
2020-07-06,81.51142883300781,81.6830292226232,80.2072488519792,81.02236052185518,18625300,27.940000534057617,0.15,0.16,0.69
2020-07-07,79.21195983886719,80.7392257864948,78.93739524767723,80.49898258747062,25757200,29.43000030517578,0.15,0.15,0.65
2020-07-08,80.05281829833984,80.08713314467664,78.76579553821307,79.18622114026967,18762200,28.07999992370605,0.15,0.15,0.67
2020-07-09,78.31963348388672,80.75640027601123,77.89062584513087,80.24158587259457,25600800,29.26000022888184,0.13,0.15,0.62
2020-07-10,82.60112762451172,83.09019606930114,78.82586565230977,78.93740528142418,28954200,27.290000915527344,0.13,0.15,0.65
2020-07-13,83.78517150878906,85.1751517096699,82.56679170061548,81.67017699405423,32079200,32.189998626708984,0.14,0.16,0.64
2020-07-14,84.26566314697266,85.75860760508982,82.91857968644726,84.40294870668428,42731700,29.520000457763672,0.15,0.17,0.63
2020-07-15,85.56986236572266,86.90836403910548,84.64320433977912,86.56515663548157,22508400,27.76000022888184,0.16,0.15,0.64
2020-07-16,85.81011199951172,86.8483097271397,84.55741044684974,84.75475030004415,16886900,28.0,0.11,0.14,0.62
2020-07-17,84.22277069091797,85.87015821615381,84.2056067219952,85.80151543273496,16137700,25.68000030517578,0.11,0.14,0.64
2020-07-20,83.4848861694336,84.4201196467182,83.45056477400983,83.59642579495822,14458100,24.459999084472656,0.13,0.14,0.62
2020-07-21,85.29529571533203,85.84442492956325,83.77660511805465,83.83666592129441,17798100,24.84000015258789,0.13,0.15,0.61
2020-07-22,84.67750549316406,85.9130426862718,83.68220491518835,85.50119913728095,14271200,24.31999969482422,0.13,0.14,0.6
2020-07-23,84.92634582519531,85.24380725386982,84.05974865610473,84.51449565641734,12870200,26.07999992370605,0.12,0.14,0.59
2020-07-24,84.32573699951172,85.62992383416474,84.03401495915897,85.45831685795419,12744200,25.84000015258789,0.11,0.16,0.59
2020-07-27,83.14167022705078,83.76801762736532,82.51531628060009,83.66505999779919,11959100,24.739999771118164,0.11,0.14,0.62
2020-07-28,83.50204467773438,83.99111311313058,82.79847242775848,82.79847242775848,11754300,25.440000534057617,0.11,0.14,0.59
2020-07-29,85.52696228027344,85.55270169096288,83.22748109738676,83.28754190437444,12743500,24.100000381469727,0.11,0.13,0.58
2020-07-30,83.24462890625,83.86240087598095,82.41235969017293,83.69080046044958,14834800,24.76000022888184,0.09,0.11,0.55
2020-07-31,82.9185791015625,83.16740426718285,81.72593863105736,82.78130008895498,14535000,24.459999084472656,0.09,0.11,0.55
2020-08-03,82.45526885986328,83.71655239578388,82.24076503528188,83.2446413632499,12962800,24.280000686645508,0.1,0.12,0.56
2020-08-04,81.98332977294922,82.32653051052411,81.53715834028674,82.29221567367418,13366200,23.76000022888184,0.09,0.14,0.52
2020-08-05,83.40763854980469,84.48873929808644,82.12919801455402,82.25790157561006,15260900,22.989999771118164,0.1,0.12,0.55
2020-08-06,83.43339538574219,84.17128897409835,82.8327873701669,83.72512395483334,10482100,22.649999618530277,0.1,0.14,0.55
2020-08-07,85.26956176757812,85.36394397826511,82.8499587809812,83.16742681203172,14743700,22.209999084472656,0.1,0.14,0.57
2020-08-10,86.35065460205078,87.55187726636599,85.827264773643,85.89590756500658,14989900,22.1299991607666,0.11,0.13,0.59
2020-08-11,89.07913970947266,91.08689872445277,88.81315708654124,89.1134611037439,31518600,24.030000686645508,0.11,0.15,0.64
2020-08-12,88.32408905029297,91.3185603422513,87.2687274468988,91.08689911260396,19240800,22.280000686645508,0.11,0.13,0.69
2020-08-13,87.83502197265625,88.68445522247593,87.20866797074122,87.51755397906415,13598600,22.1299991607666,0.1,0.14,0.71
2020-08-14,87.86934661865234,88.64155512189367,87.0199067912677,87.08854958368732,12134400,22.049999237060547,0.1,0.13,0.71
2020-08-17,85.5527114868164,87.51756746344398,85.39826845885894,87.08855977979964,14988000,21.350000381469727,0.1,0.13,0.69
2020-08-18,84.36006164550781,85.72430933787064,84.18846120882155,85.72430933787064,13246500,21.51000022888184,0.09,0.13,0.67
2020-08-19,84.5573959350586,86.30774108633982,84.37720699235342,84.87485735209813,13533000,22.540000915527344,0.11,0.13,0.68
2020-08-20,83.54493713378906,84.11122372623396,83.05586876234918,83.45055494402557,13672600,22.71999931335449,0.11,0.12,0.65
2020-08-21,83.50204467773438,84.5745637506328,83.17600123618254,83.45914129636367,12228300,22.540000915527344,0.1,0.13,0.64
2020-08-24,85.85301971435547,85.98172333490997,83.58785955869337,84.47161438242254,17898300,22.3700008392334,0.12,0.14,0.65
2020-08-25,86.23052978515625,87.50039519363578,85.62992174839091,86.89119862559812,13648900,22.030000686645508,0.11,0.13,0.69
2020-08-26,85.02070617675781,86.033164173958,84.9863913361583,85.75002418913338,12052400,23.270000457763672,0.11,0.12,0.69
2020-08-27,87.81787109375,88.07527832110488,84.94352093692991,84.94352093692991,22163900,24.46999931335449,0.11,0.13,0.74
2020-08-28,88.17823028564453,88.59008051361113,87.35453637584864,88.49569830607997,13756700,22.959999084472656,0.1,0.12,0.74
2020-08-31,85.96454620361328,87.67199464294387,85.81867864247798,87.62051582497645,14219400,26.40999984741211,0.11,0.12,0.72
2020-09-01,85.92164611816406,86.54800012736933,84.97783065780844,85.41542026571523,11595600,26.1200008392334,0.12,0.12,0.68
2020-09-02,87.21725463867188,87.46607985574339,85.42399929706583,85.75862473302547,14475700,26.56999969482422,0.12,0.13,0.66
2020-09-03,86.94268035888672,90.08301253531027,86.35064778584821,88.65012874592067,23281200,33.599998474121094,0.11,0.12,0.63
2020-09-04,88.82173156738281,90.27177936555243,86.97700410469275,89.27648512696896,26325500,30.75,0.11,0.13,0.72
2020-09-08,85.73287200927734,88.86462860841927,85.35534979556427,88.35840281329071,22108600,31.459999084472656,0.13,0.15,0.69
2020-09-09,86.54798889160156,87.25156103937934,85.42398461509933,86.48792809408893,13434000,28.809999465942383,0.12,0.14,0.71
2020-09-10,85.65564727783203,87.87790319990118,85.49262231735409,87.00273069583848,15922800,29.709999084472656,0.12,0.15,0.68
2020-09-11,86.71958923339844,86.96841440751318,85.44972395621566,85.7757738962937,13784300,26.8700008392334,0.11,0.13,0.67
2020-09-14,87.92082977294922,88.77026309605998,86.97701424214425,87.09713586173012,19017400,25.850000381469727,0.11,0.14,0.68
2020-09-15,85.18375396728516,88.24686818370681,85.06363235457347,88.14391054203219,23683000,25.59000015258789,0.11,0.13,0.68
2020-09-16,85.54410552978516,86.77106742304466,84.73757576190637,85.31244432583196,19270600,26.040000915527344,0.12,0.12,0.69
2020-09-17,84.56597137451172,85.2352221463876,83.83665980377867,84.68609297222605,18290100,26.459999084472656,0.09,0.12,0.69
2020-09-18,84.38578796386719,85.36392470272158,83.60499758810688,83.99110178381507,20121600,25.82999992370605,0.1,0.13,0.7
2020-09-21,81.77742767333984,82.4123636427579,80.49898684174781,81.68304547643004,28378800,27.780000686645508,0.1,0.12,0.68
2020-09-22,80.88510131835938,82.0777486353442,80.37029343569976,81.4771339837935,19257000,26.86000061035156,0.1,0.12,0.68
2020-09-23,79.57234954833984,81.81177035567426,79.50371328865724,81.32270181994251,19952700,28.57999992370605,0.11,0.13,0.68
2020-09-24,79.50366973876953,80.91081375661194,78.40540508564904,79.21194124690066,18366500,28.51000022888184,0.1,0.12,0.67
2020-09-25,80.19868469238281,80.41318850014198,78.82586163195143,78.9803046353835,13293100,26.3799991607666,0.1,0.12,0.66
2020-09-28,82.5067367553711,83.16740551486109,80.95372494293447,81.56291489019132,20894100,26.190000534057617,0.11,0.12,0.67
2020-09-29,81.81175231933594,82.39520294790844,80.93657964954558,82.39520294790844,12848200,26.270000457763672,0.09,0.12,0.66
2020-09-30,82.60112762451172,83.39908209191942,81.73453691018432,81.81175514277037,16400600,26.3700008392334,0.1,0.12,0.69
2020-10-01,83.20172882080078,83.88813700221205,82.39519249785315,83.33043240048289,15778700,26.700000762939453,0.09,0.12,0.68
2020-10-02,83.99111938476562,84.59172749198152,81.58867386362726,81.72595945735513,15149600,27.6299991607666,0.09,0.12,0.7
2020-10-05,85.76636505126953,85.94821943306296,84.45873789812967,85.14286053833185,13871900,27.959999084472656,0.1,0.12,0.78
2020-10-06,84.883056640625,87.3424345825821,84.4414131587567,86.65831200805233,19220400,29.479999542236328,0.1,0.14,0.76
2020-10-07,86.36387634277344,86.90077777495594,85.44593636586924,85.69707045154912,16358500,28.059999465942383,0.1,0.13,0.81
2020-10-08,88.13914489746094,88.26038115839405,86.51111038858707,87.03935692845884,15659000,26.36000061035156,0.09,0.13,0.78
2020-10-09,87.63687133789062,88.42491359340647,86.69295956216847,88.32965559313796,13689100,25.0,0.1,0.15,0.79
2020-10-12,88.71068572998047,89.19563073433442,87.33377886850383,87.55027311785902,16058000,25.06999969482422,0.10500000000000001,0.14,0.765
2020-10-13,87.2731704711914,89.38615669463158,86.82286528936496,89.1956406768616,21697300,26.06999969482422,0.11,0.13,0.74
2020-10-14,86.7882308959961,88.26905102738218,86.68431125967939,87.4896702722102,15204100,26.399999618530277,0.12,0.13,0.73
2020-10-15,88.08718872070312,88.13914523076217,85.76636990610885,85.81832641616788,17171200,26.96999931335449,0.11,0.12,0.74
2020-10-16,87.90532684326172,88.6154277167516,87.22120422258924,87.8187304649103,13275000,27.40999984741211,0.11,0.12,0.76
2020-10-19,86.42452239990234,88.21709484000885,86.21668312649771,87.98327730914899,11725700,29.18000030517578,0.11,0.13,0.78
2020-10-20,86.91810607910156,88.13046848494864,86.70161184850322,86.86614297107984,11257100,29.350000381469727,0.1,0.13,0.81
2020-10-21,86.0521240234375,87.4550023256259,86.01748415578258,86.90943927553921,10730500,28.649999618530277,0.1,0.13,0.83
2020-10-22,89.0916976928711,89.40344989352178,86.00016054215101,86.00882216074663,14837200,28.11000061035156,0.09,0.13,0.87
2020-10-23,89.8970718383789,90.45129659958526,89.13501444344024,89.62862107785466,15087600,27.549999237060547,0.1,0.12,0.85
2020-10-26,87.6715087890625,88.93583440410852,86.81419341721296,88.89253951865194,12410700,32.459999084472656,0.11,0.12,0.81
2020-10-27,86.01750183105469,87.39440216715352,85.87028731843039,87.03935501277253,10391700,33.349998474121094,0.1,0.12,0.79
2020-10-28,83.60142517089844,85.12554662829763,83.19441490043837,84.43276234578512,16389500,40.27999877929688,0.1,0.12,0.79
2020-10-29,84.1469955444336,84.84844150747779,82.47565943101701,83.23772352845947,14208800,37.59000015258789,0.09,0.12,0.85
2020-10-30,84.900390625,85.22945952494229,83.33297428146784,84.78781598717568,15194500,38.02000045776367,0.09,0.13,0.88
2020-11-02,86.81420135498047,87.35976453115316,84.74451668414535,86.06946054547956,15011600,37.130001068115234,0.09,0.13,0.87
2020-11-03,89.55067443847656,90.70241869473918,88.92717001311007,89.21293736900353,17482600,35.54999923706055,0.1,0.14,0.9
2020-11-04,86.81420135498047,88.39027935969341,85.67111188570384,87.46368415813494,18886500,29.56999969482422,0.1,0.12,0.78
2020-11-05,90.36471557617188,91.01419844797984,87.46369340347258,87.51564991901516,17837400,27.57999992370605,0.1,0.12,0.79
2020-11-06,89.16097259521484,91.014162461482,88.66736607208534,90.9535443483566,12552800,24.86000061035156,0.1,0.12,0.83
2020-11-09,95.03230285644531,96.36157721069253,93.99313318202597,96.28796996654083,47792400,25.75,0.11,0.12,0.96
2020-11-10,100.90363311767578,101.70899195990305,99.3189002919666,101.62239558472504,20539300,24.799999237060547,0.1,0.12,0.98
2020-11-11,99.3968505859375,101.28468093020771,98.68674962746232,101.22406279741892,14443400,23.450000762939453,0.1,0.125,0.9299999999999999
2020-11-12,98.17581939697266,98.6867426792372,97.04138498196676,97.44839524784152,22063000,25.350000381469727,0.1,0.13,0.88
2020-11-13,98.79066467285156,99.46612572311406,98.3490145219566,99.32756622209575,11847900,23.100000381469727,0.09,0.12,0.89
2020-11-16,101.5791015625,102.71352928278154,100.21951797934123,102.00342842928868,19858600,22.450000762939453,0.09,0.12,0.91
2020-11-17,100.54859161376952,100.83436561401146,99.22364783958638,99.92508710665268,14553200,22.709999084472656,0.09,0.12,0.87
2020-11-18,99.80384826660156,102.71353148648195,99.76054677427616,101.61373700746567,12571200,23.84000015258789,0.09,0.11,0.88
2020-11-19,100.07229614257812,100.2974520038126,98.340342209439,98.87725030718887,10202500,23.11000061035156,0.07,0.11,0.86
2020-11-20,99.21497344970705,100.1502300900068,98.79930162950288,99.09373721191405,12718900,23.700000762939453,0.07,0.11,0.83
2020-11-23,102.07271575927734,102.33250490632442,100.08096593084736,100.49663781575536,13209200,22.65999984741211,0.08,0.1,0.86
2020-11-24,106.7922821044922,106.94815822691189,103.66610464315512,103.9778568879945,20121600,21.63999938964844,0.09,0.11,0.88
2020-11-25,105.6751708984375,105.97826152317668,104.32424890995422,105.10362952134076,11715600,21.25,0.09,0.11,0.88
2020-11-27,104.97372436523438,105.95227591629236,104.85248812375391,105.6491853125912,5983600,20.84000015258789,0.09,0.11,0.84
2020-11-30,102.08135986328124,104.5407378218193,101.9861018708134,103.91723336453136,14411800,20.56999969482422,0.08,0.11,0.84
2020-12-01,103.69207763671876,105.28547865251528,103.59681964413352,104.21166248280552,12668900,20.770000457763672,0.09,0.12,0.92
2020-12-02,105.68383026123048,105.91764113621304,103.28507035335178,103.65744071490175,10811300,21.170000076293945,0.09,0.11,0.95
2020-12-03,104.99104309082033,105.5539294271376,104.22898575676108,105.51928955646947,12904400,21.280000686645508,0.08,0.1,0.92
2020-12-04,105.94361114501952,106.76629316702284,105.38073144355556,106.0648539897724,13583700,20.790000915527344,0.09,0.11,0.97
2020-12-07,105.54527282714844,105.79640694627558,104.0990928440977,104.9131133263112,9724300,21.299999237060547,0.08,0.1,0.94
2020-12-08,105.64920806884766,105.9349821025542,104.57539829577952,104.81787083096768,9592100,20.68000030517578,0.09,0.1,0.92
2020-12-09,104.82652282714844,106.77497115771342,104.29827630675594,106.66238991465508,13073900,22.270000457763672,0.08,0.1,0.95
2020-12-10,104.15104675292967,104.5926968553428,103.53620390013651,103.90857425964562,13668400,22.520000457763672,0.08,0.1,0.92
2020-12-11,103.53619384765624,103.93454242035811,102.50568585125244,102.9992924094786,9981600,23.309999465942383,0.08,0.1,0.9
2020-12-14,102.44507598876952,105.14691984861308,102.28053825380938,105.07764010685302,12112400,24.71999931335449,0.09,0.1,0.9
2020-12-15,104.19434356689452,104.69661177008288,102.72218543410624,103.30238838940332,12590200,22.88999938964844,0.08,0.09,0.92
2020-12-16,104.49742126464844,104.85247493208536,103.79598215477787,104.17701406970944,11169400,22.5,0.09,0.09,0.92
2020-12-17,103.63146209716795,105.17290004195084,103.5535273414088,105.00836891083264,11618000,21.93000030517578,0.08,0.09,0.94
2020-12-18,103.12052917480467,103.81330671950582,102.41908340443769,103.17248567376546,28954800,21.56999969482422,0.08,0.09,0.95
2020-12-21,106.991455078125,108.24711901595818,104.8611459618367,106.6623796079134,28323600,25.15999984741211,0.09,0.09,0.95
2020-12-22,105.36341094970705,106.96546694065472,105.3114544483737,106.85289231880591,11788200,24.229999542236328,0.09,0.09,0.93
2020-12-23,108.3077392578125,109.56340322021784,105.95228084483036,106.3246512058074,14973200,23.309999465942383,0.09,0.09,0.96
2020-12-24,107.83143615722656,108.7233978765857,107.00876077949124,108.3250427052436,4164900,21.530000686645508,0.09,0.1,0.94
2020-12-28,108.54155731201172,109.6759917092152,108.0652739116448,108.9572291916894,8072600,21.700000762939453,0.11,0.11,0.94
2020-12-29,108.25580596923828,109.35559404878376,108.15188633218716,109.28631429074969,8389200,23.07999992370605,0.1,0.11,0.94
2020-12-30,108.55887603759766,108.98320291293793,108.1605274148668,108.67145066786505,7398000,22.770000457763672,0.08,0.12,0.93
2020-12-31,110.03968811035156,110.26484396183136,108.09124001998477,108.32505088380172,8580200,22.75,0.09,0.1,0.93
2021-01-04,109.0005340576172,110.72382654344568,108.05661563411311,110.41207427576366,16819900,26.96999931335449,0.09,0.1,0.93
2021-01-05,109.59364318847656,110.1605833749792,107.95387731647128,109.01797900248444,13731200,25.34000015258789,0.09,0.1,0.96
2021-01-06,114.73968505859376,115.80378656058689,111.53865655463356,113.28309015545396,24909100,25.06999969482422,0.09,0.11,1.04
2021-01-07,118.50765228271484,120.53119413266288,117.67905206148995,118.3506602300065,21940400,22.3700008392334,0.09,0.11,1.08
2021-01-08,118.63845825195312,118.9262902415642,116.98124497621532,118.59484492463284,12035100,21.559999465942383,0.08,0.1,1.13
2021-01-11,120.4090805053711,120.53990721133162,116.97255706697048,117.38249849087649,15937900,24.07999992370605,0.08,0.1,1.15
2021-01-12,122.30178833007812,123.55777800523482,121.08941199537716,121.62146280752208,18033500,23.32999992370605,0.09,0.11,1.15
2021-01-13,122.4151611328125,122.79892386536793,120.4526809007441,120.88005696690745,14816800,22.209999084472656,0.09,0.12,1.1
2021-01-14,123.13042449951172,124.50852394479858,122.109935917841,122.53732548476708,18565600,23.25,0.09,0.1,1.15
2021-01-15,120.92369079589844,123.54904889344871,119.50197839462342,119.8683065029614,27881000,24.34000015258789,0.09,0.1,1.11
2021-01-19,120.4003677368164,122.72045926590968,120.20849297588036,121.98780298585628,19843800,23.239999771118164,0.09,0.1,1.1
2021-01-20,118.5948715209961,120.5137385731473,118.13259942735264,120.20847183128342,16028800,21.57999992370605,0.08,0.1,1.1
2021-01-21,117.6005630493164,118.76060875179024,117.15573889785554,118.35066728892642,13411700,21.31999969482422,0.09,0.1,1.12
2021-01-22,116.69345092773438,117.22550175262464,115.30663450691206,115.73402395933972,12933200,21.90999984741211,0.08,0.1,1.1
2021-01-25,115.23685455322266,116.15268147895432,113.44009669814476,115.25430255141536,14212800,23.190000534057617,0.09,0.1,1.05
2021-01-26,114.76583862304688,116.15265470897371,114.55650261974998,115.78632668489418,11307800,23.020000457763672,0.07,0.09,1.05
2021-01-27,111.52120971679688,113.25691923409184,111.07637900414969,113.03013522453246,17603900,37.209999084472656,0.08,0.09,1.04
2021-01-28,113.48370361328124,115.28046136661985,112.50682871257423,113.3005329149375,13761800,30.209999084472656,0.07,0.08,1.07
2021-01-29,112.2277374267578,114.88799192675437,111.80907856888255,114.42571972122178,14808100,33.09000015258789,0.06,0.1,1.11
2021-02-01,113.05632781982422,113.4488346051782,112.06200480203697,112.86443975420528,11080700,30.239999771118164,0.07,0.08,1.09
2021-02-02,116.53645324707033,117.21677875310328,114.45186338957492,115.07985821190114,12253600,25.559999465942383,0.07,0.08,1.12
2021-02-03,117.87091827392578,118.41168632275144,116.4492061739122,116.57131551748316,10600800,22.90999984741211,0.04,0.08,1.15
2021-02-04,120.58354949951172,120.94116032688927,118.15879636814157,118.15879636814157,12419500,21.770000457763672,0.04,0.07,1.15
2021-02-05,120.34799194335938,121.66504259370636,119.82467192898694,121.57781593685134,10051300,20.8700008392334,0.03,0.06,1.19
2021-02-08,122.23200988769533,122.37156725385914,120.52246542449576,120.53991342249697,10136400,21.239999771118164,0.05,0.07,1.19
2021-02-09,121.7435302734375,122.09241025915908,120.83642101629204,121.61269029710316,8614800,21.6299991607666,0.04,0.07,1.18
2021-02-10,121.81333923339844,122.86871010352633,121.27255781941692,122.10988862592018,10323200,21.989999771118164,0.05,0.07,1.15
2021-02-11,121.47319793701172,122.58963033671552,120.55737094894675,121.81336072584452,9201000,21.25,0.05,0.07,1.16
2021-02-12,123.2001495361328,123.51414690978528,121.23766927803511,121.2812826122215,8324600,19.96999931335449,0.04,0.06,1.2
2021-02-16,126.1656494140625,126.75004404104564,124.20316947517784,125.20622276262576,12130600,21.459999084472656,0.04,0.08,1.3
2021-02-17,126.55817413330078,126.80239282921238,124.83118195788494,125.55512070252315,10810100,21.5,0.04,0.07,1.29
2021-02-18,126.98555755615234,127.1599975906388,125.07540790256016,125.59874131494104,10587800,22.489999771118164,0.03,0.06,1.29
2021-02-19,129.10507202148438,129.82028031501665,127.2210872875697,127.2210872875697,11969800,22.049999237060547,0.04,0.07,1.34
2021-02-22,130.31744384765625,130.99776942580252,128.03223504849342,128.1020137371397,11488400,23.450000762939453,0.03,0.06,1.37
2021-02-23,131.36407470703125,132.84683498327854,130.4744132177142,132.14906152712638,16234400,23.11000061035156,0.04,0.08,1.37
2021-02-24,133.67543029785156,134.11153702853494,130.9279632181149,130.9279632181149,15061400,21.34000015258789,0.03,0.08,1.38
2021-02-25,131.86123657226562,135.1058720053697,131.346633777872,134.55638652530632,18127700,28.88999938964844,0.04,0.09,1.54
2021-02-26,128.36366271972656,131.59085009648362,127.78799859979136,131.09369530848298,19829200,27.950000762939453,0.04,0.08,1.44
2021-03-01,131.2681427001953,132.03569490307837,129.50626755672417,130.41337712539013,14845500,23.350000381469727,0.05,0.08,1.45
2021-03-02,130.8407440185547,132.38456565981377,130.69246931872738,130.90180535261874,14221700,24.100000381469727,0.04,0.08,1.42
2021-03-03,133.37014770507812,135.17562243467626,131.54722498183045,131.90482234366837,14324100,26.670000076293945,0.05,0.08,1.47
2021-03-04,131.3204803466797,134.65234275952952,129.62838379639877,133.10852092740717,20093900,28.56999969482422,0.04,0.08,1.54
2021-03-05,131.62576293945312,133.87607571631926,129.0614527214214,133.6405743082141,18465100,24.65999984741211,0.04,0.08,1.56
2021-03-08,133.37014770507812,135.59429442874742,131.48616365851686,132.98637169830604,17133300,25.46999931335449,0.05,0.09,1.59
2021-03-09,132.42819213867188,134.53894744807985,130.67504759847006,132.14036005435398,16238800,24.030000686645508,0.05,0.1,1.55
2021-03-10,135.30648803710938,136.20486690078857,132.14906603482623,132.49795942926417,14342200,22.559999465942383,0.04,0.08,1.53
2021-03-11,134.59999084472656,136.1961298039182,133.76266004661483,134.41682015769786,11771500,21.90999984741211,0.04,0.08,1.54
2021-03-12,136.19613647460938,137.48702207279578,135.254157580364,136.81541393269143,12849500,20.690000534057617,0.04,0.09,1.64
2021-03-15,135.51580810546875,136.86774170092568,134.2859971773602,136.3705869233758,12101100,20.030000686645508,0.04,0.08,1.62
2021-03-16,133.89353942871094,134.8442626123489,132.74222410083289,134.39942504407122,12805600,19.790000915527344,0.02,0.07,1.62
2021-03-17,135.2716064453125,136.8328762701881,133.49229652546683,135.4896598492061,13952400,19.229999542236328,0.02,0.07,1.63
2021-03-18,137.50442504882812,141.0281743267799,137.03343571032758,137.46082502981295,21898500,21.57999992370605,0.01,0.08,1.71
2021-03-19,135.31520080566406,136.01297426202373,131.8699601692327,135.6379155393002,54418800,20.950000762939453,0.01,0.07,1.74
2021-03-22,131.67808532714844,134.29472606893358,131.3640879057773,133.27423777670813,19944800,18.8799991607666,0.03,0.06,1.69
2021-03-23,130.36105346679688,132.68113158060393,129.92494665691171,131.11987505714148,17076300,20.299999237060547,0.01,0.08,1.63
2021-03-24,131.37278747558594,133.60565181037424,130.70991003523355,130.8320193876385,13079800,21.200000762939453,0.02,0.07,1.62
2021-03-25,133.05616760253906,133.4224956631225,130.24763916247807,130.8320205907127,15608300,19.809999465942383,0.02,0.07,1.63
2021-03-26,135.2716064453125,135.58560387927628,133.05618971767956,134.582563544935,16754400,18.86000061035156,0.02,0.06,1.67
2021-03-29,133.1695556640625,134.0853825343547,131.7391260040835,132.68111821561928,17570300,20.739999771118164,0.03,0.06,1.73
2021-03-30,134.73953247070312,135.95190865581202,134.21621237657428,134.7220977838104,13184300,19.61000061035156,0.02,0.06,1.73
2021-03-31,132.77703857421875,134.74824932275993,132.68109457044977,133.69286528130098,16736700,19.399999618530277,0.03,0.07,1.74
2021-04-01,134.06796264648438,134.13772802488742,132.18397801543156,132.48924479994716,16561500,17.329999923706055,0.02,0.06,1.69
2021-04-05,134.77857971191406,135.93668879941802,133.88369183954055,135.46291203187323,13508000,17.90999984741211,0.03,0.06,1.73
2021-04-06,133.8310546875,135.3576495515458,133.23446270516737,134.05039233758836,13071600,18.1200008392334,0.02,0.06,1.67
2021-04-07,135.92791748046875,136.19112532911663,133.9275592504365,134.32237771706198,16903500,17.15999984741211,0.02,0.06,1.68
2021-04-08,136.09461975097656,136.43678594687682,133.62926672573258,135.111991370403,12335500,16.950000762939453,0.01,0.05,1.64
2021-04-09,137.11236572265625,137.77914743229562,135.96303845267494,136.70000982448306,12122400,16.690000534057617,0.02,0.06,1.67
2021-04-12,136.82286071777344,137.96341948637908,136.4894765021956,136.4982451911569,12273400,16.90999984741211,0.02,0.06,1.69
2021-04-13,135.19093322753906,136.16479280287132,133.73452820725734,135.76998776147846,16113600,16.649999618530273,0.03,0.06,1.64
2021-04-14,132.66419982910156,134.9628542854535,132.41852932679228,132.89230618237104,19939600,16.989999771118164,0.02,0.06,1.64
2021-04-15,133.50640869140625,133.53272813240804,131.00596808510227,132.6992479303067,17694100,16.56999969482422,0.02,0.06,1.56
2021-04-16,134.4978485107422,135.55943523079884,133.96266411381282,134.9979313870785,13773400,16.25,0.02,0.06,1.59
2021-04-19,133.92759704589844,135.0067481911693,133.55034261997446,134.60316092437262,11900200,17.290000915527344,0.02,0.08,1.61
2021-04-20,130.96212768554688,133.1379534230256,130.41816121069638,133.12918473646477,13716700,18.68000030517578,0.03,0.07,1.58
2021-04-21,132.076416015625,132.13783701263597,128.7863497066861,129.66370072240315,12236700,17.5,0.03,0.07,1.57
2021-04-22,129.29515075683594,131.86579491895148,129.19864165749425,131.80437395241248,15256100,18.709999084472656,0.03,0.06,1.57
2021-04-23,131.769287109375,132.5939988050386,128.69856004774692,129.12845326849802,14041900,17.329999923706055,0.03,0.07,1.58
2021-04-26,132.09390258789062,133.7608767400064,131.93598590771848,132.2869207885283,10799100,17.639999389648438,0.03,0.06,1.58
2021-04-27,132.6992645263672,132.9800231152391,131.69908548129706,132.04125164441825,12821200,17.559999465942383,0.01,0.06,1.63
2021-04-28,133.55908203125,134.13813665729336,132.83087940528182,133.73454947896698,8943700,17.280000686645508,0.01,0.05,1.63
2021-04-29,136.15606689453125,136.2350252501555,134.410134058748,134.7084301048687,12976900,17.610000610351562,0.01,0.05,1.65
2021-04-30,134.9453125,135.54191795276398,134.24342924446398,135.19975170644523,11705100,18.61000061035156,0.01,0.05,1.65
2021-05-03,134.5504913330078,136.41047035952002,134.3487044392825,135.85774857346306,11801100,18.309999465942383,0.04,0.06,1.63
2021-05-04,136.4104766845703,136.55085600293526,133.4801286970724,134.1205909295631,12977700,19.479999542236328,0.02,0.06,1.61
2021-05-05,138.20028686523438,138.86706858191752,135.66474386208077,136.86671004455872,10506700,19.149999618530277,0.02,0.06,1.59
2021-05-06,140.98147583007812,141.09553569668807,137.88442915621852,138.68282144787173,13542400,18.38999938964844,0.02,0.05,1.58
2021-05-07,141.46401977539062,141.6921261187515,137.76159906216986,137.9370665099327,14257800,16.690000534057617,0.02,0.05,1.6
2021-05-10,141.4464569091797,143.6486019728522,141.3587164991532,141.6921139924855,14014300,19.65999984741211,0.02,0.05,1.63
2021-05-11,139.09515380859375,142.4729588660598,138.65647852254918,141.3236317585922,15451700,21.84000015258789,0.01,0.05,1.64
2021-05-12,138.13882446289062,141.06040304223086,137.7703388836007,140.03390463121488,14381700,27.59000015258789,0.02,0.05,1.69
2021-05-13,141.69215393066406,142.5256345116176,138.34066745512558,138.7793428542917,15395000,23.1299991607666,0.02,0.05,1.66
2021-05-14,143.89425659179688,144.28029296961097,142.12201814791476,142.4729530073966,10584000,18.809999465942383,0.01,0.06,1.63
2021-05-17,144.47332763671875,144.63125771261335,143.03447312904086,143.33276913235386,9886800,19.71999931335449,0.02,0.06,1.64
2021-05-18,142.43788146972656,145.20153062519208,142.34137236403018,144.48209667594475,11098100,21.34000015258789,0.02,0.06,1.64
2021-05-19,141.34996032714844,141.41136790975796,139.1829032032472,141.2534512224979,13278900,22.18000030517578,0.01,0.05,1.68
2021-05-20,141.1042938232422,142.00796383963726,139.95496671815567,141.1042938232422,10426000,20.670000076293945,0.01,0.05,1.63
2021-05-21,142.70986938476562,143.2011836393055,141.20082509593067,141.5517600242279,10249000,20.149999618530277,0.01,0.04,1.63
2021-05-24,143.48190307617188,144.0872770977236,142.23606690147864,143.32398640305766,9440300,18.399999618530277,0.02,0.04,1.61
2021-05-25,141.99917602539062,145.37696723354674,141.74473689739398,143.75387692956693,12609100,18.84000015258789,0.02,0.04,1.56
2021-05-26,141.98165893554688,143.657401909352,141.5254328438321,143.5082539036067,13058300,17.360000610351562,0.02,0.04,1.58
2021-05-27,144.1925811767578,144.54351607330236,142.63089812871073,143.8416328929051,15707500,16.739999771118164,0.02,0.04,1.61
2021-05-28,144.0960693359375,144.71021208688285,143.2362560973061,144.48209235988318,10291300,16.760000228881836,0.01,0.05,1.58
2021-06-01,145.68405151367188,146.4385734704176,145.18395530856208,145.5261214641034,9445400,17.899999618530273,0.02,0.04,1.62
2021-06-02,145.69284057617188,146.90358870541354,145.2278458225111,146.74565863375648,10498600,17.479999542236328,0.02,0.05,1.59
2021-06-03,145.78936767578125,146.7369080607674,144.4645729067418,145.12258594737304,13354400,18.040000915527344,0.02,0.04,1.63
2021-06-04,146.02622985839844,146.22801673945722,144.789162351524,145.82444297733966,8510800,16.420000076293945,0.02,0.05,1.56
2021-06-07,145.34190368652344,146.60529069316695,144.88567762583378,146.51755027819704,7267200,16.420000076293945,0.02,0.05,1.57
2021-06-08,144.7628173828125,145.42959887375207,143.1484958443452,144.31537349396808,10370700,17.06999969482422,0.02,0.05,1.53
2021-06-09,142.95553588867188,144.07854379765377,142.37648117042207,144.00835412992862,12377400,17.889999389648438,0.03,0.05,1.5
2021-06-10,140.72702026367188,144.97340702152871,140.64806192858512,144.20133426786262,12119400,16.100000381469727,0.03,0.05,1.45
2021-06-11,140.63052368164062,141.4289159513702,139.55138617752195,140.7533522318061,13683800,15.649999618530272,0.03,0.05,1.47
2021-06-14,138.244140625,140.66562346432084,137.44574836513888,140.50769339474135,19917900,16.389999389648438,0.03,0.05,1.51
2021-06-15,136.1472625732422,137.67385746909093,135.22605513352613,137.48083926200746,24485500,17.020000457763672,0.03,0.08,1.51
2021-06-16,137.1035614013672,138.2879765009441,134.33113070915846,135.75243418357306,25321200,18.149999618530277,0.04,0.08,1.57
2021-06-17,133.146728515625,138.14763788130867,132.6992845079548,137.83179111492137,29722400,17.75,0.04,0.08,1.52
2021-06-18,129.77772521972656,131.3394085305065,129.46187840477612,130.98847357492173,43595700,20.700000762939453,0.05,0.09,1.45
2021-06-21,131.9798583984375,132.6554221808849,130.74280409494676,130.79544299458777,18664800,17.889999389648438,0.05,0.09,1.5
2021-06-22,131.78684997558594,132.4536316650738,130.42695376019716,132.1290162012494,14251200,16.65999984741211,0.04,0.09,1.48
2021-06-23,132.585205078125,133.39236594261897,131.68153512182707,131.77804421363103,12733300,16.31999969482422,0.05,0.08,1.5
2021-06-24,133.80471801757812,134.3399023503989,132.67294177921602,133.2870844429515,13733200,15.970000267028809,0.05,0.08,1.49
2021-06-25,135.15586853027344,135.55067364011308,133.06776972683014,133.87493070772467,15484900,15.619999885559082,0.06,0.09,1.54
2021-06-28,135.4014892578125,135.5330864632982,133.46253897739354,134.8487542201632,14125800,15.760000228881836,0.05,0.08,1.49
2021-06-29,135.23477172851562,137.13862023111477,134.7697771507395,135.98929350539248,14528700,16.020000457763672,0.04,0.08,1.49
2021-06-30,136.46311950683594,136.93689637311638,134.85757953585502,134.89266767280108,12531000,15.829999923706056,0.05,0.07,1.45
2021-07-01,137.814208984375,137.8668478689065,136.35780403824558,137.0947751962971,10479400,15.479999542236328,0.05,0.09,1.48
2021-07-02,137.681884765625,137.93779019006493,136.8788916212101,137.61129063007104,11424000,15.06999969482422,0.05,0.08,1.44
2021-07-06,135.36997985839844,137.46127888466538,134.43463115406732,137.46127888466538,15083400,16.440000534057617,0.05,0.07,1.37
2021-07-07,135.52879333496094,136.13765589444844,133.7286902353244,134.13458963201415,12271800,16.200000762939453,0.05,0.08,1.33
2021-07-08,133.19039916992188,134.59342185109995,132.39622548031969,133.7816097312148,17834600,19.0,0.06,0.07,1.3
2021-07-09,137.4524383544922,137.7877436054317,134.6375599960046,135.05229204995146,13694500,16.18000030517578,0.06,0.08,1.37
2021-07-12,139.42022705078125,140.4438218226232,135.83765881378912,136.19944871039002,19940400,16.170000076293945,0.05,0.08,1.38
2021-07-13,137.3465576171875,138.88194967688793,135.4493891484468,137.6995282734453,22671700,17.1200008392334,0.05,0.08,1.42
2021-07-14,136.87887573242188,138.784876777768,134.96405547032572,137.61127465626654,14622800,16.329999923706055,0.06,0.08,1.37
2021-07-15,137.17886352539062,138.12303108732175,135.6258201121969,135.80229864611914,11539300,17.010000228881836,0.05,0.07,1.31
2021-07-16,134.04635620117188,137.90246776693053,133.26101506281606,137.6201047273012,14002700,18.450000762939453,0.05,0.08,1.31
2021-07-19,129.687255859375,132.2021192170501,128.5754287611085,131.08145943847524,22172900,22.5,0.05,0.07,1.19
2021-07-20,132.1050567626953,133.34923944723272,129.12251907731843,129.2901784332825,15385200,19.729999542236328,0.05,0.08,1.23
2021-07-21,134.88467407226562,135.5817693653039,133.5610641658118,134.16992687709356,12356700,17.90999984741211,0.05,0.07,1.3
2021-07-22,133.1815948486328,135.39644358575345,132.33449222335798,134.9022981436009,9913300,17.690000534057617,0.05,0.07,1.27
2021-07-23,132.92567443847656,134.86696545874045,132.58153654608637,133.66689244293994,9666100,17.200000762939453,0.05,0.07,1.3
2021-07-26,133.81690979003906,134.09046705273036,132.51095223822455,132.5286041342421,8208000,17.579999923706055,0.05,0.08,1.29
2021-07-27,133.64044189453125,134.55815205840102,132.1844767714365,132.71391251417427,11218700,19.36000061035156,0.05,0.07,1.25
2021-07-28,133.8610382080078,134.8052194485583,133.137472015464,134.38165471372804,9217300,18.309999465942383,0.05,0.07,1.26
2021-07-29,135.0081787109375,135.77586796753158,134.0463589698904,135.13171506791187,9063500,17.700000762939453,0.06,0.08,1.28
2021-07-30,133.93161010742188,135.59935726378953,133.41981290276277,134.6375377505534,9805200,18.239999771118164,0.06,0.07,1.24
2021-08-02,133.3933563232422,136.2876478573174,133.3051237735218,134.15222626598455,10203200,19.459999084472656,0.05,0.07,1.2
2021-08-03,134.9111328125,135.29057461904614,131.93742713752215,134.0816685262622,10394800,18.040000915527344,0.05,0.07,1.19
2021-08-04,133.45518493652344,135.33470192186084,133.16398912990343,133.46400415570946,10155000,17.969999313354492,0.05,0.07,1.19
2021-08-05,135.1405487060547,135.61705575127223,134.1346058449287,134.37285936753747,9151500,17.280000686645508,0.05,0.08,1.23
2021-08-06,138.97900390625,139.26138040886983,136.87005321094915,136.94064733660412,13328800,16.149999618530273,0.06,0.09,1.31
2021-08-09,138.82899475097656,139.90553159133748,137.5671466499672,138.99665411431266,9516900,16.719999313354492,0.06,0.08,1.33
2021-08-10,140.53204345703125,141.16737716497397,137.92894717656085,138.3083889436853,8667000,16.790000915527344,0.05,0.08,1.36
2021-08-11,142.20858764648438,142.50860252559653,140.3731811189656,141.18499321421328,9156500,16.170000076293945,0.05,0.08,1.35
2021-08-12,142.7644805908203,143.27627775744608,141.67030561650557,142.84390737480194,8844200,15.59000015258789,0.06,0.09,1.36
2021-08-13,141.1673583984375,143.0910111652187,140.80558204254052,142.7645116730848,8980900,15.449999809265137,0.06,0.08,1.29
2021-08-16,140.24082946777344,140.32907548523525,138.34366127241137,140.24966214819074,8755800,16.1200008392334,0.06,0.08,1.26
2021-08-17,138.54661560058594,140.17907272720126,137.01123717510467,139.0407744647082,9347200,17.90999984741211,0.07,0.07,1.26
2021-08-18,137.28480529785156,139.42904663635017,137.07302289001214,137.92895827473794,8065500,21.56999969482422,0.07,0.07,1.27
2021-08-19,136.13763427734375,137.26711319275807,135.0169745771691,135.14934359246888,9517700,21.670000076293945,0.06,0.06,1.24
2021-08-20,136.52589416503906,136.6847208248782,135.14934258863053,136.19940816573595,6974100,18.559999465942383,0.05,0.06,1.26
2021-08-23,138.27308654785156,138.61722452110422,136.98478068468157,137.06419403286594,7934600,17.149999618530273,0.05,0.07,1.25
2021-08-24,139.12899780273438,139.90551964474028,138.42307007949734,138.53778720555314,7670900,17.219999313354492,0.05,0.06,1.29
2021-08-25,141.99684143066406,142.7557115008101,139.24373767127554,139.87023869794103,11335000,16.790000915527344,0.06,0.07,1.35
2021-08-26,142.72921752929688,144.5646242297973,142.1997683690645,143.17923989037837,11027500,18.84000015258789,0.05,0.07,1.34
2021-08-27,143.8763885498047,143.97345380745224,142.29687330849004,142.72925735882112,8780200,16.389999389648438,0.05,0.07,1.31
2021-08-30,141.57327270507812,144.2646146848037,141.07912731820102,144.01754199136514,7937600,16.190000534057617,0.05,0.08,1.29
2021-08-31,141.1409149169922,142.39393051292402,140.61147910341143,141.5732989428694,12340800,16.479999542236328,0.04,0.07,1.3
2021-09-01,140.93797302246094,141.85566989564083,140.2761681203887,141.3791762905091,8729900,16.110000610351562,0.05,0.07,1.31
2021-09-02,141.5909423828125,142.60570439655254,140.6820513681176,141.20268139737863,8813300,16.40999984741211,0.05,0.07,1.29
2021-09-03,140.73501586914062,141.9703795687605,140.43498742970053,141.52917632397418,7959700,16.40999984741211,0.05,0.08,1.33
2021-09-07,140.48794555664062,142.40276605636393,140.2673439304358,141.1762215532433,9285600,18.13999938964844,0.05,0.08,1.38
2021-09-08,139.86143493652344,140.81443560419146,139.45552200856193,140.20557294447673,7852700,17.959999084472656,0.05,0.08,1.35
2021-09-09,140.47027587890625,141.9174218250843,139.4908042439383,139.65846361294814,7904300,18.799999237060547,0.04,0.07,1.3
2021-09-10,138.85548400878906,141.82037031541444,138.73194764036526,141.67918204737174,8311600,20.950000762939453,0.05,0.08,1.35
2021-09-13,141.06149291992188,141.22915229650678,139.48199132918947,139.8878907482811,10052800,19.3700008392334,0.06,0.07,1.33
2021-09-14,138.5995635986328,142.36742879420936,137.88480318758363,141.582087728084,11685600,19.459999084472656,0.04,0.07,1.28
2021-09-15,139.56141662597656,140.02909099835918,138.07014747219037,138.2907490993314,11691500,18.18000030517578,0.04,0.07,1.31
2021-09-16,139.49961853027344,141.93506870652368,138.73192930399588,140.66440139099356,10880900,18.690000534057617,0.04,0.07,1.34
2021-09-17,139.13783264160156,140.311434752066,138.5378027613687,138.87312149705937,25581600,20.809999465942383,0.04,0.07,1.37
2021-09-20,134.972900390625,136.38474267247824,132.79335531940697,135.79353194974257,15819900,25.709999084472656,0.04,0.07,1.31
2021-09-21,134.99057006835938,136.37595501820113,134.6376127823201,135.4758964350064,8999900,24.36000061035156,0.03,0.07,1.33
2021-09-22,137.5760040283203,138.75842553591713,136.86125690006335,136.94948947355948,11236200,20.8700008392334,0.03,0.08,1.32
2021-09-23,142.22625732421875,142.6939451042889,139.1290157023009,139.42021143051676,12336100,18.6299991607666,0.03,0.08,1.41
2021-09-24,143.86749267578125,144.35281875084775,141.90856341137987,142.45565091539157,10102400,17.75,0.03,0.08,1.47
2021-09-27,147.34422302246094,147.71483211012122,145.2529240762158,145.59706204793278,13220900,18.76000022888184,0.04,0.09,1.48
2021-09-28,146.550048828125,149.39139836399926,146.17943977533085,147.97954281239566,13387900,23.25,0.04,0.09,1.54
2021-09-29,146.43531799316406,147.27360125780172,145.63232505501117,146.6647522408941,7777100,22.559999465942383,0.04,0.09,1.55
2021-09-30,144.4410858154297,147.35302922602833,143.6469120864748,147.2912543236252,13161200,23.13999938964844,0.04,0.09,1.52
2021-10-01,147.47654724121094,148.50896084256024,144.36165454374816,144.7146116253472,11285000,21.100000381469727,0.04,0.09,1.48
2021-10-04,147.3177490234375,150.39735227429443,146.2412121146315,147.33540092187218,14120000,22.959999084472656,0.04,0.09,1.49
2021-10-05,149.72349548339844,151.0373228806252,147.9569202907132,148.43629871583514,12292900,21.299999237060547,0.04,0.09,1.54
2021-10-06,150.0430145263672,150.11403402462565,147.36208603584308,149.12866049786382,8692600,21.0,0.04,0.1,1.53
2021-10-07,150.99288940429688,152.2534551700338,150.50463876196562,151.9782630476978,10195400,19.540000915527344,0.05,0.1,1.58
2021-10-08,151.1082763671875,152.10252222833302,150.29157247473455,150.93073439849493,8190100,18.770000457763672,0.05,0.09,1.61
2021-10-11,147.93028259277344,152.05819254045156,147.77049882242736,151.62321657967215,12154700,20.0,0.055,0.095,1.6
2021-10-12,146.79397583007812,147.97464984992072,146.2702221541923,147.14018749412315,13032600,19.850000381469727,0.06,0.1,1.59
2021-10-13,142.92349243164062,146.83835656223067,142.5684084276848,145.64881024883354,22753500,18.63999938964844,0.05,0.11,1.56
2021-10-14,145.11622619628906,145.5955911395188,142.0890844634598,143.5893400132734,15176800,16.860000610351562,0.05,0.1,1.52
2021-10-15,147.9036407470703,148.4007638334521,145.71096220524572,146.78511380271135,14267400,16.299999237060547,0.05,0.12,1.59
2021-10-18,147.85037231445312,149.67908081294712,147.28222973680852,147.7882251588793,12672900,16.309999465942383,0.06,0.11,1.59
2021-10-19,149.64356994628906,149.71457591236566,147.87699515082716,148.60492144060018,8053900,15.699999809265137,0.05,0.11,1.65
2021-10-20,151.65872192382812,151.68535255263262,148.65822486527424,149.40390956297952,8185600,15.489999771118164,0.05,0.1,1.65
2021-10-21,150.46917724609375,152.09371335156658,149.7412372613683,151.58770430673212,8415200,15.010000228881836,0.06,0.12,1.68
2021-10-22,152.49317932128906,152.76837150680382,150.64671236084186,150.9396628134963,8817900,15.43000030517578,0.06,0.13,1.66
2021-10-25,151.7474822998047,153.54068785849694,151.33912346235658,153.31875694687224,10159200,15.239999771118164,0.06,0.14,1.64
2021-10-26,152.1558380126953,153.12346714829795,151.3923950825952,151.8007539480115,8015100,15.979999542236328,0.06,0.14,1.63
2021-10-27,148.9866485595703,151.53441087397778,148.55165913333065,151.19708512796691,9847000,16.979999542236328,0.06,0.12,1.54
2021-10-28,151.23260498046875,151.3657581127488,149.10207359045828,149.40389638735192,7212900,16.530000686645508,0.06,0.15,1.57
2021-10-29,150.8153839111328,152.9015400943602,150.37152204624095,151.96054156249457,8140100,16.260000228881836,0.05,0.15,1.55
2021-11-01,150.7354736328125,152.98141331145612,150.0341643863311,152.7239658757041,7435500,16.40999984741211,0.05,0.15,1.58
2021-11-02,151.3302459716797,152.413269867337,149.95427165713926,150.73547277416088,7173800,16.030000686645508,0.05,0.15,1.56
2021-11-03,151.38351440429688,151.91615401764597,150.15845142094682,151.02843035912286,8402700,15.100000381469728,0.05,0.17,1.6
2021-11-04,149.39500427246094,151.09055966282864,147.79711256915726,150.91301764530465,9574200,15.4399995803833,0.04,0.14,1.53
2021-11-05,149.18197631835938,150.992926777002,148.61383367000195,149.93653336546495,7975600,16.479999542236328,0.05,0.14,1.45
2021-11-08,150.07855224609375,151.72971871249374,149.7944877328828,150.06967988635157,6413700,17.219999313354492,0.06,0.16,1.51
2021-11-09,148.9423065185547,149.55483814255155,147.8947988770923,148.56059176481224,7990300,17.780000686645508,0.04,0.14,1.46
2021-11-10,148.80023193359375,149.9809059981329,148.3297394888901,148.6493205405367,6999200,18.729999542236328,0.05,0.17,1.56
2021-11-11,148.79136657714844,149.74122387123737,148.16107680416025,148.71147469687327,5815300,17.65999984741211,0.05,0.17,1.57
2021-11-12,148.1255645751953,148.90676569960334,147.11356018475198,148.8268602787252,8113400,16.290000915527344,0.05,0.17,1.58
2021-11-15,147.8592529296875,148.95114925561447,147.3621298396911,148.43628144496697,6492500,16.489999771118164,0.05,0.18,1.63
2021-11-16,146.79397583007812,148.31198915432927,146.58091728851684,148.30310324910553,9706100,16.3700008392334,0.05,0.17,1.63
2021-11-17,146.00390625,146.97152175403755,145.04516310583514,146.66082661144287,9909600,17.110000610351562,0.05,0.18,1.6
2021-11-18,144.7433319091797,146.34123705656822,144.30834248012798,145.93287825117406,8122500,17.59000015258789,0.05,0.18,1.59
2021-11-19,142.8524932861328,143.90888663503773,141.54753838990771,143.18983261989092,12193600,17.90999984741211,0.05,0.18,1.54
2021-11-22,145.8974151611328,147.3443957759963,144.6901102247224,145.728745468124,14549900,19.170000076293945,0.05,0.2,1.63
2021-11-23,149.38612365722656,149.6346851771418,146.80284477640728,146.91825317693468,12354400,19.3799991607666,0.06,0.21,1.67
2021-11-24,148.21432495117188,150.4158754893731,147.75270492772154,149.54591023199765,9629800,18.57999992370605,0.06,0.24,1.64
2021-11-26,143.74911499023438,144.38827723904143,140.98830685004748,143.93554295679928,13619300,28.6200008392334,0.06,0.2,1.48
2021-11-29,143.12770080566406,146.27912292385244,141.87602057445622,144.97416788771696,12104400,22.959999084472656,0.06,0.21,1.52
2021-11-30,140.99716186523438,142.59506729066257,140.51778346481132,141.29011232202862,18922600,27.190000534057617,0.05,0.24,1.43
2021-12-01,140.16273498535156,144.9386942071171,140.0828430801886,142.92355703258735,12253400,31.1200008392334,0.06,0.25,1.43
2021-12-02,143.10997009277344,144.92092081549188,140.97055232933332,141.8849068257164,12969900,27.950000762939453,0.05,0.27,1.44
2021-12-03,140.5177764892578,143.6603259275297,139.54128856067402,143.367375485278,12681800,30.670000076293945,0.06,0.26,1.35
2021-12-06,142.1778106689453,144.35273071316283,141.55640687710985,142.93236757846455,11186500,27.18000030517578,0.05,0.28,1.43
2021-12-07,144.31719970703125,145.04512585166623,143.06550646150865,143.70466839345278,9851600,21.88999938964844,0.06,0.31,1.48
2021-12-08,142.6660919189453,144.93866258504497,142.18671350137106,144.3971505477642,11705700,19.899999618530277,0.07,0.29,1.52
2021-12-09,142.44415283203125,142.8613705148597,140.8373615345152,141.72508524679222,11189600,21.57999992370605,0.06,0.28,1.49
2021-12-10,141.87600708007812,143.5449184114819,141.26347556477396,143.20759261923024,10405400,18.690000534057617,0.06,0.27,1.48
2021-12-13,140.18936157226562,141.84940098881447,139.6212187981917,141.59196700885894,12069000,20.309999465942383,0.05,0.27,1.42
2021-12-14,141.26345825195312,142.82584688333145,139.63892246781506,139.772075587176,12563600,21.88999938964844,0.05,0.26,1.44
2021-12-15,140.20706176757812,141.90261702457528,139.68330811612452,141.90261702457528,14014200,19.290000915527344,0.05,0.29,1.47
2021-12-16,142.39974975585938,143.6514433164565,140.8817363989839,142.38199149061748,19542800,20.56999969482422,0.05,0.26,1.44
2021-12-17,139.15956115722656,141.4854064425323,137.75695609763275,141.4321451882775,28082000,21.56999969482422,0.05,0.27,1.41
2021-12-20,136.6561737060547,137.33083876838214,134.79194872025192,137.16216911640348,15148000,22.8700008392334,0.07,0.27,1.43
2021-12-21,138.5647735595703,139.5323890332335,137.67704995901607,137.96112801307527,11291300,21.01000022888184,0.07,0.29,1.48
2021-12-22,139.10629272460938,139.42587377923533,137.81022378599536,138.26295796938717,7273000,18.6299991607666,0.08,0.28,1.46
2021-12-23,139.6034393310547,141.25460613401202,139.5590639777114,139.9141480779987,8055200,17.959999084472656,0.07,0.31,1.5
2021-12-27,140.4023895263672,140.43789251579588,138.7867258227818,139.9052664008299,6188100,17.68000030517578,0.06,0.33,1.48
2021-12-28,140.82850646972656,142.1689645634819,140.33138329709124,140.43790582105865,6342300,17.540000915527344,0.06,0.39,1.49
2021-12-29,140.75746154785156,141.70733236718596,140.39349159583065,141.01490899512024,6398900,16.950000762939453,0.05,0.38,1.55
2021-12-30,140.6864471435547,142.2488495131852,140.58879699545278,141.24571740501003,6948200,17.329999923706055,0.05,0.38,1.52
2021-12-31,140.57102966308594,141.40547842240093,140.2248180201573,140.6597938907987,5805900,17.219999313354492,0.06,0.39,1.52
2022-01-03,143.54490661621094,144.37936898613825,141.6007897215053,141.9114984066782,13120900,16.600000381469727,0.08,0.4,1.63
2022-01-04,148.9866485595703,149.65244123787917,145.79083828545313,145.8618577966098,20195800,16.90999984741211,0.08,0.38,1.66
2022-01-05,146.2628631591797,150.35300961220935,146.21820819782113,149.87077145916754,17539400,19.729999542236328,0.09,0.41,1.71
2022-01-06,147.81678771972656,149.46891251987,146.3432555378449,149.0581195189452,14047500,19.61000061035156,0.1,0.45,1.73
2022-01-07,149.2813720703125,149.61179428581275,147.40597253919904,147.9507304123867,13913300,18.76000022888184,0.1,0.43,1.76
2022-01-10,149.4242401123047,151.20139027717534,147.82568252856515,150.98706827839385,12922500,19.399999618530277,0.13,0.46,1.78
2022-01-11,149.57611083984375,150.4959460928392,148.5223106617765,150.2637456734288,11854100,18.40999984741211,0.11,0.46,1.75
2022-01-12,150.42446899414062,151.45146506821953,149.29922381974978,150.442333705723,12568000,17.6200008392334,0.12,0.48,1.74
2022-01-13,150.23690795898438,151.64792023798148,149.93327602758498,150.3351434222937,13623400,20.309999465942383,0.12,0.47,1.7
2022-01-14,142.66388702392578,145.38320636755148,142.18610485999744,143.56588779923814,40158400,19.190000534057617,0.13,0.51,1.78
2022-01-18,135.0908660888672,139.11849249712148,134.43893369240988,139.11849249712148,32324800,22.790000915527344,0.16,0.58,1.87
2022-01-19,133.0011749267578,135.9482259220611,132.6618271194621,135.35882662442782,22380000,23.850000381469727,0.17,0.57,1.83
2022-01-20,131.8669891357422,134.50146838453384,131.59907298928616,133.054740271165,14860800,25.59000015258789,0.17,0.6,1.83
2022-01-21,129.56298828125,131.73308139265205,128.83962391078265,131.72415584705158,20705400,28.850000381469727,0.17,0.58,1.75
2022-01-24,129.4468536376953,129.92016633763484,124.64228141213016,127.0624254247593,28471400,29.899999618530277,0.19,0.58,1.75
2022-01-25,130.8578643798828,131.14364528059966,125.73178189423707,128.2858907805646,18915900,31.15999984741211,0.19,0.65,1.78
2022-01-26,132.0991973876953,134.46577450245326,130.34883704894756,132.813636019071,20709100,31.959999084472656,0.19,0.7,1.85
2022-01-27,129.76837158203125,134.2961164407946,128.71458498380966,133.43878721321596,17536800,30.489999771118164,0.2,0.75,1.81
2022-01-28,130.92929077148438,131.06324203268753,126.9641699184944,128.7681241211247,14117000,27.65999984741211,0.19,0.75,1.78
2022-01-31,132.70645141601562,132.87611846705255,129.1967785653274,130.06303303761217,13985700,24.82999992370605,0.22,0.78,1.79
2022-02-01,134.98374938964844,135.26953033704814,132.43857925744965,132.78686627035202,14584900,21.959999084472656,0.19,0.78,1.81
2022-02-02,133.9031524658203,134.79619735234516,132.2331628885896,134.40325542198886,12441100,22.09000015258789,0.19,0.76,1.78
2022-02-03,132.79579162597656,135.4302717071859,132.42963989768626,133.95675287626128,12474900,24.350000381469727,0.2,0.78,1.82
2022-02-04,136.24288940429688,137.0823535542297,132.858256182031,133.15296255126995,16654400,23.21999931335449,0.23,0.89,1.93
2022-02-07,136.69834899902344,137.1895126474918,134.71578881658905,136.876955200901,12572300,22.86000061035156,0.27,0.88,1.92
2022-02-08,139.27035522460938,141.52975782547924,138.2433589975901,138.42196525966506,20411400,21.440000534057617,0.25,0.91,1.96
2022-02-09,139.85081481933594,140.59202997831702,139.15424099691444,139.84187565059872,9131100,19.959999084472656,0.26,0.91,1.94
2022-02-10,139.27035522460938,142.02093526627365,138.6184362359828,139.90442312577747,16455600,23.90999984741211,0.4,1.14,2.03
2022-02-11,137.4574737548828,141.27077941494915,136.60908379819318,138.96672186428253,16830000,27.36000061035156,0.36,1.07,1.92
2022-02-14,136.18040466308594,137.24311651458467,134.2424991078371,136.394726691121,17026500,28.32999992370605,0.43,1.13,1.98
2022-02-15,138.17190551757812,139.26142136600333,137.39496082920968,137.98436009618737,9500000,25.700000762939453,0.4,1.11,2.05
2022-02-16,138.42193603515625,139.4042907093441,137.29670455754405,137.29670455754405,9076500,24.290000915527344,0.38,1.09,2.03
2022-02-17,135.2337646484375,137.28777037013128,134.55505552050664,136.63585149548837,11367500,28.11000061035156,0.36,1.05,1.97
2022-02-18,135.86785888671875,137.65394879643074,134.96588838795665,135.85893334281263,11733300,27.75,0.35,1.03,1.92
2022-02-22,135.62672424316406,136.8502050191361,134.32288632361673,134.49256703445266,11333500,28.809999465942383,0.37,1.17,1.94
2022-02-23,132.78680419921875,136.9037403640847,132.14381099492192,136.7429852496209,11799000,31.020000457763672,0.34,1.16,1.99
2022-02-24,129.08963012695312,135.4882980175733,130.77748524299022,133.2288883913086,25655100,30.31999969482422,0.32,1.08,1.96
2022-02-25,132.1438751220703,134.0728556710619,129.4111594910585,129.7147915329963,18367700,27.59000015258789,0.33,1.13,1.97
2022-02-28,126.6337432861328,129.5450641507888,125.81214378371666,128.1965715370592,31315300,30.149999618530277,0.35,1.01,1.83
2022-03-01,121.85596466064452,125.4549342452222,119.2929303521214,125.06199233866478,36840400,33.31999969482422,0.32,0.91,1.72
2022-03-02,124.38327026367188,125.06197936024844,121.99884244372564,122.6061063259076,19405600,30.739999771118164,0.34,1.06,1.86
2022-03-03,123.49915313720705,125.9014457077426,122.40071190437568,124.88337523241027,16640800,30.479999542236328,0.38,1.08,1.86
2022-03-04,120.02519989013672,120.93610928188276,118.23911052494552,120.5074516497354,21016000,31.979999542236328,0.34,1.05,1.74
2022-03-07,115.39032745361328,118.49811961886832,115.15812707873792,118.03373249590018,27560100,36.45000076293945,0.38,1.07,1.78
2022-03-08,114.57766723632812,117.69438532066783,113.65782523524322,115.77434417201609,19207800,35.130001068115234,0.36,1.12,1.86
2022-03-09,119.16790008544922,120.7753834480156,118.27485528699926,118.6856482632882,17536200,32.45000076293945,0.38,1.15,1.94
2022-03-10,117.75686645507812,119.1768041583876,116.38158370900312,117.75686645507812,15604200,30.229999542236328,0.39,1.19,1.98
2022-03-11,115.10454559326172,119.73945036069834,114.6848134403135,118.31951237610286,20061800,30.75,0.4,1.22,2.0
2022-03-14,116.24763488769533,118.70350798009756,115.40817063218913,115.6135807384728,15786900,31.770000457763672,0.45,1.28,2.14
2022-03-15,118.3105697631836,119.26613422771946,117.10496747479614,117.7033058478682,15096600,29.82999992370605,0.46,1.28,2.15
2022-03-16,123.59740447998048,123.67778887458547,120.05201525815532,120.44495718099488,20354900,26.670000076293945,0.44,1.35,2.19
2022-03-17,125.16020965576172,125.19593907487352,121.38263437814308,122.22209857912073,17050500,25.670000076293945,0.4,1.3,2.2
2022-03-18,125.1156005859375,125.78538428580488,123.65100744063224,125.19597135949336,23656500,23.8700008392334,0.42,1.29,2.14
2022-03-21,124.71369171142578,125.7049719117063,123.8920921909706,125.3388339269467,12676100,23.530000686645508,0.54,1.4,2.32
2022-03-22,127.36603546142578,128.5359218813849,126.56230065242858,127.05347798094074,13548600,22.940000534057617,0.51,1.59,2.38
2022-03-23,124.82980346679688,126.44621240575664,124.31183583757078,125.90145452215526,12093200,23.56999969482422,0.5,1.52,2.32
2022-03-24,125.64246368408205,125.66032839395896,124.2314513929866,125.2941767887774,10017600,21.670000076293945,0.52,1.55,2.34
2022-03-25,126.74092864990234,127.86616030118844,125.74072273764804,125.99969975893404,8383500,20.809999465942383,0.55,1.67,2.48
2022-03-28,125.80323028564452,125.89254022606217,123.15088585128902,125.02628558578937,10818100,19.6299991607666,0.59,1.69,2.46
2022-03-29,126.0800552368164,128.24123559148097,125.24060459186248,128.01797439694622,11316500,18.899999618530277,0.55,1.67,2.41
2022-03-30,125.50853729248048,126.91955001632044,124.94592821322968,126.72307902776136,8771000,19.32999992370605,0.55,1.64,2.35
2022-03-31,121.73988342285156,125.33885316482775,121.68628928406396,124.8744660161518,17353900,20.559999465942383,0.52,1.63,2.32
2022-04-01,120.837890625,122.71329016994912,119.48939787240516,122.70435100074064,15721300,19.6299991607666,0.53,1.72,2.39
2022-04-04,121.37372589111328,122.2935609741684,118.6767266940052,119.77516801737328,17416400,18.56999969482422,0.66,1.72,2.42
2022-04-05,119.96126556396484,121.81457230593722,119.66437462066956,120.61803055722018,12110300,21.030000686645508,0.65,1.77,2.54
2022-04-06,118.29689025878906,119.25952413706122,117.82006917115868,118.37785676926424,12914700,22.100000381469727,0.67,1.79,2.61
2022-04-07,117.93701171875,118.68373487391258,115.81380302689928,117.81105924244488,12994200,21.549999237060547,0.68,1.78,2.66
2022-04-08,120.0962142944336,120.46506629171596,118.2968853656385,118.45881837989072,13126900,21.15999984741211,0.7,1.81,2.72
2022-04-11,119.65536499023438,121.36472185612202,119.26851588825144,119.65536499023438,10466400,24.3700008392334,0.77,1.85,2.79
2022-04-12,118.3418426513672,121.07682996506873,117.58612789144514,118.88164675290496,12989900,24.26000022888184,0.74,1.77,2.72
2022-04-13,114.52728271484376,116.28162557761348,113.36671479643655,114.20340297650245,30838000,21.81999969482422,0.75,1.78,2.7
2022-04-14,113.4656753540039,115.42694399903974,112.47603903374691,113.80754535125068,18835200,22.700000762939453,0.79,1.84,2.83
2022-04-18,115.57088470458984,116.2726217766782,112.94385967096716,113.06081356168386,11834400,22.170000076293945,0.81,1.84,2.85
2022-04-19,117.96399688720705,118.14394075729756,115.36396720676184,115.56189448162948,15015400,21.3700008392334,0.81,1.94,2.93
2022-04-20,118.37784576416016,120.11419150150812,118.1619213618425,119.22353251350066,13430200,20.31999969482422,0.82,1.93,2.85
2022-04-21,117.46018981933594,119.48443485637264,116.92039937946696,118.95363611910822,12174200,22.68000030517578,0.83,2.01,2.9
2022-04-22,114.0864486694336,117.42420987654418,113.97849332647044,117.20828546282758,14318800,28.209999084472656,0.83,2.06,2.9
2022-04-25,114.05046081542967,114.36534886821212,110.75769245408728,113.3667207663873,17149000,27.020000457763672,0.91,2.03,2.81
2022-04-26,110.67670440673828,113.72657284294048,110.5417602464634,112.13416311275483,17209500,33.52000045776367,0.83,1.99,2.77
2022-04-27,109.23727416992188,111.1625558663128,109.05734399533992,110.055972251231,17215200,31.600000381469727,0.82,1.97,2.82
2022-04-28,110.96461486816406,111.24351552742804,108.98535573632448,110.4877937868324,13015600,29.989999771118164,0.82,2.04,2.85
2022-04-29,107.3839340209961,111.2075073894236,106.97008925655122,110.70369756555928,14874800,33.400001525878906,0.85,2.1,2.89
2022-05-02,108.36457061767578,108.59848527575916,106.35832291641712,107.851762201347,18545000,32.34000015258789,0.9,2.1,2.99
2022-05-03,110.68571472167967,111.71133163200636,108.66146973594628,109.33621806452408,15720900,29.25,0.91,2.16,2.97
2022-05-04,114.34733581542967,114.61723786198236,110.42479875852436,110.4787832861714,17128500,25.420000076293945,0.89,2.07,2.93
2022-05-05,111.48641967773438,113.44768850045554,109.90301514966046,112.68297507234442,15055400,31.200000762939453,0.85,2.08,3.05
2022-05-06,111.30647277832033,111.81928117542355,109.02132454059344,111.37844757255442,14417900,30.190000534057617,0.85,2.08,3.12
2022-05-09,109.63311004638672,110.95561788152928,108.40956584951296,109.85802615810768,14312300,34.75,0.92,1.99,3.05
2022-05-10,106.96111297607422,111.36047187803634,105.764557531208,110.7576983040585,16382400,32.9900016784668,0.89,2.01,2.99
2022-05-11,106.28634643554688,110.55975212521275,106.10641630996078,107.32996038285036,14630300,32.560001373291016,0.91,1.99,2.91
2022-05-12,106.19638061523438,106.44828553481577,103.7942784499336,105.26072886829334,16318800,31.770000457763672,0.96,1.96,2.84
2022-05-13,107.14102172851562,108.18463564562911,106.124403506964,107.42892090335586,10443200,28.8700008392334,1.03,2.04,2.93
2022-05-16,106.3943099975586,107.47390449274836,105.4676567974734,106.64621492217655,10269000,27.46999931335449,1.07,2.07,2.88
2022-05-17,109.92100524902344,110.63174100418398,108.68846245378626,108.89538830205638,11160200,26.100000381469727,1.06,2.16,2.98
2022-05-18,108.04070281982422,109.73207641494254,107.53689291348012,109.12930286786728,12664900,30.959999084472656,1.03,2.16,2.89
2022-05-19,106.43929290771484,107.64484677226233,105.827520841503,106.33133757266812,12765800,29.350000381469727,1.05,2.11,2.84
2022-05-20,105.56661224365234,107.66283184057188,103.4793912121837,107.47390314946972,13150100,29.43000030517578,1.03,2.07,2.78
2022-05-23,109.62410354614258,111.18052249830063,108.36455930116784,108.3735578658183,24376700,28.479999542236328,1.07,2.09,2.86
2022-05-24,113.6815948486328,114.6982131560294,110.7576855302295,111.88226603730767,19324900,29.450000762939453,1.06,2.02,2.76
2022-05-25,114.4732894897461,115.03108385539764,112.61098456764918,113.60961254105274,12780400,28.3700008392334,1.06,2.01,2.75
2022-05-26,116.45255279541016,117.12730104130958,115.34596951591575,115.48990537525528,15990900,27.5,1.07,1.99,2.75
2022-05-27,118.09893035888672,118.09893035888672,116.18264110671872,117.10030248874402,11177800,25.71999931335449,1.08,2.01,2.74
2022-05-31,118.9626235961914,119.79031322349005,116.69547911924764,117.11830877128727,17015000,26.190000534057617,1.16,2.08,2.85
2022-06-01,116.87539672851562,119.5383954651262,115.75980801422358,119.5383954651262,10768000,25.690000534057617,1.15,2.16,2.94
2022-06-02,118.75568389892578,118.76467559964196,115.75980022595932,116.86638343669156,8374800,24.71999931335449,1.17,2.15,2.92
2022-06-03,117.10030364990234,118.54876366099852,116.94736237267942,118.0449538706672,8596000,24.790000915527344,1.21,2.18,2.96
2022-06-06,116.71345520019533,119.10656572570544,116.47055570362924,117.93699929590215,11323500,25.06999969482422,1.26,2.23,3.04
2022-06-07,117.01934814453124,117.24426423116766,115.71482385980929,115.9037594128108,6722200,24.020000457763672,1.26,2.26,2.98
2022-06-08,115.15704345703124,116.46155409438506,114.16741398760132,116.0567078590393,8422100,23.959999084472656,1.28,2.29,3.03
2022-06-09,112.7369384765625,115.24700972232138,112.70095107858413,114.59025172103082,13560100,26.09000015258789,1.3,2.35,3.04
2022-06-10,107.5548858642578,111.01859256347376,107.34796002425864,110.28985970425488,12945200,27.75,1.39,2.58,3.15
2022-06-13,104.3520736694336,106.11541510077954,103.5153854881623,105.13478418220184,16805600,34.02000045776367,1.73,2.89,3.43
2022-06-14,102.61573028564452,105.54863846644824,101.86001540317108,103.95623532758184,13357900,32.689998626708984,1.83,3.15,3.49
2022-06-15,103.83028411865234,105.21576142015324,101.81503067958737,104.01921284158428,14083500,29.6200008392334,1.74,2.93,3.33
2022-06-16,102.04894256591795,102.79566573403068,100.64546816909524,102.43579856810568,16724900,32.95000076293945,1.59,2.88,3.28
2022-06-17,101.68907165527344,103.12853340206972,100.9063679768972,102.14790244652868,30919900,31.1299991607666,1.63,2.86,3.25
2022-06-21,104.20811462402344,105.28770900850158,103.49737902308271,104.24410201869186,11680500,30.190000534057617,1.7,2.92,3.31
2022-06-22,103.62335968017578,104.54101447039106,102.91262388576304,103.35345757863834,9842700,28.950000762939453,1.61,2.79,3.16
2022-06-23,102.48976135253906,103.62334035817103,100.29458500067808,103.47039906563576,11851500,29.049999237060547,1.65,2.78,3.09
2022-06-24,105.54862213134766,105.99845431002947,101.50913108867528,101.8689982043996,14841100,27.229999542236328,1.73,2.83,3.13
2022-06-27,104.70293426513672,106.61022515236664,104.03718457004187,106.21437064311846,11280500,26.950000762939453,1.79,2.89,3.2
2022-06-28,104.19915008544922,107.32098723745618,104.00122278208684,105.8635281649754,11590900,28.36000061035156,1.79,2.88,3.2
2022-06-29,103.73131561279295,105.0988025801743,103.21850714203806,104.36107799305506,9338400,28.15999984741211,1.78,2.88,3.1
2022-06-30,101.31121063232422,102.63371842464493,99.79977413594268,101.8150205098198,15172600,28.709999084472656,1.72,2.8,2.98
2022-07-01,102.60672760009766,102.93959903531712,100.006698032334,101.34719606689474,10573600,26.700000762939453,1.73,2.79,2.88
2022-07-05,102.2164535522461,102.29813625751622,99.20314697860752,100.53734630362622,12514200,27.540000915527344,1.9,2.77,2.82
2022-07-06,101.55387878417967,102.55226212775857,100.5554954406008,101.40866278810402,10656200,26.729999542236328,1.9,2.82,2.93
2022-07-07,104.12245178222656,104.28582410524804,102.92439038827249,103.01515125114886,10347400,26.07999992370605,1.95,2.87,3.01
2022-07-08,103.79572296142578,104.96655696748944,103.11500599915232,104.52182382436187,8807800,24.63999938964844,1.98,2.96,3.09
2022-07-11,102.4342803955078,103.67772576789008,101.85340252400628,103.0605421638434,7939500,26.170000076293945,2.18,2.97,2.99
2022-07-12,102.53411102294922,104.53995584050604,101.88969990347611,102.18013881541624,11250900,27.290000915527344,2.22,3.07,2.96
2022-07-13,101.572021484375,102.08936595184171,100.18335345891364,101.42679858317288,12979900,26.81999969482422,2.39,3.21,2.91
2022-07-14,98.02324676513672,98.23200302266925,96.26245659810957,98.01416859969322,26204800,26.399999618530277,2.4,3.16,2.96
2022-07-15,102.51596069335938,103.36004991253748,97.72371490368111,99.07607744194743,18863900,24.229999542236328,2.37,3.12,2.93
2022-07-18,101.46312713623048,105.13899436116152,101.00931585478637,104.1678384958555,13977900,25.299999237060547,2.5,3.13,2.96
2022-07-19,103.97721099853516,104.32211191266498,102.26180536382338,102.6793108010148,11862300,24.5,2.52,3.18,3.01
2022-07-20,103.9590835571289,104.140605290037,102.99700590841762,103.55972743519882,11667500,23.8799991607666,2.51,3.18,3.04
2022-07-21,104.66703033447266,104.85763023564223,102.89716916317614,103.86832499748432,11595900,23.11000061035156,2.48,3.11,2.91
2022-07-22,104.15876007080078,105.51111565732424,103.16944794470042,104.59441499315255,7645500,23.030000686645508,2.49,3.01,2.77
2022-07-25,104.57628631591795,105.70173650042454,104.16785195507929,105.1390079458655,9394000,23.36000061035156,2.62,3.07,2.81
2022-07-26,102.94254302978516,104.903010967723,102.58857080620362,103.99538846118368,10675100,24.690000534057617,2.55,3.06,2.81
2022-07-27,104.59441375732422,105.04822500210126,102.83363083632408,103.4780419729543,9337400,23.239999771118164,2.44,3.0,2.78
2022-07-28,104.20413970947266,105.26606332469508,103.04238398730452,104.60349583569682,10384800,22.32999992370605,2.42,2.93,2.68
2022-07-29,104.70333862304688,105.73802778300616,104.18599404306724,104.91208793316274,12944500,21.32999992370605,2.41,2.98,2.67
2022-08-01,103.65956115722656,104.47642276270156,102.62487209849483,103.92277250369128,14740400,22.84000015258789,2.56,2.98,2.6
2022-08-02,102.04399871826172,103.83201616462608,101.89877579335833,103.39635431452608,14942900,23.93000030517578,2.56,3.09,2.75
2022-08-03,103.114990234375,103.55972330950938,101.39050614200848,102.96976731414584,14394500,21.950000762939453,2.52,3.14,2.73
2022-08-04,101.98046875,102.8517855540431,100.76425095035351,102.4252018539718,18033900,21.440000534057617,2.5,3.11,2.68
2022-08-05,105.06639099121094,105.4566689745922,101.69911207627526,102.1347670335409,14174600,21.149999618530277,2.58,3.29,2.83
2022-08-08,103.78663635253906,105.91954794254512,103.63234218221672,105.51112056825411,10332500,21.290000915527344,2.65,3.3,2.77
2022-08-09,104.72147369384766,105.27512393124417,103.80478002339936,104.14967405464242,10233800,21.770000457763672,2.67,3.33,2.8
2022-08-10,107.45343780517578,108.3429109896172,106.64565425457806,107.06315981474908,12847300,19.739999771118164,2.65,3.26,2.78
2022-08-11,109.0417709350586,110.00384860746668,108.28844256817548,108.82394346528156,11684900,20.200000762939453,2.62,3.25,2.87
2022-08-12,110.8479461669922,110.95686337236488,108.40644607023346,109.52281799570704,9906700,19.530000686645508,2.63,3.26,2.84
2022-08-15,111.1474609375,111.38344474851088,109.45928237528908,109.94939940218362,8456200,19.950000762939453,2.72,3.23,2.79
2022-08-16,112.20938110351562,112.76303145117365,110.61197029105048,110.993170126438,9555000,19.690000534057617,2.7,3.26,2.82
2022-08-17,111.26544189453124,111.78279338084268,110.44858716261082,111.00223745622554,8149300,19.899999618530277,2.68,3.27,2.89
2022-08-18,110.40320587158205,111.15653424619168,109.41390062088134,110.9477780139152,9531800,19.559999465942383,2.71,3.24,2.88
2022-08-19,107.6712646484375,109.81325450067376,107.1993039515802,109.47743857634038,13464500,20.600000381469727,2.74,3.26,2.98
2022-08-22,105.89231872558594,106.33705875021748,104.8304020292738,105.96493018976378,8967600,23.799999237060547,2.82,3.32,3.03
2022-08-23,104.84854888916016,106.4550446032187,104.721482292237,105.91047248431808,7607000,24.11000061035156,2.8,3.29,3.05
2022-08-24,105.10269927978516,105.65634961675111,103.87740323674224,104.63980981740474,9771300,22.81999969482422,2.82,3.35,3.11
2022-08-25,107.59864044189452,107.77108399260916,104.99376160893569,105.42942341647736,10758900,21.780000686645508,2.88,3.33,3.03
2022-08-26,104.07707977294922,108.90563163020596,104.01354646921996,108.4245927698828,11276200,25.559999465942383,2.89,3.36,3.04
2022-08-29,103.82294464111328,104.24952835453824,102.97885537880298,103.4689723947842,8117300,26.209999084472656,2.97,3.43,3.12
2022-08-30,103.84109497070312,104.90301164833748,102.8880885628096,104.37658892922276,10745400,26.209999084472656,2.97,3.48,3.11
2022-08-31,103.22393035888672,104.40383568715572,102.86995114333337,103.90464736833052,10738300,25.8700008392334,2.96,3.5,3.15
2022-09-01,103.93185424804688,104.0407645161226,101.57203713673448,102.82455369187618,9979800,25.559999465942383,2.97,3.51,3.26
2022-09-02,103.20575714111328,106.6002634672433,102.73379647194965,105.16622513135546,10666600,25.46999931335449,2.94,3.47,3.2
2022-09-06,103.23298645019533,104.14968716060882,101.71725846017836,103.76848735316932,9751900,26.90999984741211,3.04,3.61,3.33
2022-09-07,105.19345092773438,105.38405082502956,102.34351678313176,102.67933268210456,10647900,24.63999938964844,3.07,3.6,3.27
2022-09-08,107.64402770996094,107.8164782017892,104.04076525711028,104.63072127029264,11435000,23.61000061035156,3.06,3.6,3.29
2022-09-09,108.16136169433594,108.96007385247265,107.70755048616172,108.134134129783,9299700,22.790000915527344,3.08,3.67,3.33
2022-09-12,109.44113159179688,110.32152659616844,108.72410892766553,109.47743732569587,8614600,23.8700008392334,3.17,3.7,3.37
2022-09-13,105.63818359375,107.93446744065152,105.08453330758675,107.16298969054854,12904600,27.270000457763672,3.28,3.92,3.42
2022-09-14,105.39314270019533,106.95424781322068,104.26768564887853,105.9195585649474,9345700,26.15999984741211,3.24,3.95,3.41
2022-09-15,106.98146057128906,108.35196548374964,105.06637664966534,105.39312128531932,10821400,26.270000457763672,3.22,4.0,3.45
2022-09-16,106.26443481445312,106.55487371246716,104.71240130400848,106.5457955493578,14844100,26.299999237060547,3.2,3.96,3.45
2022-09-19,107.24468231201172,107.76202688119582,104.83948120367457,105.28421430798112,8201300,25.76000022888184,3.37,4.05,3.49
2022-09-20,105.1299285888672,106.81810719760723,104.04985546698217,106.56397397471925,9619000,27.15999984741211,3.35,4.03,3.57
2022-09-21,102.09845733642578,105.82878652068666,102.03492403576531,105.77433138429495,12606300,27.989999771118164,3.31,4.08,3.51
2022-09-22,100.93669891357422,103.10591616726136,100.80963231563014,102.90623810631774,11684500,27.350000381469727,3.29,4.08,3.7
2022-09-23,99.05793762207033,100.14708205592052,97.26084861375637,99.88387757535234,18138600,29.920000076293945,3.24,4.15,3.69
2022-09-26,96.9250030517578,99.48449810451092,96.26243561106126,98.02322539420264,15753600,32.2599983215332,3.39,4.17,3.88
2022-09-27,96.07183074951172,98.17751446451491,94.98268662694812,97.7963147140786,12793600,32.599998474121094,3.35,4.16,3.97
2022-09-28,98.0141372680664,98.68578280395764,95.8812260950074,96.16258681231297,12762600,30.18000030517578,3.4,3.99,3.72
2022-09-29,96.35321044921876,97.36974324411146,94.7557928684598,97.07022614935472,12713900,31.84000015258789,3.36,3.98,3.76
2022-09-30,94.84654998779295,97.67833464296756,94.75578912392284,96.26243885307524,15973400,31.6200008392334,3.33,4.05,3.83
2022-10-03,97.77816772460938,98.34996736436852,94.8102384918076,95.86308383758464,12248100,30.100000381469727,3.46,4.01,3.67
2022-10-04,102.35256958007812,102.5522476054397,99.7113921367647,100.3921089007106,16013600,29.06999969482422,3.45,4.15,3.62
2022-10-05,101.0888671875,101.60168102153392,99.66031037179722,100.5027922381571,10943500,28.549999237060547,3.46,4.14,3.76
2022-10-06,99.0284423828125,100.90571823117006,98.84529658683022,100.23722280136262,11521400,30.520000457763672,3.46,4.19,3.83
2022-10-07,97.0504379272461,98.6346692694972,96.4002543045864,98.46067587865328,11681100,31.36000061035156,3.45,4.24,3.89
2022-10-10,96.1438446044922,98.26836784175404,95.71344432592626,97.73724227236144,8931700,32.45000076293945,3.56,4.26,3.91
2022-10-11,93.36914825439452,95.73176668930428,93.26841597322336,95.57609206806303,12739700,33.630001068115234,3.67,4.28,3.93
2022-10-12,94.88011932373048,95.90575385333776,92.74643675976289,93.22262696465911,13181000,33.56999969482422,3.7,4.28,3.91
2022-10-13,100.15480041503906,100.64014301929672,93.18599660094291,93.38746115061146,22398700,31.940000534057617,3.79,4.46,3.97
2022-10-14,101.82145690917967,105.53021152133871,98.93686792975507,99.53668195503795,33387100,32.02000045776367,3.81,4.5,4.0
2022-10-17,106.09798431396484,107.15109015904488,104.68773925856723,105.68590275946444,22276300,31.3700008392334,3.97,4.5,4.02
2022-10-18,108.8268814086914,110.01734995719536,107.1052872951686,109.57779728362364,21539700,30.5,4.04,4.5,4.01
2022-10-19,106.69322204589844,108.81774558935244,105.92399427010456,108.04851781355856,17072000,30.76000022888184,4.07,4.6,4.14
2022-10-20,106.34522247314452,108.70784087660408,105.90566978530704,107.28844354669732,12207400,29.979999542236328,4.09,4.66,4.24
2022-10-21,111.93125915527344,112.07777438811137,106.5283745796984,106.64741864303946,20593300,29.690000534057617,4.09,4.58,4.21
2022-10-24,112.06861877441406,112.72795481078448,111.10709287684404,111.784740697974,12624200,29.850000381469727,4.16,4.61,4.25
2022-10-25,112.36164093017578,112.8836140567698,110.70414866594211,111.58326093249184,11289100,28.459999084472656,4.14,4.6,4.1
2022-10-26,113.65286254882812,114.65101904999467,112.52649560198506,112.63638727546582,11667000,27.280000686645508,4.11,4.54,4.04
2022-10-27,114.10157775878906,115.56676517888997,113.74443854346964,114.6510221680063,10727600,27.38999938964844,4.13,4.5,3.96
2022-10-28,115.45687103271484,115.64001682526548,113.59791399072569,114.73343327498075,11859500,25.75,4.18,4.55,4.02
2022-10-31,115.27373504638672,116.69313959840396,115.00816871790636,115.10890101445288,13295200,25.8799991607666,4.22,4.66,4.1
2022-11-01,117.35244750976562,117.47149855863724,115.68580269120208,116.180304697545,13386900,25.809999465942383,4.23,4.75,4.07
2022-11-02,116.27189636230467,119.37626474784432,115.96969947854578,116.8946019167632,16546100,25.86000061035156,4.22,4.76,4.1
2022-11-03,116.48249053955078,117.37991464175668,115.3011883826868,115.66747994228548,12474400,25.299999237060547,4.25,4.78,4.14
2022-11-04,119.66926574707033,119.80663555479175,117.63632952943388,118.5795435219893,14953200,24.549999237060547,4.21,4.76,4.17
2022-11-07,120.30113983154295,121.1436216194758,119.4861292126526,119.96231943126772,12011200,24.350000381469727,4.29,4.8,4.22
2022-11-08,120.37440490722656,120.933008651379,119.17478390907824,120.18210671759188,9884100,25.540000915527344,4.28,4.77,4.14
2022-11-09,118.80848693847656,120.35608067680693,118.3322967257678,120.25536237365236,9494000,26.09000015258789,4.29,4.75,4.12
2022-11-10,123.69856262207033,123.85423725089672,121.36341524341654,121.45499513008096,16351600,23.530000686645508,4.28,4.59,3.82
2022-11-11,123.90003204345705,124.6967239907288,122.50809875582765,123.79929975343524,10704700,22.520000457763672,4.3100000000000005,4.609999999999999,3.8499999999999996
2022-11-14,122.62714385986328,124.2937887909948,122.62714385986328,123.44215454020792,11085600,23.729999542236328,4.34,4.63,3.88
2022-11-15,121.7388687133789,124.27548057036492,120.5117765269862,123.3322524866228,14038300,24.540000915527344,4.31,4.6,3.8
2022-11-16,121.90370178222656,122.3066309316261,120.9055452813871,121.79381709534634,7893400,24.11000061035156,4.32,4.62,3.67
2022-11-17,121.37255859375,121.69307420005012,120.21872756269964,120.87806357276494,8820200,23.93000030517578,4.32,4.68,3.77
2022-11-18,122.56302642822266,123.32309471228184,121.13446973938956,123.23152880612427,9468500,23.1200008392334,4.34,4.74,3.82
2022-11-21,121.839599609375,123.222366403102,121.5648739357984,122.47146446666272,7800500,22.36000061035156,4.41,4.75,3.83
2022-11-22,123.66193389892578,123.8725648586524,122.42568917954846,122.70956728607663,9185700,21.290000915527344,4.4,4.79,3.76
2022-11-23,124.98058319091795,124.99890196082376,123.49708421047596,123.57034531697188,7316200,20.350000381469727,4.4,4.75,3.71
2022-11-25,125.21869659423828,125.58498818668618,124.59598411932258,124.98059448333144,3220500,20.5,4.41,4.76,3.68
2022-11-28,123.0300750732422,125.19122906709268,122.88355284274716,124.60515411824149,9906900,22.209999084472656,4.41,4.76,3.69
2022-11-29,125.0538558959961,125.12711700928688,123.0850141288976,123.31394986800804,7925300,21.88999938964844,4.38,4.78,3.75
2022-11-30,126.53736114501952,126.53736114501952,121.96781251377332,124.6234616268747,14761200,20.57999992370605,4.37,4.74,3.68
2022-12-01,124.76081848144533,126.97691463608298,124.01905499052846,126.53734798077052,8858500,19.84000015258789,4.33,4.66,3.53
2022-12-02,123.77180480957033,123.94579818374828,122.10514614442008,123.15825878750316,8931900,19.059999465942383,4.34,4.69,3.51
2022-12-05,120.30113983154295,123.23152827859518,119.59602786195003,122.92933144600065,10154500,20.75,4.36,4.77,3.6
2022-12-06,120.50262451171876,123.72604395794204,118.92754534896932,122.1509647951926,13966700,22.170000076293945,4.37,4.73,3.51
2022-12-07,120.42017364501952,121.86704889106556,119.34875628632182,120.24618028390076,11739400,22.68000030517578,4.29,4.67,3.42
2022-12-08,121.6839370727539,121.77550299095422,120.35609851411807,121.18027561669854,8907300,22.290000915527344,4.28,4.71,3.48
2022-12-09,121.02459716796876,122.48977757119074,120.8780749357078,121.0612207394694,7957800,22.82999992370605,4.31,4.72,3.57
2022-12-12,122.90187072753906,123.30478589879807,120.51178100571892,121.24436420664723,8841600,25.0,4.38,4.75,3.61
2022-12-13,122.78282928466795,125.53921082280596,121.8670862386664,125.35606500823162,10025400,22.549999237060547,4.35,4.64,3.51
2022-12-14,122.16928100585938,124.27549276983028,121.57403965238406,122.50810145561336,9966100,21.13999938964844,4.33,4.64,3.49
2022-12-15,119.13818359375,120.95135102984295,118.17665053851871,120.09970267585038,12087800,22.82999992370605,4.34,4.65,3.44
2022-12-16,118.39640808105467,118.95501187828005,117.6088685304276,118.2682046180749,21133700,22.6200008392334,4.31,4.61,3.48
2022-12-19,119.10153198242188,120.26452950136444,118.21326015727044,118.72607400001164,9017200,22.420000076293945,4.37,4.64,3.57
2022-12-20,119.67843627929688,120.92384712438992,119.22971724880766,119.93484316154012,8549900,21.479999542236328,4.35,4.64,3.69
2022-12-21,121.02459716796876,121.77549915533008,120.66745796003842,121.0429019671545,8051700,20.06999969482422,4.33,4.6,3.68
2022-12-22,119.6509780883789,120.23705302180252,117.59055643559029,120.05390722506924,8648200,21.96999931335449,4.35,4.64,3.67
2022-12-23,120.21871948242188,120.36524169106104,118.71690177668786,119.57770228603422,5091900,20.8700008392334,4.34,4.66,3.75
2022-12-27,120.6399917602539,121.07954450202357,119.550255319235,120.48431712198402,5411000,21.649999618530277,4.46,4.75,3.84
2022-12-28,121.29930877685548,122.16926172356504,119.97147041421042,120.74070505770467,8827700,22.13999938964844,4.46,4.71,3.88
2022-12-29,121.99528503417967,122.04107497935216,121.16195554068072,121.729711736057,6585200,21.440000534057617,4.45,4.71,3.83
2022-12-30,122.80113983154295,123.0117568055376,121.281003123464,121.6198235563852,9292500,21.670000076293945,4.42,4.73,3.88
2023-01-03,123.73517608642578,125.21868908507152,122.6088162327224,123.84507473607256,11054800,22.899999618530277,4.53,4.72,3.79
2023-01-04,124.88902282714844,126.07947743440992,124.14727330402684,124.5318836503444,11687600,22.01000022888184,4.55,4.71,3.69
2023-01-05,124.86134338378906,125.19344650754586,123.3391982014281,125.14731833662437,8381300,22.459999084472656,4.66,4.78,3.71
2023-01-06,127.2506332397461,127.65653862110756,124.06798651965856,125.58089761978852,10029100,21.1299991607666,4.67,4.71,3.55
2023-01-09,126.72481536865234,128.1178103133668,126.27279582879108,127.85950941163368,8482300,21.96999931335449,4.7,4.69,3.53
2023-01-10,127.8595199584961,127.97021633227186,126.66947763502836,127.11227720647598,9048700,20.57999992370605,4.73,4.74,3.61
2023-01-11,128.80970764160156,128.9204040207667,127.39827250186464,128.1362671314261,8703700,21.09000015258789,4.72,4.73,3.54
2023-01-12,128.6805419921875,129.94437242636852,128.43146109210693,129.15101562447867,11001700,18.82999992370605,4.66,4.66,3.43
2023-01-13,131.92776489257812,132.37057853485908,124.35398778566515,125.0919964464557,20200000,18.350000381469727,4.67,4.69,3.49
2023-01-17,129.8889923095703,130.57163850117982,128.44064951950335,130.23031540537508,14292900,19.36000061035156,4.71,4.67,3.53
2023-01-18,125.98678588867188,129.82440425405898,125.83918139252712,128.15466886089752,13392600,20.34000015258789,4.69,4.63,3.37
2023-01-19,124.307861328125,125.3687391152298,123.23774945896278,124.83369725699328,13303400,20.520000457763672,4.71,4.65,3.39
2023-01-20,124.61227416992188,124.99050549995506,123.20083928110805,124.6860764350266,13092500,19.850000381469727,4.72,4.68,3.48
2023-01-23,126.63256072998048,127.26909291724392,124.3724210222498,124.64916190684951,10487100,19.809999465942383,4.73,4.7,3.52
2023-01-24,127.72113800048828,129.41854812235326,124.53849050290523,125.848449232367,6945000,19.200000762939453,4.72,4.7,3.46
2023-01-25,128.33921813964844,128.33921813964844,126.61413389807234,127.35214259398586,8967000,19.07999992370605,4.72,4.67,3.46
2023-01-26,129.13255310058594,129.2063553652818,127.63809595043652,128.6159513240574,7487600,18.729999542236328,4.71,4.68,3.49
2023-01-27,129.4462127685547,130.31335768367455,128.9203769253455,129.7137336540936,7489900,18.51000022888184,4.73,4.68,3.52
2023-01-30,128.34844970703125,129.23404886369812,128.14549696772326,128.44069199449729,6729300,19.940000534057617,4.72,4.71,3.55
2023-01-31,129.1140899658203,129.21556630205873,127.5365967527214,129.04028771434326,9188700,19.399999618530277,4.7,4.68,3.52
2023-02-01,128.7727813720703,129.962823586279,127.4166946124427,127.49973096149544,8841800,17.8700008392334,4.66,4.66,3.39
2023-02-02,128.17315673828125,129.5753716687089,127.30599769020552,129.15101214948385,11822100,18.729999542236328,4.66,4.64,3.4
2023-02-03,130.15655517578125,131.30046932687927,127.42594137506876,127.47205548026778,11501200,18.32999992370605,4.7,4.79,3.53
2023-02-06,130.92222595214844,131.21743502591008,129.17868782973096,129.36318646266028,8406200,19.43000030517578,4.71,4.85,3.63
2023-02-07,132.5181427001953,133.15467486781688,130.23954897835594,130.42406166418485,10447900,18.65999984741211,4.71,4.88,3.67
2023-02-08,131.58645629882812,132.87796104130317,131.25435306842795,131.59567630543654,6958000,19.6299991607666,4.72,4.87,3.63
2023-02-09,129.5384521484375,132.232171333837,129.03107040131695,132.02921863498875,6443100,20.709999084472656,4.77,4.88,3.67
2023-02-10,130.11038208007812,130.33178882925134,127.85024272808514,128.9480283186834,6582900,20.530000686645508,4.79,4.89,3.74
2023-02-13,131.5218505859375,131.66944103130464,129.83366081928747,130.35026256892732,7134600,20.34000015258789,4.81,4.91,3.72
2023-02-14,132.10304260253906,132.6657726188391,130.62703936769975,131.45729030752534,9249400,18.90999984741211,4.8,4.99,3.77
2023-02-15,132.65650939941406,132.7395316510826,130.35024189968968,130.63621681744115,6728300,18.229999542236328,4.79,4.96,3.81
2023-02-16,130.8299560546875,132.27828479759046,130.7007915549268,131.8354853567696,8165300,20.170000076293945,4.84,4.99,3.86
2023-02-17,131.2174072265625,131.76168300511551,129.21556862687913,130.05503934031125,7948800,20.020000457763672,4.84,5.0,3.82
2023-02-21,128.80970764160156,130.3871873500862,127.99789665746964,129.7875631944812,9996300,22.8700008392334,4.86,5.07,3.95
2023-02-22,127.82258605957033,128.62516276062055,126.78938257533628,128.15468919040865,11107500,22.290000915527344,4.84,5.07,3.93
2023-02-23,128.8465576171875,129.30781114087313,127.25062436661048,127.979398740444,8068000,21.13999938964844,4.84,5.03,3.88
2023-02-24,130.00894165039062,130.40562709266814,128.16392712676847,128.3299857535932,9126900,21.670000076293945,4.86,5.05,3.95
2023-02-27,131.1436309814453,132.2045086636795,130.73772554869174,131.09750280475183,10014700,20.950000762939453,4.89,5.03,3.92
2023-02-28,132.2414093017578,132.6196265458736,130.90376263556865,131.8631779812996,11019800,20.700000762939453,4.88,5.02,3.92
2023-03-01,131.50340270996094,132.34288763092906,130.81152231767038,131.0882772898551,7139200,20.57999992370605,4.9,5.06,4.01
2023-03-02,130.1381072998047,131.39270367337005,128.726658226856,131.217439116247,11106800,19.59000015258789,4.91,5.04,4.08
2023-03-03,132.5273895263672,132.6011917925285,130.14731922895072,130.54399057368198,9513100,18.489999771118164,4.91,5.03,3.97
2023-03-06,131.75250244140625,132.87794842363948,131.60489789161204,132.3244524764281,9261300,18.61000061035156,4.93,5.05,3.98
2023-03-07,127.87793731689452,131.28199097093213,127.13070877358716,131.00523600917407,11747600,19.59000015258789,5.04,5.22,3.97
2023-03-08,127.1214828491211,127.85025727401232,126.28199799887749,127.30598145625316,10002500,19.11000061035156,5.06,5.25,3.98
2023-03-09,120.23957824707033,126.70636236099288,122.09842745119269,126.16207244585634,25888100,22.61000061035156,5.05,5.18,3.93
2023-03-10,123.2930679321289,124.7783049219382,117.91485690350788,118.96652146961952,37599700,24.799999237060547,5.01,4.9,3.7
2023-03-13,121.07907104492188,123.50526950628984,119.38166116059536,121.04217695019427,42901100,26.520000457763672,4.87,4.3,3.55
2023-03-14,124.18792724609376,125.02741226082236,121.11597627206211,124.7967854376339,29648100,23.729999542236328,4.88,4.45,3.64
2023-03-15,118.32077026367188,120.83922509421076,116.90934238977314,120.82999101320628,34280600,26.13999938964844,4.75,4.19,3.51
2023-03-16,120.61784362792967,121.72484970255354,116.25438049013847,118.09016826185602,24558500,22.989999771118164,4.74,4.49,3.56
2023-03-17,116.06063842773438,118.523731171571,115.72853524450112,118.43148888954974,38396000,25.51000022888184,4.52,4.26,3.39
2023-03-20,117.2875747680664,119.43701841508133,116.24514407761322,117.14919726872468,22875500,24.149999618530277,4.81,4.34,3.47
2023-03-21,120.43334197998048,121.52189393811328,120.1012387581806,120.47023608180464,17807800,21.3799991607666,4.78,4.68,3.59
2023-03-22,117.32447814941406,120.53480663526662,117.23222882747788,120.44255027515833,17250200,22.26000022888184,4.79,4.56,3.48
2023-03-23,117.01081085205078,119.49235749309965,116.25435522322675,117.98867327821704,16677600,22.61000061035156,4.73,4.38,3.38
2023-03-24,115.23037719726562,115.94070464118424,113.56986142967864,115.89457646612908,22311100,21.739999771118164,4.74,4.32,3.38
2023-03-27,118.532958984375,119.35398985556544,116.5034388565988,116.96469247134272,18853900,20.600000381469727,4.91,4.51,3.53
2023-03-28,118.8927230834961,119.31706847934788,117.84105848314508,118.73589856099942,10820500,19.96999931335449,4.8,4.55,3.55
2023-03-29,119.13257598876952,120.12888542669916,117.86873862557152,120.01818907015443,14595300,19.1200008392334,4.8,4.59,3.57
2023-03-30,118.77278900146484,120.03661922272114,117.7580326001544,119.8797947050452,12134700,19.020000457763672,4.97,4.63,3.55
2023-03-31,120.21192169189452,120.23959578425315,118.86506894262816,119.612297588999,13105200,18.700000762939453,4.85,4.64,3.48
2023-04-03,120.0735321044922,121.2543401115248,119.381651753043,119.84290532067578,11775400,18.549999237060547,4.9,4.6,3.43
2023-04-04,118.4683609008789,120.47019963237194,117.5366337910067,120.38717737112756,11579900,19.0,4.88,4.5,3.35
2023-04-05,118.64503479003906,119.14709201057964,117.57582414515304,117.89194186582034,9614700,19.07999992370605,4.86,4.43,3.3
2023-04-06,118.51487731933594,119.08202368168172,117.94773095699014,118.07789499817687,8760200,18.399999618530277,4.91,4.51,3.3
2023-04-10,118.90535736083984,119.22146797348508,117.35268138916052,117.65020018070032,9477300,18.96999931335449,5.08,4.65,3.41
2023-04-11,119.49110412597656,119.8815962149106,118.5799488250562,119.28655862413277,10516300,19.100000381469727,5.04,4.67,3.43
2023-04-12,119.47250366210938,121.26690877514532,119.06341266372614,120.10472488738162,11821000,19.09000015258789,5.02,4.64,3.41
2023-04-13,119.92806243896484,119.97453843633706,117.91980565141417,119.43529769759532,12450200,17.799999237060547,5.1,4.66,3.45
2023-04-14,124.9672966003418,125.09745352284904,122.95439351583622,125.65528439461146,43931300,17.06999969482422,5.14,4.77,3.52
2023-04-17,130.00653076171875,130.22036860936103,127.98898138025828,130.11809586712968,16050500,16.950000762939453,5.21,4.8,3.6
2023-04-18,131.4662322998047,131.81954073230335,129.26273624552854,130.41562773954573,13760100,16.829999923706055,5.2,4.81,3.58
2023-04-19,131.29888916015625,131.55921721829318,130.53648971360158,131.30818152408432,9158100,16.459999084472656,5.16,4.84,3.6
2023-04-20,130.91766357421875,131.4941021338163,130.0158079128283,130.08089700791183,10586200,17.170000076293945,5.12,4.77,3.54
2023-04-21,130.66664123535156,131.19660385164096,129.0302915712904,129.922854961478,11842500,16.770000457763672,5.14,4.78,3.57
2023-04-24,130.8433074951172,131.18732357463173,130.20177971600685,130.59228598862495,7567500,16.889999389648438,5.2,4.76,3.52
2023-04-25,127.9982452392578,130.12737343880352,127.961061608006,129.7926640102938,10629300,18.76000022888184,5.12,4.6,3.4
2023-04-26,125.72966766357422,128.12841633649057,124.5860829638994,127.95176215792056,14416100,18.84000015258789,5.16,4.64,3.43
2023-04-27,127.42184448242188,128.22142756587223,126.12949656476763,126.44560717787672,9041100,17.030000686645508,5.18,4.78,3.53
2023-04-28,128.52822875976562,128.60261022124138,126.13877219035167,126.96624644240126,9887300,15.779999732971191,5.1,4.8,3.44
2023-05-01,131.2802734375,133.29782272315924,130.93627158760816,132.26580298667045,20415800,16.079999923706055,5.27,4.86,3.59
2023-05-02,129.1604461669922,132.4052681693228,128.7048650486828,131.4662146588088,14113400,17.780000686645508,5.24,4.74,3.44
2023-05-03,126.4270248413086,128.92804716935956,126.22247931498954,128.7142092779594,12930900,18.34000015258789,5.26,4.7,3.38
2023-05-04,124.69768524169922,126.18528638056492,122.5499715602386,125.47868364235244,17089200,20.09000015258789,5.26,4.59,3.37
2023-05-05,127.13362121582033,128.19353232279389,126.36192943463914,126.85469425360314,11261400,17.190000534057617,5.26,4.73,3.44
2023-05-08,127.44044494628906,128.27721168217766,126.89188336179542,127.83093703549144,7484900,16.979999542236328,5.31,4.79,3.52
2023-05-09,126.82678985595705,127.32884698655891,125.71109630932034,126.38050108785184,7343600,17.709999084472656,5.29,4.81,3.53
2023-05-10,126.89187622070312,128.36087829464017,125.39498286959376,128.2586055494036,8133400,16.940000534057617,5.24,4.7,3.43
2023-05-11,126.4920654296875,127.19866794882395,125.42284800924946,125.51582837165677,7057300,16.93000030517578,5.2,4.7,3.39
2023-05-12,124.6791000366211,127.36606876598572,123.7772441549865,127.2080134509426,9988600,17.030000686645508,5.25,4.75,3.46
2023-05-15,125.72966766357422,126.1387585640918,124.54889933058492,124.83711859591006,7639500,17.1200008392334,5.21,4.73,3.5
2023-05-16,124.88363647460938,126.38982222709488,124.54892695329984,125.9435475942871,6477200,17.989999771118164,5.23,4.88,3.54
2023-05-17,128.72349548339844,128.8536595223895,125.94356046777068,126.35263731401685,12711500,16.8700008392334,5.26,4.92,3.57
2023-05-18,129.69972229003906,129.9135601537646,128.0819572058346,128.5561373131233,10999600,16.049999237060547,5.31,5.02,3.65
2023-05-19,129.4021759033203,130.62015634556295,128.4259529385829,129.96932211998757,13492200,16.809999465942383,5.29,5.02,3.7
2023-05-22,128.33297729492188,131.689364532914,127.9889754446489,131.09432702029443,11402500,17.209999084472656,5.4,5.07,3.72
2023-05-23,126.99413299560548,129.26271783242626,126.87327553866224,127.87738976422008,9514900,18.530000686645508,5.34,5.06,3.7
2023-05-24,125.83197021484376,126.77102387365667,125.59024107397305,125.88775277144352,8578000,20.030000686645508,5.37,5.12,3.73
2023-05-25,126.13878631591795,126.69664024605038,125.12536539009837,125.34850979951426,8472500,19.13999938964844,5.38,5.24,3.83
2023-05-26,127.31954193115234,127.93317828601222,126.10157576993184,126.54785030673372,8579900,17.950000762939453,5.34,5.25,3.8
2023-05-30,127.80304718017578,128.04477632756996,126.46420903839032,127.18941066738822,7399900,17.459999084472656,5.55,5.22,3.69
2023-05-31,126.17598724365234,127.2265918367746,124.95800660583822,127.1243190866319,14219900,17.940000534057617,5.52,5.18,3.64
2023-06-01,127.91461181640624,128.5189417760317,125.93424589021166,126.92908212873871,12248100,15.649999618530272,5.5,5.11,3.61
2023-06-02,130.60157775878906,131.54061723322627,129.55095898404744,129.7555044833213,12922500,14.600000381469728,5.5,5.22,3.69
2023-06-05,129.31851196289062,130.26685791287542,128.42596275204582,130.26685791287542,8511900,14.729999542236328,5.46,5.17,3.69
2023-06-06,129.5509490966797,130.25756592635653,128.50034458893558,128.9373126456911,9329500,13.960000038146973,5.44,5.2,3.7
2023-06-07,130.80609130859375,131.3453462034374,129.07676153782333,129.7461804288836,9281400,13.9399995803833,5.42,5.16,3.79
2023-06-08,130.8433074951172,130.99207043832266,129.6811236016028,130.7875249381189,7368100,13.649999618530272,5.38,5.12,3.73
2023-06-09,131.1036376953125,131.83814587263618,130.3598513407576,130.49001537148624,7249100,13.829999923706056,5.37,5.17,3.75
2023-06-12,131.09434509277344,131.3918709835064,129.94145354640617,131.15943420142702,7596600,15.010000228881836,5.4,5.18,3.73
2023-06-13,132.0426788330078,132.83295530635525,130.29474985485163,130.61086044419062,7701600,14.609999656677246,5.36,5.26,3.84
2023-06-14,131.5499267578125,133.5209861370307,130.81541857922923,132.95383981928003,9068700,13.880000114440918,5.36,5.27,3.83
2023-06-15,133.03750610351562,133.32572542805949,130.1924823122168,130.71313840646567,9343100,14.5,5.33,5.21,3.72
2023-06-16,133.19557189941406,133.85569861958822,132.48896917108857,133.0003329420945,13813500,13.539999961853027,5.34,5.24,3.77
2023-06-20,132.51686096191406,132.95384326002164,131.13153259272033,132.5912424367851,8428600,13.880000114440918,5.39,5.24,3.74
2023-06-21,132.32164001464844,133.90220755705204,131.73589468707073,132.86088095393416,9926500,13.199999809265137,5.4,5.25,3.72
2023-06-22,129.77406311035156,132.58190248495086,129.18831807274296,132.3122679619711,10075200,12.90999984741211,5.4,5.29,3.8
2023-06-23,129.09539794921875,129.4022020255021,127.95179873580884,128.80716441468397,9919500,13.4399995803833,5.41,5.25,3.74
2023-06-26,129.41152954101562,130.17391495331148,128.0169085847207,129.11400359400008,8429700,14.25,5.5,5.27,3.72
2023-06-27,129.42080688476562,130.01584452291195,128.80717033038513,129.23486028287297,8154000,13.739999771118164,5.44,5.33,3.77
2023-06-28,128.8536376953125,129.43009050189633,128.26790671248017,129.3836003129569,7558600,13.43000030517578,5.44,5.32,3.71
2023-06-29,133.3535919189453,133.47446355650607,130.02511047983398,130.22965593410052,15423200,13.539999961853027,5.46,5.41,3.85
2023-06-30,135.222412109375,135.74306818320116,133.5674635089359,134.4414279986358,14212800,13.59000015258789,5.43,5.4,3.81
2023-07-03,136.31024169921875,137.11911724800308,135.74309532252184,135.9197495657775,8021600,13.56999969482422,5.44,5.43,3.86
2023-07-05,135.4021759033203,136.14171413854416,135.14006000089324,135.68301845141943,8934900,14.18000030517578,5.44,5.4,3.95
2023-07-06,134.06350708007812,134.2320040302401,132.40654898226205,133.8856396654107,9709500,15.4399995803833,5.46,5.44,4.05
2023-07-07,135.12132263183594,136.52552097664736,133.866908872023,134.71879262942724,8981500,14.829999923706056,5.46,5.41,4.06
2023-07-10,135.8795928955078,136.66595485612726,135.2711126354132,135.2711126354132,9100100,15.06999969482422,5.48,5.38,4.01
2023-07-11,138.00460815429688,138.37906960740568,136.4038300805188,136.99358365726889,11260900,14.84000015258789,5.49,5.44,3.99
2023-07-12,138.68800354003906,140.29815234336888,137.6114570388081,138.03271374432256,11323200,13.539999961853027,5.47,5.35,3.86
2023-07-13,139.36199951171875,139.83006562336877,138.31353599258082,139.20285874786703,11234900,13.609999656677246,5.47,5.27,3.76
2023-07-14,140.2045135498047,143.1252412336155,138.93137327763844,141.870827603696,27028400,13.34000015258789,5.49,5.34,3.83
2023-07-17,143.58396911621094,143.9303334778498,140.74748954065532,140.74748954065532,17262400,13.479999542236328,5.49,5.33,3.81
2023-07-18,143.84608459472656,144.5388133160355,143.05973693495963,143.58396870813758,13491700,13.300000190734863,5.49,5.32,3.8
2023-07-19,144.39840698242188,145.2971002736689,142.49805956001194,142.99420853526703,12510000,13.760000228881836,5.49,5.32,3.75
2023-07-20,146.1770477294922,146.58894821231368,144.5481867273733,144.6605180284174,9935900,13.989999771118164,5.49,5.35,3.85
2023-07-21,145.05369567871094,146.1676953908266,144.8103064253035,145.84941384000646,10636400,13.600000381469728,5.5,5.35,3.84
2023-07-24,147.9088897705078,148.64842793429298,144.84773343199822,145.07241030562304,14381400,13.90999984741211,5.51,5.38,3.86
2023-07-25,146.80426025390625,147.6467735305015,145.99918598070113,147.25359971580744,9944700,13.859999656677246,5.51,5.38,3.91
2023-07-26,147.6842041015625,148.14291400130324,146.29873250733112,146.70127676307158,8728600,13.1899995803833,5.51,5.37,3.86
2023-07-27,146.0553741455078,148.6390943050811,145.6153907955602,147.69360576809055,10778400,14.40999984741211,5.51,5.4,4.01
2023-07-28,146.88851928710938,147.53445284492707,146.4485359733566,147.234883659289,9103800,13.329999923706056,5.52,5.37,3.96
2023-07-31,147.87144470214844,149.2007506770254,147.11316564135666,147.14124846387747,8892700,13.630000114440918,5.55,5.37,3.97
2023-08-01,147.14129638671875,147.90893187694957,146.17708107481772,147.3753295067772,6853900,13.93000030517578,5.54,5.38,4.05
2023-08-02,145.47494506835938,145.74643141841656,144.1081999906907,145.6247296556844,8299400,16.09000015258789,5.53,5.36,4.08
2023-08-03,146.36428833007812,146.897876304198,144.4920237619121,145.10050403286803,6084000,15.920000076293944,5.54,5.37,4.2
2023-08-04,146.0553741455078,147.7216885960237,145.75580493522597,146.41109472740982,6209400,17.100000381469727,5.54,5.33,4.05
2023-08-07,146.74807739257812,147.6280439392386,146.5983070977639,146.5983070977639,7251800,15.770000457763672,5.56,5.3,4.09
2023-08-08,145.92430114746094,146.01790580284208,142.84441801525406,144.46393710846394,8623400,15.989999771118164,5.57,5.35,4.02
2023-08-09,143.96775817871094,145.58727709541188,143.66820331619675,145.4000535208101,6277800,15.960000038146973,5.55,5.35,4.0
2023-08-10,143.75247192382812,145.51240519701045,143.31248860553254,144.5201072567677,5995100,15.850000381469728,5.54,5.33,4.09
2023-08-11,144.5856170654297,144.65115317660656,142.88186387000218,143.25631104053193,5180700,14.84000015258789,5.54,5.36,4.16
2023-08-14,144.8852081298828,145.02562226899528,143.15335756484984,143.7992911732594,5044300,14.81999969482422,5.56,5.37,4.19
2023-08-15,141.19680786132812,143.4809724951409,140.6351228816474,143.08779872306133,10300300,16.459999084472656,5.56,5.36,4.21
2023-08-16,140.5977020263672,141.3185278436564,140.12026544675294,140.9815196692057,6978200,16.780000686645508,5.56,5.37,4.28
2023-08-17,139.13735961914062,141.59937805479146,138.92203888799807,141.2436574651906,9953900,17.889999389648438,5.56,5.36,4.3
2023-08-18,139.45562744140625,139.95177640901298,138.0233461901272,138.21992597052116,8517500,17.299999237060547,5.55,5.35,4.26
2023-08-21,139.9330596923828,140.5134714627281,138.56631446042414,140.09220047778916,8327000,17.1299991607666,5.57,5.37,4.34
2023-08-22,137.03102111816406,140.0828066162515,136.5348722488115,139.72707184794504,9673300,16.969999313354492,5.57,5.39,4.34
2023-08-23,137.9578399658203,138.16379025559206,136.16983777261737,137.00299511424015,7858000,15.979999542236328,5.57,5.35,4.19
2023-08-24,137.82676696777344,139.86754299375357,137.60210433741543,138.07952671117278,6534000,17.200000762939453,5.58,5.39,4.23
2023-08-25,137.6582794189453,139.12799993539016,136.53492333751183,137.8735858825269,6695500,15.68000030517578,5.61,5.44,4.25
2023-08-28,138.1356658935547,139.11860756571917,137.73313590181482,138.14503635752138,5094100,15.079999923706056,5.58,5.44,4.2
2023-08-29,139.25901794433594,139.34328069655484,137.77992738593437,138.27609058280223,6337000,14.449999809265137,5.56,5.37,4.12
2023-08-30,138.69735717773438,139.62411896057506,137.78930775518225,139.127970012283,6277300,13.880000114440918,5.56,5.39,4.12
2023-08-31,136.9842529296875,138.8752443375692,136.6378885199195,138.79098156731098,10933900,13.56999969482422,5.56,5.37,4.09
2023-09-01,137.4429168701172,138.62243813166728,136.39443924227538,136.75953017686766,7903500,13.09000015258789,5.53,5.36,4.18
2023-09-05,135.92637634277344,138.74414307002488,135.74850896054588,137.7612015206172,7854700,14.010000228881836,5.55,5.42,4.27
2023-09-06,135.70176696777344,136.24471122155913,134.90604866728975,135.45836338754435,8629200,14.449999809265137,5.55,5.44,4.3
2023-09-07,134.5409393310547,135.9919472963918,134.23201394868647,134.92475701377694,8373700,14.399999618530272,5.53,5.4,4.27
2023-09-08,134.64390563964844,134.91537771193595,133.53926213708527,134.21327851187928,7107900,13.84000015258789,5.55,5.42,4.26
2023-09-11,135.2336883544922,135.78600302416146,134.51286243054037,135.50516045652148,6854200,13.800000190734863,5.55,5.4,4.29
2023-09-12,136.9936065673828,137.91102656774115,134.84986974127222,135.27112644775508,8363200,14.229999542236328,5.56,5.42,4.27
2023-09-13,137.0591278076172,138.26673213964824,136.506813201659,137.92972395420438,8325900,13.479999542236328,5.55,5.42,4.25
2023-09-14,139.71775817871094,140.3262385140318,138.09825315552496,138.39780809031097,10034900,12.81999969482422,5.55,5.42,4.29
2023-09-15,139.3058319091797,140.16707182842225,138.83776580409716,139.4088070236676,19863400,13.789999961853027,5.56,5.43,4.33
2023-09-18,139.59605407714844,139.61478072408826,138.31355730457247,138.6973750034845,6512400,14.0,5.55,5.44,4.32
2023-09-19,139.41818237304688,140.15773491994022,137.80804789167848,139.95178466264682,7943400,14.109999656677246,5.54,5.45,4.37
2023-09-20,138.8284149169922,140.65386993955852,138.67863032943688,140.09218487834835,7332000,15.140000343322754,5.56,5.47,4.35
2023-09-21,137.7424774169922,139.34326960229055,137.2650551855661,138.15437782884638,8052400,17.540000915527344,5.57,5.46,4.49
2023-09-22,136.4225616455078,138.0888760647545,135.9170564679509,137.88292580761205,7071700,17.200000762939453,5.56,5.46,4.44
2023-09-25,137.09654235839844,137.16207846143809,134.52217909897934,136.0668056251761,7044700,16.899999618530273,5.58,5.45,4.55
2023-09-26,135.6736297607422,136.5255134713151,135.01834009270283,135.36471871200064,7468400,18.940000534057617,5.58,5.45,4.56
2023-09-27,136.46934509277344,136.7595437767897,135.28045325041472,135.91703054679127,6717800,18.21999931335449,5.58,5.49,4.61
2023-09-28,138.1637725830078,139.3620208697306,136.68468172940547,136.9374414680217,8868100,17.34000015258789,5.56,5.46,4.59
2023-09-29,135.7578887939453,139.25901390338058,135.60810422128415,139.10924361496248,11917800,17.520000457763672,5.55,5.46,4.59
2023-10-02,134.58775329589844,136.3195895900525,133.52056297766828,135.58005131127518,9170600,17.610000610351562,5.62,5.49,4.69
2023-10-03,133.59544372558594,134.41923041723004,133.25843553401722,134.054139400051,9431100,19.780000686645508,5.62,5.49,4.81
2023-10-04,134.194580078125,134.30691139083365,132.8652595512566,134.0447954716826,8128700,18.57999992370605,5.61,5.42,4.73
2023-10-05,134.7603759765625,134.9489954403181,132.8082911555661,133.94936120720567,8576200,18.489999771118164,5.61,5.39,4.72
2023-10-06,136.83509826660156,137.57066825366812,134.04369376953446,134.76983853766583,10270600,17.450000762939453,5.63,5.43,4.78
2023-10-09,136.5238800048828,137.11798531189535,135.32621539355333,135.47710521963256,6964900,17.700000762939453,5.62,5.4,4.720000000000001
2023-10-10,137.35372924804688,138.40994351775856,137.00480915687686,137.13683414188532,11288800,17.030000686645508,5.61,5.37,4.66
2023-10-11,137.8252716064453,138.8437563954765,136.75964633550754,138.16476653612236,8698200,16.09000015258789,5.61,5.38,4.58
2023-10-12,137.50462341308594,138.58912775754237,136.86336329119763,137.96671807007812,10484400,16.690000534057617,5.63,5.43,4.7
2023-10-13,139.5698699951172,144.38880324418298,139.41898019566213,140.04138982618178,29427000,19.31999969482422,5.62,5.41,4.63
2023-10-16,139.42843627929688,141.00331097441395,138.36279673046786,140.93729128323395,12663500,17.209999084472656,5.61,5.42,4.71
2023-10-17,139.12667846679688,140.80528837588392,138.4288237446185,139.16440812185908,11482700,17.8799991607666,5.62,5.48,4.83
2023-10-18,137.5989532470703,139.07951838576773,137.08970365032715,138.24021346264712,9620300,19.21999931335449,5.61,5.47,4.91
2023-10-19,137.01425170898438,138.64572098900047,136.62761631159904,137.1934315805182,11143600,21.399999618530277,5.6,5.44,4.98
2023-10-20,134.8075408935547,136.87280042471613,134.02481610747344,136.33527520394097,13332900,21.709999084472656,5.58,5.41,4.93
2023-10-23,132.9686279296875,135.49596799323533,132.71400312369968,134.79812766595725,10133400,20.3700008392334,5.58,5.42,4.86
2023-10-24,133.12893676757812,133.6570367926189,132.36507677495513,133.1478015940857,8881400,18.96999931335449,5.58,5.41,4.83
2023-10-25,132.4027862548828,133.13835617043748,131.5634813825373,132.5631156887243,8242600,20.190000534057617,5.59,5.43,4.95
2023-10-26,132.7422637939453,133.60043337964612,131.48801925860812,131.79922408824612,9109400,20.68000030517578,5.59,5.39,4.86
2023-10-27,127.9610595703125,131.17682841025032,127.4895397189308,131.0353638210495,17434700,21.270000457763672,5.59,5.39,4.84
2023-10-30,129.592529296875,130.17720937589277,128.29112975104002,128.6683543097979,9855500,19.75,5.6,5.41,4.88
2023-10-31,131.13909912109375,131.3088537506683,129.63966944313077,129.86600415268222,9672500,18.13999938964844,5.59,5.44,4.88
2023-11-01,131.02593994140625,132.52536963058716,130.5827101254128,131.3182799499032,9432000,16.8700008392334,5.57,5.37,4.77
2023-11-02,133.3646697998047,133.42124987825363,131.29941059855653,132.1104252988265,10186200,15.65999984741211,5.54,5.38,4.67
2023-11-03,134.8546905517578,135.58083522229103,133.77020054443747,134.0908306209058,9538700,14.90999984741211,5.53,5.29,4.57
2023-11-06,135.87318420410156,135.9769191638664,134.65665473143704,135.01501448146942,7625100,14.890000343322754,5.56,5.33,4.67
2023-11-07,135.80712890625,136.04288880849035,134.6849238588857,135.33560910176934,6297900,14.8100004196167,5.55,5.33,4.58
2023-11-08,136.47671508789062,136.58987525429612,135.4393655970245,135.90146025925483,7618200,14.449999809265137,5.54,5.34,4.49
2023-11-09,136.07118225097656,137.35371672684704,135.51479232127906,137.15568646220893,7992500,15.289999961853027,5.54,5.39,4.62
2023-11-10,138.08929443359375,138.13644929586334,135.87315980335984,136.68417450960823,7983300,14.170000076293944,5.53,5.38,4.61
2023-11-13,137.47633361816406,137.91956345188186,136.89165357778936,137.40088871139884,6676300,14.760000228881836,5.55,5.37,4.63
2023-11-14,139.9848175048828,140.7486773711874,138.17418298003085,138.32505839820212,9927700,14.15999984741211,5.52,5.24,4.44
2023-11-15,141.21078491210938,141.60685990157586,140.00369511859856,140.00369511859856,8365300,14.18000030517578,5.53,5.27,4.53
2023-11-16,142.8233642578125,142.8988091629842,141.5408296491821,141.5408296491821,8126200,14.31999969482422,5.51,5.23,4.45
2023-11-17,144.1153564453125,144.15307170777956,142.90825220167514,143.53066195472735,7812400,13.800000190734863,5.5,5.24,4.44
2023-11-20,144.55853271484375,144.99233725857215,143.26657307859108,143.41746286681334,7019000,13.40999984741211,5.54,5.25,4.42
2023-11-21,144.2567901611328,144.87919984297054,143.87958002103724,144.47368527220556,7083500,13.350000381469728,5.53,5.24,4.41
2023-11-22,144.59629821777344,145.11497299989654,144.19078361006055,144.6717431305955,5174500,12.850000381469728,5.54,5.26,4.42
2023-11-24,144.79432678222656,145.6430712490366,144.54914161073685,144.84148165087916,3496900,12.460000038146973,5.54,5.27,4.47
2023-11-27,144.46426391601562,144.78489398263042,144.01160885787445,144.69058425026378,6259100,12.6899995803833,5.49,5.24,4.39
2023-11-28,144.79432678222656,145.10553164775902,144.02104161697716,144.492561524212,6582700,12.6899995803833,5.47,5.21,4.34
2023-11-29,145.52987670898438,146.7652562718604,145.22809713258968,145.38841213643354,9126100,12.979999542236328,5.45,5.12,4.27
2023-11-30,147.1896209716797,147.2367758291202,145.58645654619724,146.08626637785397,9869800,12.920000076293944,5.45,5.16,4.37
2023-12-01,147.9063720703125,148.86827678185622,146.94448174841548,146.94448174841548,8916000,12.630000114440918,5.43,5.05,4.22
2023-12-04,148.99085998535156,149.04744006979425,147.0010454744615,147.1330704680428,9607500,13.079999923706056,5.46,5.1,4.28
2023-12-05,148.97201538085938,149.47182538080324,148.02897547309405,148.3024507149013,9135600,12.850000381469728,5.45,5.06,4.18
2023-12-06,147.40655517578125,150.15080456532945,147.11421512755064,149.79244482122945,9366000,12.970000267028809,5.45,5.07,4.12
2023-12-07,147.8592071533203,148.34959188917583,147.25566224366952,147.7649118050395,8130900,13.0600004196167,5.44,5.05,4.14
2023-12-08,149.4906768798828,149.73586205376884,148.038387493204,148.30243749266455,7369400,12.350000381469728,5.44,5.13,4.23
2023-12-11,150.0376434326172,150.22624852159782,149.14174407807883,149.4906786018212,8093900,12.630000114440918,5.47,5.14,4.23
2023-12-12,151.37673950195312,151.4993248802861,149.83015494063707,150.16021020801867,10223000,12.06999969482422,5.46,5.14,4.2
2023-12-13,151.885986328125,152.80073607591623,150.66947133004385,151.376751172791,12379100,12.1899995803833,5.44,4.94,4.04
2023-12-14,154.64910888671875,155.45068411871856,152.49897919789595,152.61213937426157,13643000,12.479999542236328,5.43,4.9,3.92
2023-12-15,155.81846618652344,155.8656210556817,153.14023653822656,153.79093631953123,20309300,12.279999732971191,5.44,4.95,3.91
2023-12-18,156.76150512695312,157.61024959807705,156.19568986918287,156.46916508532496,8469600,12.5600004196167,5.46,4.95,3.95
2023-12-19,158.85507202148438,158.87393684903017,156.12026200288022,156.54462708995365,10345700,12.529999732971191,5.43,4.93,3.93
2023-12-20,157.0632781982422,159.76037254396363,156.9689684644074,158.42125778345093,10734700,13.670000076293944,5.44,4.88,3.86
2023-12-21,157.9591827392578,158.51557282494355,156.2428432197769,157.33677295375506,7601700,13.649999618530272,5.42,4.84,3.89
2023-12-22,157.86485290527344,158.64757764689784,157.70453786994963,157.95916263882626,6576300,13.029999732971191,5.44,4.82,3.9
2023-12-26,158.79849243164062,159.15685220791008,157.65740779068372,157.92147220821988,4683600,12.989999771118164,5.45,4.83,3.89
2023-12-27,159.7509002685547,159.81691994666738,158.03457570297246,158.27976081530073,6428600,12.43000030517578,5.44,4.79,3.79
2023-12-28,160.59970092773438,160.9391958738307,159.37374615629497,159.70381588348346,6320100,12.470000267028809,5.45,4.82,3.84
2023-12-29,160.4110870361328,160.96747710381322,159.96785714773753,160.3167772936309,6435100,12.449999809265137,5.4,4.79,3.88
2024-01-02,162.27828979492188,162.3631599230326,159.2888553688662,159.45859562508764,9977400,13.199999809265137,5.46,4.8,3.95
2024-01-03,161.57098388671875,162.2405339755657,160.6656594972967,162.07079374672327,9852300,14.039999961853027,5.48,4.81,3.91
2024-01-04,162.64321899414062,164.4839997839759,161.81770540051127,161.91259668017605,11972500,14.130000114440918,5.48,4.85,3.99
2024-01-05,163.4592742919922,164.51250404605182,162.70018730628055,162.70018730628055,10066000,13.350000381469728,5.47,4.84,4.05
2024-01-08,163.22201538085938,163.54462255510825,160.8214137681895,163.22201538085938,11229900,13.079999923706056,5.49,4.82,4.01
2024-01-09,161.9315643310547,163.0037604143166,161.4002079573363,162.84245683503605,9923600,12.760000228881836,5.47,4.82,4.02
2024-01-10,162.273193359375,162.3301223453623,160.3090564725397,161.3053571624542,9670200,12.6899995803833,5.46,4.82,4.04
2024-01-11,161.58999633789062,161.6469253167498,160.01489369036094,161.6184608273202,11919500,12.4399995803833,5.46,4.75,3.98
2024-01-12,160.40390014648438,167.29258049499637,160.261563245395,164.9109602585302,19436500,12.699999809265137,5.45,4.65,3.96
2024-01-16,159.39813232421875,159.49300912270533,155.8968555922771,156.43769533094127,17206400,13.84000015258789,5.45,4.7,4.07
2024-01-17,158.54417419433594,160.42291746804034,157.9748698967347,158.78138793793093,11107500,14.789999961853027,5.47,4.8,4.1
2024-01-18,158.85728454589844,158.9616591633274,156.788787827513,158.57262518214884,9382300,14.130000114440918,5.45,4.8,4.14
2024-01-19,161.5994873046875,161.84619886256158,158.53468981159222,158.98065280488078,13115700,13.300000190734863,5.45,4.84,4.15
2024-01-22,161.40969848632812,163.1840524158629,161.03016233915122,161.7418034738899,12837500,13.1899995803833,5.46,4.83,4.11
2024-01-23,160.34698486328125,161.06810933054288,159.8251118048267,160.99219920582442,8360800,12.550000190734863,5.45,4.81,4.14
2024-01-24,161.77976989746094,162.26368071250425,160.2236483497231,160.69807582742826,9967100,13.140000343322754,5.44,4.83,4.18
2024-01-25,164.09495544433594,164.1424010811721,162.16878131146788,163.49717227262667,8873500,13.449999809265137,5.44,4.76,4.14
2024-01-26,163.46871948242188,164.20882513921873,162.9942920368661,163.78184333389387,7443000,13.260000228881836,5.44,4.78,4.15
2024-01-29,163.89569091796875,164.00006552852224,162.5388354591491,163.4307613169015,6971200,13.600000381469728,5.42,4.76,4.08
2024-01-30,167.25466918945312,167.71959885740603,163.99060578443397,163.99060578443397,10822100,13.3100004196167,5.42,4.8,4.06
2024-01-31,165.44235229492188,169.1808431739778,165.42337114167398,167.18824195590526,11521800,14.350000381469728,5.42,4.73,3.99
2024-02-01,164.84454345703125,165.89777288401743,162.6621744802231,164.7591499982318,9354800,13.880000114440918,5.42,4.68,3.87
2024-02-02,165.7934112548828,166.82767409091414,164.39859340512308,164.4365557087008,8607600,13.850000381469728,5.43,4.81,4.03
2024-02-05,165.57518005371094,166.13500096991308,164.07598757427212,164.9679134968324,7820200,13.670000076293944,5.42,4.87,4.17
2024-02-06,166.14450073242188,166.8751085895703,164.87302414792433,165.6795566137463,6764800,13.0600004196167,5.44,4.82,4.09
2024-02-07,166.45761108398438,166.87510956386498,165.062807676568,166.7043226284831,7225500,12.829999923706056,5.43,4.83,4.09
2024-02-08,165.85984802246094,166.34375883435635,164.69276048884402,166.04961611663302,6060300,12.789999961853027,5.44,4.83,4.15
2024-02-09,166.05909729003906,166.14450523792445,164.78763514943896,166.04961395288615,6296700,12.93000030517578,5.44,4.86,4.17
2024-02-12,166.79917907714844,167.76701502799656,164.8160760181081,165.84084094046935,8539300,13.93000030517578,5.43,4.87,4.17
2024-02-13,165.34744262695312,167.21668785869485,163.79132123629455,166.35324093999716,8397600,15.850000381469728,5.45,4.99,4.31
2024-02-14,167.02691650390625,167.09334329239704,165.49925963075256,166.11602396443158,7056700,14.380000114440918,5.43,4.94,4.27
2024-02-15,170.67051696777344,170.99313861983137,167.1407757730594,167.1407757730594,8723400,14.010000228881836,5.43,4.93,4.24
2024-02-16,169.87347412109375,170.7748832877289,169.04797507605818,170.42381164390923,8152600,14.239999771118164,5.44,4.98,4.3
2024-02-20,170.53768920898438,171.2303637188881,169.28520825442058,170.02531392720303,9668000,15.420000076293944,5.44,4.97,4.27
2024-02-21,171.64784240722656,171.73325035019496,169.38957763277347,170.7464331647667,7024000,15.34000015258789,5.44,4.98,4.32
2024-02-22,173.7068634033203,174.03895391200567,171.97045729976963,172.52079484720994,9296500,14.539999961853027,5.45,5.02,4.33
2024-02-23,174.57981872558594,175.72792504973566,173.82073190790015,174.40901731437765,7105800,13.75,5.46,5.0,4.26
2024-02-26,173.98204040527344,175.02578661879247,173.1470434344582,174.3520932485434,7145400,13.739999771118164,5.47,5.03,4.28
2024-02-27,174.06741333007812,174.15280678882112,172.91930710908773,173.9345742347972,5717100,13.43000030517578,5.45,5.03,4.31
2024-02-28,174.94985961914062,175.72791305734785,173.60248748692752,174.04843594056865,6131600,13.84000015258789,5.45,5.0,4.27
2024-02-29,176.5439453125,176.89501700223315,174.44698403277337,176.1644091332413,9643000,13.399999618530272,5.45,5.01,4.25
2024-03-01,175.8133087158203,176.90450047991027,175.63303845622815,176.20234267897524,6311800,13.109999656677246,5.42,4.94,4.19
2024-03-04,177.13221740722656,177.99567880021087,174.84548820991387,175.26298666271404,7063600,13.489999771118164,5.48,4.98,4.22
2024-03-05,178.90660095214844,179.61824215364595,176.82860632723535,176.82860632723535,6617800,14.460000038146973,5.47,4.94,4.13
2024-03-06,179.83645629882812,180.3488460192698,178.0336378978686,179.570778102442,7572900,14.5,5.47,4.95,4.11
2024-03-07,178.26132202148438,180.75681443388729,177.08475149815234,180.1969936540197,7618300,14.4399995803833,5.47,4.93,4.09
2024-03-08,178.5934600830078,180.7189001480093,178.3088007338345,178.80220930717653,6172200,14.739999771118164,5.46,4.92,4.09
2024-03-11,178.6598663330078,178.80220324195415,176.69574439925185,177.70152818428755,5762600,15.220000267028809,5.48,4.95,4.1
2024-03-12,180.13058471679688,180.43422519054923,178.29930197399256,179.28610455693834,5708400,13.84000015258789,5.48,5.0,4.16
2024-03-13,181.59185791015625,181.92394844272968,180.1306132360268,180.62402184480607,7795500,13.75,5.48,5.01,4.19
2024-03-14,178.3562469482422,181.82905916695464,177.53074786350967,181.25974046676785,10310900,14.399999618530272,5.48,5.04,4.29
2024-03-15,180.56710815429688,181.17437477098684,176.94247512959424,176.94247512959424,17214200,14.40999984741211,5.48,5.05,4.31
2024-03-18,182.80638122558597,182.84432904958828,180.17804920335632,180.8802070135972,9013800,14.329999923706056,5.48,5.06,4.34
2024-03-19,183.8785858154297,184.0114249231001,182.54071140188407,182.85383525818784,8478700,13.81999969482422,5.48,5.06,4.3
2024-03-20,186.2886962890625,186.5069288762153,183.70780963606143,184.2581472510197,9367000,13.039999961853027,5.47,5.01,4.27
2024-03-21,188.8790435791016,189.2301152395076,186.2886739000261,186.4689586375457,11203800,12.920000076293944,5.48,5.01,4.27
2024-03-22,186.5638427734375,190.2264232070592,186.48793264526572,188.83160536845347,8108800,13.0600004196167,5.46,4.98,4.22
2024-03-25,184.8559417724609,186.86750977989115,184.41946209318417,186.5449025482049,8620000,13.1899995803833,5.46,5.0,4.25
2024-03-26,185.7193603515625,186.60180291274617,184.13477445009167,184.6376663748181,5961500,13.239999771118164,5.46,5.0,4.24
2024-03-27,189.3155059814453,189.39141609973535,186.3361026108392,186.44996054908697,8725800,12.779999732971191,5.45,4.99,4.2
2024-03-28,190.05563354492188,190.45415085331143,188.38563970590693,189.28706341600085,8628300,13.010000228881836,5.46,5.03,4.2
2024-04-01,188.76519775390625,190.66290757030683,188.4141260709528,189.76149830319196,7309000,13.649999618530272,5.44,5.06,4.33
2024-04-02,188.6892852783203,189.5622300456081,187.9491796173942,188.2433223187396,7014700,14.609999656677246,5.42,5.05,4.36
2024-04-03,188.15789794921875,189.35344971011276,187.5885793135315,188.86004119107545,9353400,14.329999923706056,5.42,5.03,4.36
2024-04-04,186.726318359375,190.5725072606076,186.63088813761215,190.0666819404932,9243800,16.350000381469727,5.41,5.0,4.31
2024-04-05,188.4442443847656,189.08368373972883,186.21097596961084,187.21308807266684,6532300,16.030000686645508,5.43,5.05,4.39
2024-04-08,189.42727661132807,189.90447149415996,188.6065008303441,188.6065008303441,8001000,15.1899995803833,5.43,5.07,4.42
2024-04-09,188.15792846679688,189.80903317635733,186.02010480291608,189.03597982912677,7351500,14.979999542236328,5.43,5.03,4.36
2024-04-10,186.55455017089844,188.0815794697576,185.32337934002092,186.63090309212447,7681400,15.800000190734863,5.45,5.19,4.55
2024-04-11,186.51634216308597,187.6043602268826,184.42624128812224,187.06035119498424,10137700,14.90999984741211,5.45,5.17,4.56
2024-04-12,180.53233337402344,180.31284860479283,179.15801733834343,179.73068483719993,31532300,17.309999465942383,5.45,5.13,4.5
2024-04-15,174.54832458496094,178.90989232756837,173.88979338856458,176.0848925222756,14766600,19.229999542236328,5.45,5.16,4.63
2024-04-16,172.55368041992188,174.80604095219934,171.4561234016168,174.5578902815886,16451800,18.399999618530277,5.45,5.18,4.67
2024-04-17,171.8665008544922,174.0997692825039,171.02663324895016,173.09765717367875,9017100,18.209999084472656,5.45,5.16,4.59
2024-04-18,172.98313903808594,174.9969019564357,171.76152134535386,172.839986403325,9557700,18.0,5.46,5.18,4.64
2024-04-19,177.3256072998047,177.40196022253804,173.1358371435667,174.08067361637623,13402300,18.709999084472656,5.45,5.17,4.62
2024-04-22,180.77096557617188,181.45812735942548,177.49740116944542,177.5069543871332,11529700,16.940000534057617,5.42,5.16,4.62
2024-04-23,183.3764190673828,183.4623106371964,181.83031255941904,182.41249080398305,9144400,15.6899995803833,5.45,5.14,4.61
2024-04-24,184.2735595703125,184.41671219594372,181.4962821304213,181.8398629947669,6964900,15.970000267028809,5.46,5.17,4.65
2024-04-25,184.55032348632807,185.0943325814848,182.46020780549335,183.4814117295957,9802300,15.369999885559082,5.47,5.21,4.7
2024-04-26,184.6648712158203,185.9819191199223,184.25447606565837,184.74122414056745,6413700,15.029999732971191,5.46,5.21,4.67
2024-04-29,184.4644470214844,185.39974488523453,183.65320992069704,184.6553220561309,5387800,14.670000076293944,5.45,5.2,4.63
2024-04-30,182.99468994140625,186.0964565277787,182.8992451443853,184.0158793679396,8153700,15.649999618530272,5.46,5.25,4.69
2024-05-01,183.1092071533203,185.59062618122607,182.08800319125083,183.50051042268325,7445300,15.390000343322754,5.46,5.21,4.63
2024-05-02,182.91835021972656,184.6744239341498,180.87595665640484,184.2640433155668,6501700,14.68000030517578,5.46,5.16,4.58
2024-05-03,181.8207855224609,183.7486568896736,179.86429819068653,183.2428314886118,8922800,13.489999771118164,5.45,5.12,4.5
2024-05-06,183.2427673339844,183.4336423040586,181.16220540336997,182.9850781148295,7911100,13.489999771118164,5.45,5.12,4.49
2024-05-07,183.0042266845703,184.1303995509317,182.90878188854623,182.95650428655827,7688800,13.229999542236328,5.45,5.13,4.47
2024-05-08,186.726318359375,187.6807079539802,182.28841256959265,182.28841256959265,9227600,13.0,5.45,5.13,4.48
2024-05-09,188.4919586181641,188.5778501928348,186.2014292499616,186.268228953762,7977300,12.6899995803833,5.46,5.12,4.45
2024-05-10,189.70404052734372,190.24803507157247,189.22684568795717,189.48452041598773,7529800,12.550000190734863,5.47,5.17,4.5
2024-05-13,189.66587829589844,190.7348047600813,189.0073470128049,189.73269257114907,7049200,13.600000381469728,5.45,5.16,4.48
2024-05-14,192.31906127929688,192.385875547787,189.121864553999,189.9235483988948,8596200,13.420000076293944,5.44,5.16,4.45
2024-05-15,192.89170837402344,193.44525616341704,190.65843990714103,192.79626357615743,8370000,12.449999809265137,5.45,5.1,4.36
2024-05-16,193.2352600097656,195.15357782872616,192.7771570875777,192.99666261404684,8497900,12.420000076293944,5.45,5.13,4.38
2024-05-17,195.449462890625,195.6976135361828,193.5597753367388,194.51416504960696,9260500,11.989999771118164,5.46,5.14,4.42
2024-05-20,186.65953063964844,196.4897470075204,186.48773292892272,195.0677011776776,17373300,12.149999618530272,5.45,5.15,4.44
2024-05-21,190.4198303222656,190.78248849278148,187.6330142438508,188.01476428528767,14420800,11.859999656677246,5.45,5.14,4.41
2024-05-22,189.2650146484375,191.77506416081212,188.6732977083887,189.92354585608183,9425300,12.289999961853027,5.45,5.16,4.43
2024-05-23,187.9384307861328,189.25549332200828,187.12720822353947,188.78783709451412,8069400,12.770000457763672,5.46,5.2,4.47
2024-05-24,191.5555725097656,191.6032803468456,188.5492360693029,188.7305724512688,7356200,11.93000030517578,5.46,5.21,4.46
2024-05-28,190.40074157714844,191.26923968293065,189.59905773927144,190.74432244521444,6910200,12.920000076293944,5.46,5.21,4.54
2024-05-29,189.0741271972656,189.91399471851383,187.90977070201868,188.9691437571096,6120000,14.279999732971191,5.46,5.22,4.61
2024-05-30,190.2384796142578,190.7347662809771,189.35088971872463,189.50359554891972,6829100,14.470000267028809,5.46,5.19,4.55
2024-05-31,193.3879852294922,194.0274245665969,189.3031985702233,190.20986585230213,14417900,12.920000076293944,5.46,5.18,4.51
2024-06-03,192.61492919921875,193.18755426057612,190.10487971991847,193.0825708149027,6444300,13.109999656677246,5.52,5.14,4.41
2024-06-04,190.07623291015625,192.7676039624625,189.2363654167245,191.0306224934816,6848300,13.15999984741211,5.52,5.11,4.33
2024-06-05,188.26292419433597,190.70617428252737,187.9384351617438,190.6488986625119,8351600,12.630000114440918,5.51,5.08,4.29
2024-06-06,187.9288787841797,188.98825193066077,186.42094131495605,188.26290644052492,7640300,12.579999923706056,5.51,5.08,4.28
2024-06-07,190.8302154541016,191.755974617706,188.024307437637,188.42514935958465,6964500,12.220000267028809,5.52,5.17,4.43
2024-06-10,190.5057373046875,191.67963261173605,189.38910305220256,190.15261775965763,6070800,12.739999771118164,5.52,5.16,4.47
2024-06-11,185.4951934814453,188.91191055404263,184.7698625098068,188.88328002640117,9235300,12.850000381469728,5.52,5.17,4.39
2024-06-12,182.79425048828125,187.747535155726,182.5842835979704,187.06037343522323,12751300,12.039999961853027,5.51,5.13,4.31
2024-06-13,184.82708740234372,185.7051240581642,182.1738855659129,183.5482088751376,8587800,11.9399995803833,5.51,5.07,4.24
2024-06-14,184.94163513183597,185.97237775666235,182.68927485451107,182.71790538052036,6874000,12.65999984741211,5.51,5.07,4.2
2024-06-17,186.0869140625,186.65955375205004,183.8536454863529,184.65532940145712,8725400,12.75,5.52,5.11,4.28
2024-06-18,188.0147705078125,188.930991025547,185.27567673463204,185.72424105772285,9023000,12.300000190734863,5.5,5.09,4.22
2024-06-20,189.60858154296875,190.35300427166865,187.1653464782276,187.4325744032568,8731100,13.279999732971191,5.5,5.1,4.25
2024-06-21,187.3466796875,188.17699397183773,185.36154759002736,187.7379829150178,20972100,13.199999809265137,5.49,5.1,4.25
2024-06-24,189.80902099609372,190.14304864072443,188.1102085595612,188.78781706567207,9785900,13.329999923706056,5.5,5.1,4.25
2024-06-25,189.0359649658203,190.94474426582192,188.7210146337804,189.05504227358247,6862500,12.84000015258789,5.49,5.1,4.23
2024-06-26,188.42515563964844,188.9119037176036,187.3276132855566,188.44424751166252,7758600,12.550000190734863,5.5,5.13,4.32
2024-06-27,190.08578491210935,190.74431610090176,187.9193163282288,188.43469489460125,7913500,12.239999771118164,5.49,5.1,4.29
2024-06-28,193.03485107421875,193.35935463256504,190.20986578187188,190.88747429822308,15307600,12.4399995803833,5.48,5.09,4.36
2024-07-01,196.079345703125,197.64454410688452,193.416605054855,193.5883881973363,10205800,12.220000267028809,5.47,5.1,4.48
2024-07-02,199.30517578125,199.33380630334244,195.4303564545634,195.92662854605163,7802900,12.029999732971191,5.47,5.07,4.43
2024-07-03,199.1715850830078,200.78450597577336,198.17901165846092,199.9923607921085,5560900,12.09000015258789,5.47,5.04,4.36
2024-07-05,196.53245544433597,199.00842649532183,196.2733529220472,198.64375880499992,8093100,12.479999542236328,5.46,4.98,4.28
2024-07-08,196.89715576171875,198.5573947892196,195.74554496023563,196.7723929216868,8707000,12.369999885559082,5.46,4.99,4.28
2024-07-09,199.25796508789065,201.30206944737745,197.16585925201636,197.3386089216144,9058900,12.510000228881836,5.46,5.02,4.3
2024-07-10,199.42112731933597,199.58427085155645,197.29064060335327,197.82805803738012,8328500,12.850000381469728,5.46,5.01,4.28
2024-07-11,199.0852203369141,199.70901989248077,197.0986942703721,197.89522885627903,10658100,12.920000076293944,5.44,4.91,4.2
2024-07-12,196.6764068603516,199.08519330986303,193.9509249213505,195.77430721941596,15443400,12.460000038146973,5.43,4.87,4.18
2024-07-15,201.58038330078125,203.07747876015205,198.38465354242032,198.83570341075963,10719700,13.119999885559082,5.43,4.85,4.23
2024-07-16,205.0064392089844,205.12161054317332,199.68982876618043,201.5324090344148,11557000,13.1899995803833,5.43,4.85,4.17
2024-07-17,208.1253662109375,208.7875463835636,204.6705341466408,205.17916232258048,11572500,14.479999542236328,5.43,4.85,4.16
2024-07-18,201.51319885253903,207.90465837072435,200.80304644620205,206.93538878296755,12415100,15.93000030517578,5.43,4.86,4.2
2024-07-19,201.32125854492188,203.787638142558,200.49593484279177,202.68399960778325,8095900,16.520000457763672,5.43,4.87,4.25
2024-07-22,201.8011016845703,203.6148926358178,201.25409280392117,201.97385135034517,7663200,14.90999984741211,5.43,4.88,4.26
2024-07-23,201.8490753173828,202.95269915898984,200.9085949784075,202.5112554797567,5557300,14.720000267028809,5.41,4.85,4.25
2024-07-24,200.1792449951172,203.4805398970385,199.6802229423339,201.10054238495405,7119000,18.040000915527344,5.4,4.82,4.28
2024-07-25,200.25601196289065,201.71472666285024,199.66101627259545,200.2368143021804,6403800,18.459999084472656,5.39,4.83,4.27
2024-07-26,203.6820831298828,204.5649852156185,200.20803848586092,200.8030488593653,8027800,16.389999389648438,5.38,4.79,4.2
2024-07-29,202.34811401367188,204.99682004630137,202.0602076823259,204.0755227146991,6533600,16.600000381469727,5.41,4.79,4.17
2024-07-30,206.51312255859372,207.08892060425245,204.37304460068856,204.63214713164876,8850700,17.690000534057617,5.4,4.78,4.15
2024-07-31,204.2194976806641,207.66473846208044,204.09473484474648,206.11965617262396,9071600,16.360000610351562,5.41,4.73,4.09
2024-08-01,199.5746612548828,205.20796693510616,198.05836812142132,204.6033650548551,10918600,18.59000015258789,5.37,4.62,3.99
2024-08-02,191.11029052734372,196.4173090899953,188.951014866982,195.65916985684163,18041700,23.38999938964844,5.29,4.33,3.8
2024-08-05,187.04124450683597,188.26003972022244,183.2025323392783,186.2255269573448,13927000,38.56999969482422,5.35,4.34,3.78
2024-08-06,192.2618865966797,194.4307682439227,186.1775316040648,187.52107494379788,10605800,27.709999084472656,5.34,4.46,3.9
2024-08-07,192.3194580078125,197.45374096940827,192.12752534383736,195.3040570597253,9204400,27.850000381469727,5.34,4.45,3.96
2024-08-08,195.8319091796875,196.6476414155857,193.6534358098913,194.30602452731495,7761200,23.790000915527344,5.34,4.48,3.99
2024-08-09,197.5017547607422,198.14473732678184,194.7186795008032,195.265703043516,5540200,20.3700008392334,5.33,4.5,3.94
2024-08-12,197.87603759765625,198.78772889996105,195.448053080238,198.0871679594775,6936000,20.709999084472656,5.33,4.47,3.9
2024-08-13,199.5554656982422,199.69941155528463,197.11787513313567,199.35392685485715,6387800,18.1200008392334,5.32,4.4,3.85
2024-08-14,201.76272583007807,202.26174789086065,198.7685202477556,199.36353061795853,6999800,16.190000534057617,5.32,4.42,3.83
2024-08-15,203.0198974609375,205.2655406172805,202.58804526064463,204.4114277256701,7001000,15.229999542236328,5.34,4.52,3.92
2024-08-16,205.34231567382807,205.4574723551024,203.058277205054,203.15425086846597,7931200,14.800000190734863,5.33,4.49,3.89
2024-08-19,206.7626190185547,206.83939501460688,205.1983538600032,205.37108886847773,6090800,14.649999618530272,5.31,4.48,3.86
2024-08-20,205.87013244628903,207.290451812223,205.0639917823852,206.33077379457384,5640000,15.880000114440918,5.29,4.43,3.82
2024-08-21,205.94692993164065,206.3307953213397,204.25788707250237,205.78377176531623,5202300,16.270000457763672,5.26,4.36,3.79
2024-08-22,207.89505004882807,208.05819355178016,205.6973792260983,205.92770721801395,5247100,17.549999237060547,5.28,4.43,3.86
2024-08-23,209.50733947753903,210.3518609551952,207.7703243284273,208.82597617549752,7214000,15.859999656677246,5.25,4.36,3.81
2024-08-26,210.33262634277344,210.82205685305937,209.25779166440867,210.1790743477144,5105200,16.149999618530273,5.24,4.38,3.82
2024-08-27,211.3018951416016,211.5322231334125,210.3518232928703,210.65891263842735,5185200,15.43000030517578,5.23,4.34,3.83
2024-08-28,212.3671722412109,213.25008902913484,210.3518569040625,210.4094352503344,6506400,17.110000610351562,5.21,4.36,3.84
2024-08-29,213.2500457763672,213.98898726168144,210.11189474931132,213.19245279825017,6416100,15.649999618530272,5.22,4.38,3.87
2024-08-30,215.7356414794922,216.38821556365377,212.98135535356383,213.52837890369267,8574100,15.0,5.21,4.38,3.91
2024-09-03,211.41705322265625,215.063832325292,210.39979694868128,213.3364091036726,8956100,20.71999931335449,5.19,4.35,3.84
2024-09-04,210.48619079589844,213.1157139537024,208.4516779932841,212.12723207920712,7389500,21.31999969482422,5.18,4.23,3.77
2024-09-05,208.85476684570312,211.8969449168422,207.3192759014218,211.2731453141849,8067900,19.899999618530277,5.15,4.21,3.73
2024-09-06,203.89321899414065,209.9199963918961,202.57845001745773,208.82596392525963,7777000,22.3799991607666,5.13,4.1,3.72
2024-09-09,208.0677947998047,209.35375986693387,205.543836853024,206.51312105129105,8935100,19.450000762939453,5.11,4.12,3.7
2024-09-10,197.2714080810547,209.82399812562028,199.6178253442479,209.78561744862617,28406900,19.07999992370605,5.06,4.07,3.65
2024-09-11,198.8740692138672,199.3251190484655,193.6918138354718,204.5313765659584,13658700,17.690000534057617,5.1,4.12,3.65
2024-09-12,198.2694854736328,200.36157653556083,196.6284296106188,199.27713568329065,9054400,17.06999969482422,5.06,4.09,3.68
2024-09-13,196.08143615722656,199.4690986741892,194.833851700199,198.5190120847975,10226700,16.559999465942383,4.97,4.0,3.66
2024-09-16,199.4786834716797,199.8145766523365,197.30021016072055,197.5305381683303,8634900,17.139999389648438,4.96,3.96,3.63
2024-09-17,200.8126220703125,201.4651960832742,199.28673756042477,199.3539074059829,7573300,17.610000610351562,4.95,3.99,3.65
2024-09-18,199.16197204589844,202.8183428439659,198.3654375571648,200.58229137057424,8259900,18.229999542236328,4.84,3.95,3.7
2024-09-19,201.9930419921875,203.36538928713296,198.97965334983056,201.3212702522084,11635200,16.329999923706055,4.8,3.93,3.73
2024-09-20,202.5784454345703,202.8951409629487,201.05256077890448,201.4652153306085,20885000,16.149999618530273,4.75,3.92,3.73
2024-09-23,202.91433715820312,203.25982185543435,201.52280686007276,202.49207645675105,7223500,15.890000343322754,4.72,3.91,3.75
2024-09-24,203.0582733154297,204.3634360377964,201.88746493315116,202.6360126341457,7323200,15.390000343322754,4.69,3.88,3.74
2024-09-25,201.71473693847656,203.68207992104144,200.19844382266885,203.1446478984502,8976500,15.40999984741211,4.69,3.89,3.79
2024-09-26,201.32125854492188,203.1638386289397,200.582302352154,202.61682975945425,7807500,15.369999885559082,4.68,3.96,3.79
2024-09-27,202.01223754882807,203.87401538274105,200.8894159429532,202.1561834046356,7032500,16.959999084472656,4.68,3.9,3.75
2024-09-30,202.3577117919922,202.45368545325596,196.9835089187661,197.99117378793656,8663800,16.729999542236328,4.73,3.98,3.81
2024-10-01,198.69174194335935,200.6590849232253,197.87602436679808,200.47674374625123,8540100,19.26000022888184,4.71,3.96,3.74
2024-10-02,198.93165588378903,200.5247249559692,197.39617979497947,198.73013169432917,5810900,18.899999618530277,4.69,3.97,3.79
2024-10-03,196.9547119140625,198.16391556637384,196.10059907948147,197.85681157736644,7251300,20.489999771118164,4.68,4.02,3.85
2024-10-04,203.9453582763672,204.3798568480088,199.78380164736595,202.0914868996392,10211700,19.209999084472656,4.73,4.2,3.98
2024-10-07,203.6653594970703,205.9827100132501,202.4680757269759,203.7619212935509,6718900,22.63999938964844,4.77,4.24,4.03
2024-10-08,203.49156188964844,204.0515878849043,201.20319174460772,203.3274186255105,6021800,21.420000076293945,4.75,4.21,4.04
2024-10-09,206.0695953369141,206.86136077091663,202.16874354804747,202.47771475974207,7024000,20.86000061035156,4.75,4.24,4.06
2024-10-10,205.5095672607422,207.41171960680364,204.1867561889192,207.41171960680364,7927100,20.93000030517578,4.75,4.22,4.09
2024-10-11,214.63409423828125,216.89351339672228,207.74966888805528,208.2420986525401,18320700,20.459999084472656,4.73,4.18,4.08
2024-10-14,213.85198974609372,215.9955317699529,211.3415453439257,215.5127523003136,9048900,19.700000762939453,4.73,4.18,4.055
2024-10-15,214.7306671142578,217.68527532023916,214.1803061412129,215.95693117924253,9235800,20.63999938964844,4.73,4.18,4.03
2024-10-16,215.9375915527344,215.9762074260548,213.4271325223828,214.67271175254336,6382500,19.57999992370605,4.72,4.17,4.02
2024-10-17,216.6907501220703,218.0715071604394,215.6189790372494,216.54592216463283,6470200,19.11000061035156,4.74,4.21,4.09
2024-10-18,217.60801696777344,218.13907733966104,215.4162087479307,217.2507648690765,7000500,18.030000686645508,4.73,4.19,4.08
2024-10-21,215.31967163085935,217.9266781613519,215.2231098309936,217.4632139351729,5870000,18.3700008392334,4.73,4.24,4.19
2024-10-22,216.4010772705078,217.5211292408237,213.4850997132088,215.3389712158381,9586800,18.200000762939453,4.72,4.24,4.2
2024-10-23,215.7155303955078,217.0576567581256,214.86583379761672,215.95692013506684,6180500,19.239999771118164,4.73,4.27,4.24
2024-10-24,217.2314453125,217.30869179537711,214.0257973060313,214.18994055717255,6002200,19.07999992370605,4.7,4.25,4.21
2024-10-25,214.6534118652344,217.84940969268465,213.2726696126605,217.25076784703845,6369700,20.32999992370605,4.73,4.29,4.25
2024-10-28,217.7335662841797,217.86874396216533,215.2713877542694,215.65762021512973,6843000,19.799999237060547,4.7,4.28,4.28
2024-10-29,215.2230987548828,218.9405068594728,215.13620197943288,217.4535524575936,6580000,19.34000015258789,4.7,4.29,4.28
2024-10-30,216.68109130859372,218.5156474524891,213.94855766414204,214.87548602178535,7110900,20.350000381469727,4.67,4.28,4.29
2024-10-31,214.27682495117188,217.91698605526625,214.18027790309608,216.96107745978253,7829900,23.15999984741211,4.64,4.27,4.28
2024-11-01,215.26171875,218.36115478761525,215.0299792936343,215.86036059570225,6923500,21.8799991607666,4.61,4.28,4.37
2024-11-04,212.21055603027344,216.05347672838172,211.62156445041865,214.9817056480971,8229600,21.979999542236328,4.65,4.25,4.31
2024-11-05,213.8616485595703,214.3154624265246,212.4229604778152,212.45192606649232,5600700,20.489999771118164,4.64,4.27,4.26
2024-11-06,221.05023956298828,225.23111159704422,219.77086956005053,224.26554531761042,23987800,16.270000457763672,4.64,4.31,4.42
2024-11-07,228.23883056640625,236.14676076756385,227.11877864228583,236.0791645687285,16451100,15.199999809265137,4.63,4.28,4.31
2024-11-08,228.81814575195312,231.0968653627636,227.6594780097169,231.0968653627636,9502100,14.9399995803833,4.63,4.32,4.3
2024-11-11,231.04861450195312,233.76184776036476,230.76860886504485,231.734167897953,9017100,14.970000267028809,4.63,4.35,4.365
2024-11-12,231.30931091308597,233.1438818469388,230.5368607690037,232.26521962387952,6861000,14.710000038146973,4.63,4.38,4.43
2024-11-13,232.8542022705078,235.68328295062503,232.03347126141185,232.29417630585863,11472600,14.020000457763672,4.6,4.31,4.44
2024-11-14,233.53973388671875,235.87638473135124,232.74798322472824,234.0707942453307,10172200,14.3100004196167,4.61,4.36,4.43
2024-11-15,236.8612823486328,237.93305345699477,233.14388893789496,233.14388893789496,11518800,16.139999389648438,4.6,4.34,4.43
2024-11-18,236.5909118652344,239.3910269686542,234.3218424056193,239.2268837126996,9051400,15.579999923706056,4.63,4.33,4.42
2024-11-19,234.71771240234372,236.70676140391376,233.2307581603698,233.9066464521761,6792700,16.350000381469727,4.62,4.34,4.39
2024-11-20,232.4872894287109,236.1853820806055,230.42099380614764,235.9826082126915,9015300,17.15999984741211,4.62,4.37,4.41
2024-11-21,236.3302154541016,237.03508413180523,233.771489998293,234.8529113632746,8783500,16.8700008392334,4.63,4.39,4.43
2024-11-22,239.98968505859372,240.5690116009233,234.65979541625032,235.219821387118,7997300,15.239999771118164,4.63,4.42,4.41
2024-11-25,241.66973876953125,245.55128980408415,240.4821054076885,240.9938504633305,10295400,14.600000381469728,4.62,4.37,4.27
2024-11-26,241.36077880859372,242.35530337685785,239.78691296046716,241.8628736022572,6212100,14.100000381469728,4.61,4.37,4.3
2024-11-27,241.18698120117188,242.53877266956596,240.2021216084016,240.76214760817405,5472300,14.100000381469728,4.6,4.34,4.25
2024-11-29,241.1194000244141,243.09879896511487,240.85869496329937,241.25457769809185,5494800,13.510000228881836,4.58,4.3,4.18
2024-12-02,237.76889038085935,241.63112616369568,236.5909072884335,240.95523784835137,8899700,13.34000015258789,4.51,4.3,4.19
2024-12-03,236.38815307617188,240.4627983571973,236.20469451535047,239.68069795223076,6657700,13.300000190734863,4.49,4.27,4.23
2024-12-04,235.01705932617188,236.89991119978995,233.88735704195787,236.2722889974968,7346300,13.449999809265137,4.47,4.23,4.19
2024-12-05,237.02542114257807,238.66686850941545,236.19503980642355,236.93852436784667,6572500,13.539999961853027,4.46,4.23,4.17
2024-12-06,238.8406982421875,239.20761541279887,236.4074851983536,237.2378666090839,5519700,12.770000457763672,4.42,4.19,4.15
2024-12-09,235.41293334960935,239.3331004642951,235.36465245379452,238.6185962459748,7076500,14.1899995803833,4.42,4.2,4.2
2024-12-10,234.4956512451172,239.42000786865492,233.87769409575165,235.49017580217017,9108300,14.18000030517578,4.41,4.22,4.22
2024-12-11,235.142578125,235.85709707692163,233.8390676036829,235.59639202600604,7884400,13.579999923706056,4.38,4.21,4.26
2024-12-12,233.21145629882807,235.692949917877,232.73832710066324,234.63082916006215,6113800,13.920000076293944,4.35,4.22,4.32
2024-12-13,231.67620849609372,234.36046110198652,230.90375841719612,233.7328537003409,10392700,13.8100004196167,4.34,4.24,4.4
2024-12-16,231.32861328125,232.38106899290696,229.33956421642745,232.32313781366128,9032000,14.6899995803833,4.37,4.24,4.39
2024-12-17,230.15061950683597,230.7878919154712,228.4802067386796,230.43062510460985,8083600,15.869999885559082,4.38,4.25,4.4
2024-12-18,222.4358367919922,230.8362124328699,221.62477071445957,230.7686162264445,11322400,27.6200008392334,4.36,4.3,4.5
2024-12-19,224.93663024902344,228.2195249429689,224.2703921842892,224.2703921842892,11790800,24.09000015258789,4.35,4.28,4.57
2024-12-20,229.41683959960935,230.97139028265684,223.6138201931546,223.9324564524048,32348400,18.36000061035156,4.34,4.27,4.52
2024-12-23,230.1795959472656,230.40167037895355,226.79048935961865,227.93950685968343,8611500,16.780000686645508,4.36,4.26,4.59
2024-12-24,233.96458435058597,234.1383926210489,230.836182814854,231.1837698892596,3729100,14.270000457763672,4.4,4.24,4.59
2024-12-26,234.7660217285156,234.88188409735528,232.49695211699543,233.1149093062428,4451800,14.729999542236328,4.35,4.23,4.58
2024-12-27,232.8638458251953,235.0073878325532,231.77275951756664,234.3604651162079,5730200,15.949999809265137,4.31,4.2,4.62
2024-12-30,231.0775909423828,232.54523003977909,228.9436990328983,230.54653053655983,5723800,17.399999618530273,4.37,4.17,4.55
2024-12-31,231.4541473388672,233.12456023279117,230.7975595775248,231.78243385290807,4871000,17.350000381469727,4.37,4.16,4.58
2025-01-02,231.73416137695312,234.9011937371106,231.20310097714537,232.6224738942401,9220900,17.93000030517578,4.36,4.17,4.57
2025-01-03,234.90118408203125,236.4460843210158,231.9851918792467,235.4901756406523,9491100,16.1299991607666,4.34,4.18,4.6
2025-01-06,233.7559509277344,238.4533888259261,233.4938994273639,236.52199744283416,9917800,16.040000915527344,4.35,4.17,4.62
2025-01-07,236.0076141357422,238.036051249581,233.8044710816832,235.00795317306168,8753400,17.81999969482422,4.35,4.19,4.67
2025-01-08,235.96878051757807,237.05578696137664,233.41624059042408,235.5999684129956,8675300,17.700000762939453,4.35,4.19,4.67
2025-01-10,232.80479431152344,236.6287467717316,231.70808773150117,235.9299526770056,10256800,19.540000915527344,4.36,4.25,4.77
2025-01-13,237.0169982910156,237.33726537542867,231.96044811515128,232.6107120293977,10005300,19.190000534057617,4.37,4.24,4.79
2025-01-14,240.18096923828125,240.4236056871978,235.0564886219116,235.51264633062303,12407400,18.709999084472656,4.36,4.22,4.78
2025-01-15,244.917236328125,246.19834907161936,236.50259128635952,243.02466018784037,18448500,16.1200008392334,4.35,4.19,4.66
2025-01-16,246.7806701660156,249.46908602016472,244.8978090555052,246.51861866884337,15292300,16.600000381469727,4.34,4.18,4.61
2025-01-17,251.5266265869141,252.9436150124132,244.7133916419881,246.65448303751725,17678100,15.970000267028809,4.34,4.21,4.61
2025-01-21,255.28265380859372,256.4667208378916,251.856628410342,252.4098466101375,13712100,15.0600004196167,4.36,4.21,4.57
2025-01-22,255.0982818603516,255.62238494176532,252.5845715231655,255.1565122450964,9021900,15.100000381469728,4.36,4.2,4.6
2025-01-23,258.1166381835937,258.99980869731013,256.03965618936724,256.8937411358266,10749700,15.020000457763672,4.36,4.18,4.65
2025-01-24,257.039306640625,259.2327492897336,255.26322113163457,255.9231850657849,7666300,14.850000381469728,4.35,4.17,4.63
2025-01-27,258.01959228515625,258.13605303558734,254.535336614133,256.3890825417096,7522300,17.899999618530273,4.32,4.13,4.53
2025-01-28,259.2715759277344,259.45595234973075,257.02958825496063,258.0195637615963,7375400,16.40999984741211,4.31,4.14,4.55
2025-01-29,258.7280578613281,262.7073011271936,257.78662735417487,259.3395063870375,7684900,16.559999465942383,4.31,4.17,4.55
2025-01-30,260.3294677734375,261.75617104949805,258.766873890751,260.71768010583645,8753500,15.84000015258789,4.3,4.16,4.52
2025-01-31,259.4268493652344,262.8431891272981,259.09686738707205,261.3000250446993,7193800,16.43000030517578,4.31,4.17,4.58
2025-02-03,258.9513244628906,260.2712821624786,253.99184960482245,254.11799568005063,8381400,18.6200008392334,4.34,4.2,4.54
2025-02-04,260.0480651855469,261.8920964318822,258.97074385814113,261.8920964318822,5626000,17.209999084472656,4.33,4.18,4.52
2025-02-05,262.46466064453125,262.6684965624178,260.4265087965908,260.9894418764152,5704400,15.770000457763672,4.33,4.17,4.43
2025-02-06,268.7441101074219,268.8217703532776,263.20230221236784,264.4251993255983,7264400,15.5,4.34,4.19,4.45
2025-02-07,267.676513671875,270.3455145608461,266.6186223283094,269.10321715000055,6857900,16.540000915527344,4.35,4.25,4.49
2025-02-10,263.0567321777344,268.0453220031556,261.6494289723988,268.01620681498275,8627400,15.8100004196167,4.35,4.24,4.51
2025-02-11,266.890380859375,268.08416285966723,261.71738476219014,262.299718167667,7196400,16.020000457763672,4.35,4.25,4.54
2025-02-12,267.3368225097656,268.3073682010428,265.2016101414744,266.0071500330046,6683900,15.890000343322754,4.35,4.3,4.62
2025-02-13,268.18121337890625,268.81206220355733,265.74513402635904,267.38535874167565,8398700,15.100000381469728,4.34,4.27,4.52
2025-02-14,268.4432373046875,271.0054922240324,268.30737630553097,269.20026178200214,5688600,14.770000457763672,4.34,4.23,4.47
2025-02-18,271.7043151855469,271.7237154392855,267.8900475882826,268.6082716385242,7919800,15.350000381469728,4.34,4.24,4.55
2025-02-19,271.02490234375,271.9954480996811,269.0546956439582,270.1805322750829,7007200,15.270000457763672,4.34,4.22,4.53
2025-02-20,258.94158935546875,270.5299077608093,257.9128132494212,270.47167738640707,13846700,15.65999984741211,4.33,4.2,4.5
2025-02-21,256.45703125,261.2709600914064,255.09827295553427,260.4168749866824,12835600,18.209999084472656,4.32,4.15,4.42
2025-02-24,253.6424102783203,259.1357025074417,250.99280984837583,257.67016901902093,10372800,18.979999542236328,4.31,4.15,4.4
2025-02-25,249.81846618652344,255.2535282245515,245.8877678084944,254.5062186715709,9608400,19.43000030517578,4.3,4.12,4.3
2025-02-26,251.1675262451172,253.2250783593955,249.3622958683516,249.58553203875115,5943600,19.100000381469727,4.31,4.12,4.25
2025-02-27,251.41986083984372,255.8746918285848,250.2649090455339,252.51658225954176,8204400,21.1299991607666,4.32,4.13,4.29
2025-02-28,256.8549194335937,257.0102103033765,250.29405049282587,253.0503967893836,10467100,19.6299991607666,4.32,4.08,4.24
2025-03-03,252.9436187744141,258.47574118143245,250.2261026277376,256.22406802064074,9058300,22.780000686645508,4.35,4.06,4.16
2025-03-04,242.87905883789065,249.6534784144641,238.70570941047404,247.76090247214185,13465600,23.51000022888184,4.34,4.04,4.22
2025-03-05,244.12136840820312,245.59660207726964,240.5303521377995,243.84961678618464,7861400,21.93000030517578,4.35,4.06,4.28
2025-03-06,239.27833557128903,242.015281613365,236.66758002130527,240.8020994619524,9983200,24.8700008392334,4.34,4.02,4.29
2025-03-07,235.14382934570312,239.45305495919504,232.36806783489956,238.00693642207267,20498700,23.3700008392334,4.34,4.05,4.32
2025-03-10,225.380126953125,230.5143072655119,221.9638018922669,229.25260968443945,18887200,27.86000061035156,4.33,3.98,4.22
2025-03-11,222.390869140625,226.44775837890697,220.0130348377413,224.92399432932947,18143000,26.920000076293945,4.34,4.03,4.28
2025-03-12,221.1873779296875,227.41829488617915,220.5662292212008,227.1077131272591,16054000,24.229999542236328,4.35,4.07,4.32
2025-03-13,218.5572052001953,222.74025511632564,217.62547474110963,222.54614892341084,16467900,24.65999984741211,4.34,4.03,4.27
2025-03-14,225.5936279296875,226.27300690677845,220.8767755896688,221.40086371218152,11962100,21.770000457763672,4.33,4.09,4.31
2025-03-17,227.03976440429688,228.7285193720178,223.67198421387437,224.37076354224345,9586000,20.51000022888184,4.34,4.11,4.31
2025-03-18,228.04913330078125,229.2137852248078,226.6418449421928,227.4182844946614,10344900,21.700000762939453,4.34,4.13,4.29
2025-03-19,232.06719970703125,235.19235827185224,227.9714953720013,228.79646520042016,10120600,19.899999618530277,4.33,4.1,4.25
2025-03-20,231.9701385498047,234.6391394103261,229.24290731273203,229.5923043813926,8328500,19.799999237060547,4.33,4.06,4.24
2025-03-21,234.51296997070312,235.1632338340445,229.53406562636877,230.8054781658387,19326900,19.280000686645508,4.33,4.04,4.25
2025-03-24,240.7535858154297,241.36503440089743,237.21109961277028,238.24957590512537,9422700,17.479999542236328,4.33,4.11,4.34
2025-03-25,243.7331695556641,244.40284852183763,240.32654434675555,241.96676910521467,9287700,17.149999618530273,4.33,4.09,4.31
2025-03-26,243.63609313964844,247.1688790004505,242.42291097853027,245.1598570425021,12779300,18.32999992370605,4.33,4.1,4.35
2025-03-27,240.81179809570312,243.2575774444153,239.8994827539973,242.1802711082619,8022500,18.690000534057617,4.33,4.1,4.38
2025-03-28,235.697021484375,242.16084438052917,234.00826669006625,239.66654971371304,11978400,21.649999618530277,4.33,4.04,4.27
2025-03-31,238.07489013671875,238.6183934207807,230.3687540364097,232.3583759086288,13603000,22.280000686645508,4.32,4.03,4.23
2025-04-01,236.48318481445312,238.45339153399044,233.78506877067235,235.47380892493115,8054700,21.770000457763672,4.32,4.01,4.17
2025-04-02,238.57955932617188,239.9674326166383,234.34797933558323,234.4838551459041,7758800,21.51000022888184,4.32,4.04,4.2
2025-04-03,228.85496520996094,228.2141341410838,222.03667465044327,227.36976405138716,17188500,30.020000457763672,4.31,3.92,4.06
2025-04-04,219.13037109374997,222.52562911011182,209.7253699653033,214.15454051471548,27170700,45.310001373291016,4.28,3.86,4.01
2025-04-07,209.40577697753903,216.83712407913987,197.41406528016333,200.9393169780438,22914400,46.97999954223633,4.29,3.86,4.15
2025-04-08,211.7787170410156,222.4911845873146,208.24370556467724,204.2253093166911,19485700,52.33000183105469,4.31,3.83,4.26
2025-04-09,216.77852630615232,231.90486132012157,206.0465159965948,207.5113016553384,24022400,33.619998931884766,4.35,4.03,4.34
2025-04-10,221.77833557128903,224.9422782580252,214.9329086419956,214.25420209559294,18896400,40.720001220703125,4.34,3.97,4.4
2025-04-11,230.6549224853516,232.97905393688652,219.7178587202785,220.9971025358475,20284500,37.560001373291016,4.34,4.04,4.48
2025-04-14,229.20965576171875,234.1508635519738,228.1452484504964,231.53378705459363,13017800,30.88999938964844,4.33,3.99,4.38
2025-04-15,227.6569976806641,233.04739831448416,227.35427768752865,230.55727455130136,10912900,30.1200008392334,4.33,3.99,4.35
2025-04-16,224.21961975097656,228.0964202463851,222.57905209596737,226.5535109270035,9322300,32.63999938964844,4.33,3.96,4.29
2025-04-17,226.5144805908203,228.83859723978307,225.13757837531108,225.3817093397388,9557900,29.649999618530277,4.34,3.99,4.34
2025-04-21,223.61419677734372,226.36798622449223,221.0263996923449,225.2156952595232,8716200,33.81999969482422,4.34,3.95,4.42
2025-04-22,230.0592498779297,230.44986835764868,225.9383180454656,226.53399818903708,10701400,30.56999969482422,4.33,3.98,4.41
2025-04-23,235.2250823974609,240.99632733668028,234.36573659509585,234.5805730456871,14126800,28.450000762939453,4.33,4.01,4.4
2025-04-24,238.8968048095703,239.7073214295824,232.0025485026731,234.11184368965115,9055200,26.46999931335449,4.32,3.97,4.32
2025-04-25,237.83238220214844,239.85377878556815,236.07463632488924,238.9065494767277,8588600,24.84000015258789,4.32,3.95,4.29
2025-04-28,237.5101318359375,241.04514340247584,235.18600030625285,238.8186702179568,7394300,25.149999618530277,4.32,3.92,4.23
2025-04-29,238.87725830078125,239.49247309158469,236.01605058594708,236.50431250866183,7216800,24.170000076293945,4.31,3.89,4.19
2025-04-30,238.87725830078125,239.4631785682675,232.83257331348125,235.5473233123009,12991700,24.700000762939453,4.31,3.85,4.17
2025-05-01,241.09396362304688,242.6173383874093,236.48477003311547,237.1390391998316,8689600,24.600000381469727,4.31,3.92,4.25
2025-05-02,246.5820159912109,247.6659579903644,243.60363036252463,245.3613612579557,7165000,22.68000030517578,4.33,4.0,4.33
2025-05-05,246.630859375,249.1698273267301,244.7071062124704,245.2832517036356,5450700,23.63999938964844,4.33,4.02,4.36
2025-05-06,243.39854431152344,246.7187190961668,243.15441337440052,244.1309371228921,6369900,24.76000022888184,4.33,3.98,4.3
2025-05-07,243.5352783203125,246.5234388677099,242.9884273574648,243.98448584012093,8724100,23.549999237060547,4.34,4.0,4.26
2025-05-08,247.51950073242188,249.8729267802216,245.64457673393773,245.66411138304096,8320100,22.479999542236328,4.34,4.05,4.37
2025-05-09,247.1386566162109,249.5116024085881,246.41602360630893,248.52531868880288,5087600,21.899999618530277,4.34,4.05,4.37
2025-05-12,253.94500732421875,257.4116847639064,252.62672400889196,256.7281061698435,9603900,18.38999938964844,4.42,4.11,4.45
2025-05-13,256.8355712890625,257.480080666336,254.2770833315241,254.90204315724205,8589000,18.21999931335449,4.41,4.11,4.49
2025-05-14,259.40380859375,260.38033243913924,256.13244775146745,256.82577133737385,8643100,18.6200008392334,4.41,4.14,4.53
2025-05-15,261.2103881835937,263.1927306581205,258.54449680817817,260.7026064456924,9214600,17.829999923706055,4.38,4.1,4.45
2025-05-16,261.2787170410156,262.1575825394603,258.495618128322,261.2201279945288,8932900,17.239999771118164,4.37,4.13,4.43
2025-05-19,258.66162109375,262.02086524830315,255.78086405036865,259.31587533133506,12145000,18.13999938964844,4.39,4.12,4.46
2025-05-20,259.4428405761719,260.3998446453458,256.14218530617444,256.3570217379832,8436300,18.09000015258789,4.38,4.12,4.48
2025-05-21,254.91177368164065,259.413533964149,254.6090536965372,258.1440649815309,7464000,20.8700008392334,4.36,4.13,4.58
2025-05-22,254.5504913330078,256.1422002145729,252.79273047922567,253.34935623964725,6514100,20.280000686645508,4.37,4.13,4.54
2025-05-23,254.58950805664065,255.8394573114257,249.9900893661378,250.7810712491816,6671800,22.290000915527344,4.36,4.15,4.51
2025-05-27,259.06201171875,259.0717566921421,255.83946524243132,255.8883093139594,7506600,18.959999084472656,4.35,4.14,4.43
2025-05-28,257.30426025390625,260.45844302460614,256.7281147573034,259.9897008471859,5535400,19.309999465942383,4.35,4.16,4.47
2025-05-29,258.16357421875,259.1791672441841,256.3667741282984,258.5834722711684,5081200,19.18000030517578,4.36,4.13,4.43
2025-05-30,257.80230712890625,259.10107079095377,256.5621325162056,257.265230909512,10977700,18.56999969482422,4.36,4.11,4.41
2025-06-02,258.4468078613281,258.8081169206428,255.75159247660167,256.84529442949264,6011200,18.36000061035156,4.44,4.12,4.46
2025-06-03,260.0189819335937,260.32170192801004,256.70858174263634,257.53863293425644,6998400,17.690000534057617,4.43,4.12,4.46
2025-06-04,258.0171203613281,260.8490334291481,257.9780510648975,259.67722274650265,5915700,17.610000610351562,4.44,4.06,4.37
2025-06-05,255.80039978027344,258.5248794959249,254.19888657864684,258.5248794959249,8173800,18.479999542236328,4.44,4.08,4.4
2025-06-06,259.4916687011719,260.3900538690605,258.0561775861971,258.1245116003273,7738100,16.770000457763672,4.43,4.14,4.51
2025-06-09,260.4779357910156,261.61070691825,257.1675357719009,259.75531775168025,8285000,17.15999984741211,4.44,4.13,4.49
2025-06-10,262.2943115234375,262.58725675736963,259.6088709415357,259.63816546492893,7538100,16.950000762939453,4.45,4.12,4.47
2025-06-11,261.8548583984375,263.2903496169879,259.5502764699578,262.37241483499554,7434100,17.260000228881836,4.45,4.08,4.41
2025-06-12,261.9427490234375,261.9915930968164,258.91554891738133,260.5951413369258,6618000,18.020000457763672,4.46,4.06,4.36
2025-06-13,258.7300109863281,260.75139274608847,256.5425772552077,258.85693405632503,7098300,20.81999969482422,4.45,4.09,4.41
2025-06-16,264.0129699707031,265.3508326588525,260.5853915714537,260.731864186611,8566000,19.11000061035156,4.43,4.1,4.46
2025-06-17,263.1927490234375,264.2376369004627,261.5131264794578,261.8744654078969,6739300,21.600000381469727,4.42,4.1,4.39
2025-06-18,267.5284423828125,271.200181276507,263.3879911545291,263.6614166167527,9586400,20.13999938964844,4.42,4.1,4.38
2025-06-20,268.5440368652344,270.79002961674195,267.3819711943445,269.1006625666469,13969700,20.6200008392334,4.39,4.07,4.38
2025-06-23,271.7372741699219,272.0106996489925,265.7218838292262,268.60264103465835,8094600,19.82999992370605,4.38,4.0,4.34
2025-06-24,274.6571044921875,276.0730461780452,272.94818777394573,273.6317365805569,9267900,17.479999542236328,4.38,3.99,4.3
2025-06-25,277.391357421875,277.60619385702887,274.3153133103271,274.8914587952529,6826900,16.760000228881836,4.38,3.99,4.29
2025-06-26,281.9712219238281,282.6157311500764,277.79170162727115,278.01631280950784,8942100,16.59000015258789,4.39,3.96,4.26
2025-06-27,280.3697204589844,281.92241945147737,278.34833893885445,279.10025150036057,17868600,16.31999969482422,4.39,3.97,4.29
2025-06-30,283.1040344238281,285.77970025058426,282.13728534359143,283.5825215764878,12689200,16.729999542236328,4.41,3.96,4.24
2025-07-01,283.59228515625,284.2953834962509,279.8619570245468,284.0610273166312,9338300,16.829999923706055,4.4,3.98,4.26
2025-07-02,285.1449584960937,285.9457151893501,282.89896560647867,285.18402779363225,8158700,16.639999389648438,4.41,3.99,4.3
2025-07-03,290.443603515625,290.8360888827844,285.74351114178125,286.66586822419856,6541600,16.3799991607666,4.42,4.07,4.35
2025-07-07,286.4892272949219,290.4828336535378,284.63469143869315,289.70765491378785,8825700,17.790000915527344,4.42,4.08,4.4
2025-07-08,277.47174072265625,284.26185381377417,275.04810559551106,283.83990288185674,15440900,16.809999465942383,4.42,4.11,4.42
2025-07-09,277.8446655273437,281.8088370500666,277.17743733437857,281.7891933154563,11273800,15.9399995803833,4.42,4.07,4.34
2025-07-10,282.7801818847656,282.89792448782646,277.6876046894077,277.6876046894077,8410900,15.779999732971191,4.42,4.07,4.35
2025-07-11,281.47515869140625,281.98541661358325,278.3254239763715,280.1603162556744,7384700,16.399999618530273,4.41,4.09,4.43
2025-07-14,283.2806701660156,283.8693832899546,279.9052418467557,281.6812629749765,9079900,17.200000762939453,4.42,4.08,4.43
2025-07-15,281.1709899902344,286.46964738040805,280.121098345475,282.5937831680985,12526100,17.3799991607666,4.42,4.12,4.5
2025-07-16,280.4547119140625,285.2725470105113,277.6974624718264,282.9862680414337,9979800,17.15999984741211,4.41,4.08,4.46
2025-07-17,284.4580993652344,284.85058472552134,278.1193724596956,278.1193724596956,8509500,16.520000457763672,4.41,4.1,4.47
2025-07-18,285.8023986816406,287.0093204502985,282.8194857660448,284.0852489011688,12217000,16.40999984741211,4.4,4.08,4.44
2025-07-21,285.50799560546875,288.65773001934355,285.125302200427,285.5374312562634,7898100,16.649999618530273,4.41,4.06,4.38
2025-07-22,285.9593811035156,288.11809552877634,283.75161723688194,286.0280742772089,6717500,16.5,4.41,4.05,4.35
2025-07-23,291.1893310546875,291.41499440772435,287.0583381931105,287.34290279554006,7083500,15.369999885559082,4.41,4.08,4.4
2025-07-24,290.9832763671875,293.9662191525474,290.6398703754944,291.83697024730424,7001200,15.390000343322754,4.42,4.1,4.43
2025-07-25,293.014404296875,293.2891470363467,290.4043332995373,291.1304626389869,5918500,14.93000030517578,4.42,4.09,4.4
2025-07-28,292.6808166503906,293.809223362686,291.24823151855605,292.0724598113122,5840400,15.029999732971191,4.4,4.09,4.42
2025-07-29,291.4640808105469,295.63430134586406,290.63985258046154,294.36850837533046,7635700,15.979999542236328,4.4,4.07,4.34
2025-07-30,294.0054626464844,294.9670472888904,291.79769880383014,291.83695632333047,8061700,15.479999542236328,4.41,4.12,4.38
2025-07-31,290.6791076660156,295.33015090094835,289.9530081922764,293.5246941387346,14749700,16.719999313354492,4.41,4.1,4.37
2025-08-01,283.9380798339844,286.32245784834123,278.9043729516421,284.9487439683445,12007100,20.3799991607666,4.35,3.87,4.23
2025-08-04,288.7362365722656,288.7951078721262,284.8113235431083,284.8113235431083,6649500,17.520000457763672,4.35,3.82,4.22
2025-08-05,285.9004821777344,290.2375243969,281.8480045472989,289.1581672885365,7182300,17.850000381469727,4.34,3.92,4.22
2025-08-06,285.880859375,287.7844445938785,284.7131953506969,286.81300825463615,6330200,16.770000457763672,4.32,3.9,4.22
2025-08-07,281.5536804199219,287.95127882891904,281.03363056399576,287.44105083933385,8057100,16.56999969482422,4.32,3.92,4.23
2025-08-08,283.33953857421875,285.7631740586469,279.36554536006525,283.55541003235584,6634100,15.149999618530272,4.32,3.93,4.27
2025-08-11,284.1244812011719,285.8514526951056,283.3591242790355,283.9674810703858,5510100,16.25,4.34,3.93,4.27
2025-08-12,287.35272216796875,289.21705000432985,284.889829479602,286.02805793473163,8570900,14.729999542236328,4.33,3.9,4.29
2025-08-13,285.0762939453125,289.0208214451698,281.7695589346143,288.43210834423235,8420400,14.489999771118164,4.29,3.86,4.24
2025-08-14,288.6381530761719,288.67741059714604,284.20301143696577,285.1253385944976,6322400,14.829999923706056,4.3,3.91,4.29
2025-08-15,285.0370483398437,289.9530125511936,284.37964203474183,289.3053981683732,7340500,15.09000015258789,4.3,3.93,4.33
2025-08-18,286.0575256347656,286.42057536605495,282.9960976961236,284.55624732082714,5386900,14.989999771118164,4.33,3.93,4.34
2025-08-19,285.2038269042969,286.98966963229896,284.0950341122438,285.3706189495528,6031500,15.56999969482422,4.3,3.91,4.3
2025-08-20,286.754150390625,287.8236856501562,281.8774445149503,285.35100110061984,7374200,15.6899995803833,4.3,3.9,4.29
2025-08-21,285.9986572265625,287.27424223237057,284.0362003285711,286.45983579537915,6624000,16.600000381469727,4.32,3.95,4.33
2025-08-22,290.6791076660156,291.5818510194805,284.6838161848099,287.69619472568826,8552800,14.220000267028809,4.27,3.87,4.26
2025-08-25,289.3642272949219,291.76824867106194,288.61851412970407,290.6790696581532,5856300,14.789999961853027,4.29,3.88,4.28
2025-08-26,292.96539306640625,293.1321851381712,287.9905575097444,288.6381718968291,6714700,14.619999885559082,4.28,3.85,4.26
2025-08-27,293.6620483398437,295.4184556440125,291.4641062014755,291.6701557907686,6056500,14.850000381469728,4.26,3.83,4.24
2025-08-28,295.4184265136719,295.5852185641284,293.0929201153854,294.38811877937053,6410500,14.43000030517578,4.26,3.85,4.22
2025-08-29,295.7618713378906,297.2631495608047,294.10359298088383,296.37022814205386,6796400,15.359999656677246,4.23,3.83,4.23
2025-09-02,294.0741577148437,294.8198709218748,288.9717581566039,294.6236432125356,7221900,17.170000076293945,4.2,3.82,4.28
2025-09-03,293.8877258300781,294.9278255320024,290.8164761661132,294.9278255320024,6316900,16.350000381469727,4.18,3.77,4.22
2025-09-04,298.1168212890625,298.7153562428407,292.680807539106,294.36852159403367,6605800,15.300000190734863,4.16,3.76,4.17
2025-09-05,288.8540344238281,299.42185399614533,288.7853412459479,297.9500113286781,9837700,15.18000030517578,4.07,3.65,4.1
2025-09-08,287.41162109375,290.8949700189617,285.9692141135519,289.3544641521949,8188500,15.109999656677246,4.1,3.64,4.05
2025-09-09,292.2588806152344,293.3872872696363,286.8228669749493,287.1074315912692,7848200,15.039999961853027,4.1,3.68,4.08
2025-09-10,294.8983764648437,295.8796048140829,289.8548483762926,291.13046319713106,7787300,15.350000381469728,4.09,3.66,4.04
2025-09-11,299.8241577148437,299.9909797241969,295.1437088676121,295.5852436958139,7942500,14.710000038146973,4.08,3.63,4.01
2025-09-12,301.1488342285156,301.7768048799553,297.9990992148452,299.2746842518023,6846700,14.760000228881836,4.08,3.66,4.06
2025-09-15,303.1014099121094,304.1317175736464,301.4039041511534,301.4039041511534,7122000,15.6899995803833,4.06,3.64,4.05
2025-09-16,303.3860168457031,305.06390905534744,301.3646887009418,304.18080946841434,10525600,16.360000610351562,4.04,3.62,4.04
2025-09-17,305.8979187011719,307.03614710830897,302.9738476236277,304.56346260331446,8657800,15.720000267028809,4.02,3.6,4.06
2025-09-18,307.3501892089844,307.556238792954,303.7981171700278,305.9372178866198,8050700,15.699999809265137,4.03,3.61,4.11
2025-09-19,308.8710632324219,309.8719053836384,303.31730709863126,307.7132209495945,23568600,15.449999809265137,4.03,3.6,4.14
2025-09-22,306.57501220703125,307.811369607681,303.7490695453833,303.9845547856156,7520200,16.100000381469727,4.0,3.61,4.15
2025-09-23,306.869384765625,310.3723776203948,304.7499276588244,305.9666713344998,8584400,16.639999389648438,4.0,3.61,4.12
2025-09-24,307.5365905761719,310.6372456892681,305.8194410309901,308.15473925887954,7310500,16.18000030517578,4.02,3.63,4.16
2025-09-25,307.5660705566406,309.7247551863121,305.947019653492,308.2234768510796,7083200,16.739999771118164,4.04,3.68,4.18
2025-09-26,310.1270446777344,311.8441943720275,307.8113600348933,308.9888161441515,7258100,15.289999961853027,4.02,3.67,4.2
2025-09-29,309.7640075683594,312.0404647281687,307.7721150397051,311.10828573544467,6462400,16.1200008392334,4.04,3.65,4.15
2025-09-30,309.50885009765625,311.45169300349573,304.28870810842403,310.31346452838187,11823300,16.280000686645508,4.02,3.68,4.16
2025-10-01,304.8774719238281,308.68464295873514,301.6394301376976,308.07628613361976,9235200,16.290000915527344,4.01,3.62,4.12
2025-10-02,301.7767944335937,304.73030161726365,300.39328868596704,304.1808160870063,7600000,16.6299991607666,4.02,3.62,4.1
2025-10-03,304.2102355957031,305.80964265751953,302.4243927447969,302.718779227698,6029900,16.649999618530273,4.03,3.64,4.13
2025-10-06,304.8511047363281,307.38512889871987,300.8578215934895,305.8371035459471,7214500,16.3700008392334,4.02,3.66,4.18
2025-10-07,303.3819885253906,305.66951307877287,300.43386159315816,305.01875022701944,8454200,17.239999771118164,4.01,3.65,4.14
2025-10-08,299.77325439453125,304.4567493262524,299.2999640741864,303.894722712774,6489900,16.299999237060547,4.01,3.66,4.13
2025-10-09,301.2522277832031,303.7270945284432,299.1422058887319,300.77893750215213,7060300,16.43000030517578,4.03,3.66,4.14
2025-10-10,296.6772155761719,306.1230715472904,296.5983188157025,301.3804193716138,8597400,21.65999984741211,4.02,3.6,4.05
2025-10-13,303.6580505371094,305.1271791148808,301.17334440263704,301.321238204041,10788700,19.030000686645508,4.02,3.59,4.04
2025-10-14,297.8505249023437,302.70165257420854,290.0907186231138,301.5578902761218,16178800,20.809999465942383,4.02,3.58,4.03
2025-10-15,301.40997314453125,307.7499381556482,301.1634734465224,302.1001843350741,11354800,20.63999938964844,4.03,3.61,4.05
2025-10-16,294.360107421875,304.3581201926382,292.9106878973514,301.0747572360179,10549400,25.309999465942383,4.02,3.54,3.99
2025-10-17,293.3938293457031,295.3559575215809,290.08088749555986,294.97143359875633,10153500,20.780000686645508,4.0,3.56,4.02
2025-10-20,298.1265869140625,299.43798218705626,293.9854099500461,294.3206459359216,6894900,18.229999542236328,3.97,3.55,4.0
2025-10-21,292.9303894042969,299.7929328501146,292.8416531202475,297.436411288458,7372700,17.8700008392334,3.96,3.56,3.98
2025-10-22,289.9920959472656,293.8868032880077,286.4721030595595,293.6008552074487,8054100,18.600000381469727,3.96,3.55,3.97
2025-10-23,290.4161071777344,292.2204718178062,288.4145307332595,290.25834375227123,5438800,17.299999237060547,3.95,3.59,4.01
2025-10-24,296.2334899902344,298.36325106738366,291.31336547241364,291.93451945757295,7228300,16.3700008392334,3.93,3.58,4.02
2025-10-27,299.8915405273437,300.2662249001909,296.7955198233114,297.92941246883,5642200,15.789999961853027,3.89,3.59,4.01
2025-10-28,301.0845947265625,303.6580673748709,298.915415308335,300.59159530101573,6336000,16.420000076293945,3.89,3.59,3.99
2025-10-29,301.2325134277344,303.93414060421026,298.7675163425421,299.2605157595805,7520300,16.920000076293945,3.93,3.7,4.08
2025-10-30,305.10748291015625,308.2330823767899,300.82825156305904,301.50859316866377,7514600,16.90999984741211,3.92,3.7,4.11
2025-10-31,306.7639465332031,308.4894444595929,302.9481359332913,304.22008283002725,7721300,17.440000534057617,3.89,3.7,4.11
2025-11-03,305.0187683105469,307.9471862719047,301.9227172950412,306.6456604912348,7770000,17.170000076293945,3.98,3.7,4.13
2025-11-04,304.920166015625,307.84858401169095,300.82827651560933,302.415720333495,7085200,19.0,3.96,3.67,4.1
2025-11-05,307.3161315917969,308.7162632770978,301.35085025066564,305.27510663609064,6865200,18.010000228881836,3.96,3.71,4.17
2025-11-06,309.0317687988281,310.4318702971036,305.9160088624015,306.6357687557767,7206100,19.5,3.93,3.65,4.11
2025-11-07,309.8106994628906,310.0276204199649,303.3327096940284,307.5232049313688,7302300,19.07999992370605,3.92,3.63,4.11
2025-11-10,312.45318603515625,315.08578608051664,309.8106862822301,310.5896337890794,5794100,17.600000381469727,3.95,3.66,4.13
2025-11-11,311.200927734375,314.58289630207906,310.86569176259013,313.0546102409576,5030200,17.280000686645508,3.95,3.6550000000000002,4.105
2025-11-12,315.92388916015625,317.7381233989844,311.782682032414,311.83200002815875,10578300,17.510000228881836,3.95,3.65,4.08
2025-11-13,305.14697265625,316.1408551748796,304.7722882324797,314.7604626322791,8973300,20.0,3.96,3.68,4.11
2025-11-14,299.35906982421875,303.3326737235763,297.012418045434,303.20448907001065,10327000,19.82999992370605,3.95,3.7,4.14
2025-11-17,296.1644592285156,301.31137424610444,293.5022804823602,299.7436397411884,8344000,22.3799991607666,3.97,3.69,4.13
2025-11-18,295.2179260253906,298.70837045931603,292.8613742767781,295.3066623130797,8077300,24.690000534057617,3.94,3.67,4.12
2025-11-19,299.0238342285156,300.18733563828084,295.0798391737984,295.54325979633944,5546600,23.65999984741211,3.95,3.68,4.13
2025-11-20,294.20233154296875,305.5807663052954,293.9854105998292,302.05087369332443,7501600,26.420000076293945,3.94,3.65,4.1
2025-11-21,293.84735107421875,297.456110287291,288.71030575970536,297.0715864028587,11766800,23.43000030517578,3.9,3.62,4.06
2025-11-24,293.8276672363281,295.6221924256846,290.386540762355,294.0642973394352,10940200,20.520000457763672,3.91,3.61,4.04
2025-11-25,298.7576599121094,300.236658228506,291.4218258555585,295.848951187077,8877200,18.559999465942383,3.9,3.6,4.01
2025-11-26,303.33270263671875,304.2102259719905,298.95486530692773,300.7296512123902,7910900,17.190000534057617,3.92,3.61,4.0
2025-11-28,308.6965026855469,309.3275563846455,303.9242719247256,304.7722465716023,4322400,16.350000381469727,3.88,3.61,4.02
2025-12-01,304.5947570800781,309.6430660312097,304.2200727283419,308.5683309692949,7727300,17.239999771118164,3.81,3.62,4.09
2025-12-02,303.5693359375,306.1329390093465,302.7903884074122,304.4172805196406,7249000,16.59000015258789,3.77,3.59,4.09
2025-12-03,307.75982666015625,307.98658713845214,302.50443592551073,302.89885953876745,8535300,16.079999923706055,3.72,3.57,4.06
2025-12-04,311.6742553710937,314.0307770729326,308.61765279183703,308.8740221323167,9627800,15.779999732971191,3.71,3.6,4.11
2025-12-05,310.62908935546875,314.02092784192007,310.2741141188276,311.22069468967254,6518900,15.40999984741211,3.71,3.61,4.14
2025-12-08,310.79669189453125,312.0390600856641,308.96274846028484,310.64879808375287,7417200,16.65999984741211,3.73,3.61,4.17
2025-12-09,296.30255126953125,314.336450228146,295.8193913272319,310.5403783790639,18049200,16.93000030517578,3.73,3.63,4.18
2025-12-10,305.76806640625,306.8329619363725,294.2811866679717,296.292632599085,18874100,15.770000457763672,3.69,3.58,4.13
2025-12-11,312.9363098144531,313.5476242674454,304.9102649889192,304.9102649889192,9721900,14.850000381469728,3.66,3.56,4.14
2025-12-12,314.06036376953125,315.7858618718594,312.1672627021157,315.2041261224818,8982900,15.739999771118164,3.63,3.54,4.19
2025-12-15,315.53936767578125,318.3593402708456,313.9322146909975,315.115395356304,10864100,16.5,3.65,3.52,4.18
2025-12-16,311.1319580078125,315.0463750601788,309.99806522837446,314.62240273148194,8331300,16.479999542236328,3.64,3.51,4.15
2025-12-17,310.5699157714844,314.8984348971578,310.254388930852,313.97159360923496,8718700,17.6200008392334,3.64,3.51,4.16
2025-12-18,308.61767578125,313.2518829489097,307.8485977928193,311.575672673722,11444900,16.8700008392334,3.62,3.49,4.12
2025-12-19,312.7686767578125,314.099781180705,308.8049723403709,309.39657764946713,24494400,14.90999984741211,3.62,3.51,4.16
2025-12-22,318.5663452148437,318.7043994886834,313.0644852104395,313.0644852104395,8354600,14.079999923706056,3.64,3.53,4.17
2025-12-23,321.3666076660156,323.1907116116738,318.56637445826755,319.07908304324746,6668300,14.0,3.65,3.52,4.18
2025-12-24,324.5612487792969,325.36974495293686,320.9426198260136,321.6722493328215,4289300,13.470000267028809,3.69,3.5,4.15
2025-12-26,323.3188781738281,326.2275566521161,321.96806459862194,324.502058709128,4158300,13.600000381469728,3.64,3.49,4.14
2025-12-29,319.2171325683594,323.1808371734579,319.0002116144308,322.4216288798564,8635300,14.199999809265137,3.68,3.48,4.12
2025-12-30,318.89178466796875,320.39049219725354,317.9747828016657,320.2623075229155,7904300,14.329999923706056,3.65,3.47,4.14
2025-12-31,317.70855712890625,320.3313177342217,317.5310845539587,319.79886991908165,5048500,14.949999809265137,3.67,3.48,4.18
2026-01-02,320.92291259765625,321.1694123071354,316.2492576445291,317.9846252281575,8054000,14.510000228881836,3.65,3.47,4.19
2026-01-05,329.36309814453125,332.52814635317964,320.63700140675104,320.94265867445506,10752600,14.899999618530272,3.64,3.47,4.17
2026-01-06,331.41326904296875,332.6612412306879,327.49110960074296,329.44229029813283,7660800,14.75,3.63,3.48,4.18
2026-01-07,323.8660583496094,328.9767653957764,321.49890717343806,327.9764350864437,9815200,15.380000114440918,3.62,3.48,4.15
2026-01-08,326.63934326171875,328.2339475379842,322.53888044956136,323.27183137637843,11737100,15.449999809265137,3.62,3.48,4.19
2026-01-09,326.0450744628906,328.7291759216584,325.0348299492433,326.1936353875406,6738100,14.489999771118164,3.62,3.52,4.18
2026-01-12,321.3899841308594,322.9053661093397,318.16114900395775,318.8049332018166,12805100,15.119999885559082,3.67,3.53,4.19
2026-01-13,307.9298095703125,323.73732718365267,307.6029755260753,321.20178657189985,19371200,15.979999542236328,3.67,3.51,4.18
2026-01-14,304.9287414550781,308.78159262538577,303.1954601804828,305.2556057077196,25951500,16.75,3.67,3.5,4.15
2026-01-15,306.30548095703125,309.95031666446005,304.8098971346673,305.5230197927318,14751400,15.84000015258789,3.68,3.54,4.17
2026-01-16,309.4848022460937,314.17950872864606,307.0383983149945,307.38506061636195,14652500,15.859999656677246,3.67,3.55,4.24
2026-01-20,299.8477478027344,308.1774060521912,298.9761500928895,303.2845981841295,12900600,20.09000015258789,3.7,3.53,4.3
2026-01-21,299.15447998046875,302.4823658305288,298.2729680555718,300.53118494697816,10270100,16.899999618530273,3.7,3.53,4.26
2026-01-22,300.729248046875,305.2555953909441,300.0062112868251,301.9474777854751,10535800,15.640000343322754,3.71,3.53,4.26
2026-01-23,294.875732421875,299.4813025896872,293.67730062328087,299.11484222180513,11107900,16.09000015258789,3.7,3.53,4.24
2026-01-26,298.1640319824219,298.8969527426069,294.60833256531976,294.96487880777863,11752700,16.149999618530273,3.67,3.52,4.22
2026-01-27,297.44097900390625,299.08512378237486,295.3016109870806,298.45122352878457,11527400,16.350000381469727,3.67,3.5,4.24
2026-01-28,297.89654541015625,299.03558292254246,295.2025300603667,297.4013222225187,9556700,16.350000381469727,3.68,3.52,4.26
2026-01-29,303.4926147460937,303.898671192008,299.3327275624257,299.51100066931883,11580000,16.8799991607666,3.67,3.5,4.24
2026-01-30,302.9676818847656,304.9881708986045,299.6694782493637,302.333781642444,11953200,17.440000534057617,3.67,3.48,4.26
2026-02-02,305.1961669921875,306.3450582127215,298.49082554616626,301.5513012828864,9839400,16.34000015258789,3.69,3.49,4.29
2026-02-03,311.8420715332031,313.22869052113475,306.14700443281885,306.77099053389486,12688000,18.0,3.69,3.49,4.28
2026-02-04,314.23895263671875,316.25947197584406,311.40629013300924,311.40629013300924,9848800,18.63999938964844,3.69,3.49,4.29
2026-02-05,307.1968688964844,312.9909865673853,302.6210112179966,311.99062599899656,9388000,21.770000457763672,3.67,3.44,4.21
2026-02-06,319.3199462890625,321.1522783634816,311.7034102684662,311.7034102684662,17797400,20.3700008392334,3.68,3.45,4.22
2026-02-09,319.0228271484375,323.2817350541263,317.0518180384032,318.27007812796035,11477500,17.360000610351562,3.69,3.43,4.22
2026-02-10,315.2392883300781,323.01429884581904,312.1094739861534,319.4684837021083,9902200,17.790000915527344,3.69,3.4,4.16
2026-02-11,307.8505554199219,322.1724018130651,305.78052608370194,320.1518827061323,8703500,17.649999618530273,3.7,3.47,4.18
2026-02-12,299.7487487792969,310.6238322045743,297.1537535117247,309.2966374972976,13443400,20.81999969482422,3.7,3.45,4.09
2026-02-13,299.6595764160156,301.3829738793206,293.6871852314235,295.66807823097014,9114500,20.600000381469727,3.68,3.42,4.04
2026-02-17,304.1958312988281,305.29521237973853,299.6100592744303,299.8675850307636,8896800,20.290000915527344,3.69,3.48,4.05
2026-02-18,305.8300476074219,309.2966101142475,304.2849535938903,305.51309749540866,7209600,19.6200008392334,3.7,3.49,4.09
2026-02-19,305.10699462890625,306.2262038721237,302.2049939958365,304.2354272061944,6737700,20.229999542236328,3.69,3.5,4.08
2026-02-20,307.82086181640625,308.0288471084009,302.75966472033866,305.4536802835111,7792700,19.09000015258789,3.69,3.51,4.08
2026-02-23,294.8262023925781,308.02884001734253,292.2807478108573,305.8498457788993,12955400,21.01000022888184,3.69,3.5,4.03
2026-02-24,294.459716796875,296.886322684036,288.5962907533433,293.98432184665864,13554100,19.549999237060547,3.69,3.52,4.04
2026-02-25,300.40240478515625,300.75898123488724,294.1725181992404,295.7869507950724,8095500,17.93000030517578,3.69,3.53,4.05
2026-02-26,303.20538330078125,306.05787397622345,300.73918125790124,301.67017313360896,7007800,18.6299991607666,3.68,3.52,4.02
2026-02-27,297.4310607910156,300.0557680991628,291.636973162459,297.13393894248406,18620800,19.86000061035156,3.67,3.48,3.97
2026-03-02,294.7172546386719,297.11414843979566,290.4088063693875,291.9935267958635,8508900,21.440000534057617,3.72,3.54,4.05
2026-03-03,297.3914489746094,299.5011046657454,286.73423592223537,289.4975898716125,10278200,23.56999969482422,3.71,3.55,4.06
2026-03-04,296.52978515625,298.12438947518206,292.99388398032096,297.12402886142485,8055700,21.149999618530277,3.71,3.58,4.09
2026-03-05,290.7455444335937,298.3620800816865,289.63624924146006,295.1332451958745,12732500,23.75,3.7,3.59,4.13
2026-03-06,286.7144470214844,287.21955415339994,280.99955170429564,283.6044306839189,13496500,29.489999771118164,3.69,3.55,4.15
2026-03-09,287.1502685546875,288.31898819476027,277.7707387954701,282.7724816341387,12241100,25.5,3.71,3.56,4.12
2026-03-10,285.9716186523437,289.9532025593205,284.43640849634494,286.5262662545288,8344900,24.93000030517578,3.71,3.56,4.15
2026-03-11,284.77313232421875,287.70487537204474,282.13854132603683,286.05081661783123,10205000,24.229999542236328,3.71,3.6,4.21
2026-03-12,280.1874084472656,281.167940752382,276.4336079693154,280.1279538528093,13760500,27.290000915527344,3.72,3.66,4.27
2026-03-13,280.7321472167969,284.4463214441296,280.2468381234208,281.9504072447318,9091200,27.190000534057617,3.72,3.66,4.28
2026-03-16,283.4261474609375,286.506421278288,281.89093739443587,283.6044205599556,8149000,23.51000022888184,3.72,3.64,4.23
2026-03-17,284.1492004394531,288.97266988082987,283.2181783456238,286.23902796907333,8961200,22.3700008392334,3.72,3.63,4.2
2026-03-18,284.9910583496094,286.6451172582804,282.3960934275981,284.08974843243266,10057000,25.09000015258789,3.73,3.68,4.26
2026-03-19,285.2188415527344,286.7441374214082,281.9008401776293,284.1392586396808,9846700,24.059999465942383,3.73,3.73,4.25
2026-03-20,283.8223571777344,287.9327042603992,282.54467268192724,285.3278250323549,22436500,26.780000686645508,3.74,3.8,4.39
2026-03-23,287.14031982421875,292.9245231806114,285.2188513876401,291.4982779446762,11470800,26.149999618530277,3.74,3.76,4.34
2026-03-24,289.6065368652344,292.6571288676103,282.64369950840546,283.4360748065673,11092300,26.950000762939453,3.74,3.81,4.39
2026-03-25,292.59771728515625,294.7965097163498,289.6461758443202,291.3398308899875,12188200,25.32999992370605,3.73,3.77,4.33
2026-03-26,288.8736267089844,292.1718002190451,287.95251872814185,289.78482055260446,8669200,27.440000534057617,3.73,3.83,4.42
2026-03-27,280.13787841796875,287.3384134369941,279.05829538327214,286.3777093696089,9873300,31.049999237060547,3.73,3.77,4.44
2026-03-30,281.0589904785156,284.505755156032,279.6327451103039,282.01972478590784,11734400,30.61000061035156,3.71,3.71,4.35
2026-03-31,291.3497314453125,292.2510413422024,282.22772810140145,285.7140887250632,12956900,25.25,3.7,3.68,4.3
2026-04-01,292.5580749511719,295.8661624411999,290.1116710297465,292.567989087923,11267200,24.540000915527344,3.7,3.68,4.33
2026-04-02,291.7855224609375,292.7957669317203,285.9616926535428,289.1212191631598,6669300,23.8700008392334,3.7,3.68,4.31
2026-04-06,294.125,295.4987855589938,291.88509063240025,292.7412191857173,7142600,24.170000076293945,3.72,3.72,4.34
2026-04-07,296.0662536621094,296.8427544058445,291.38734983011653,291.8253790066561,7849100,25.780000686645508,3.71,3.68,4.33
2026-04-08,306.5888366699219,309.8640903908154,303.96066179364243,306.5888366699219,10590200,21.040000915527344,3.69,3.69,4.29
2026-04-09,308.938232421875,309.8640846884941,304.73715687535,305.5734164156603,6586600,19.489999771118164,3.68,3.68,4.29
2026-04-10,308.4803161621094,308.9581744354404,305.344449093958,308.6097380099313,6069700,19.229999542236328,3.69,3.7,4.31
2026-04-13,312.2732238769531,312.3329523629397,304.0900871089203,306.0910825316173,8318200,19.1200008392334,3.71,3.7,4.3
2026-04-14,309.7247009277344,312.91036189245165,307.4847916064935,308.4305432499699,11455500,18.36000061035156,3.71,3.71,4.26
2026-04-15,304.5579833984375,312.8307129741003,302.8954898881459,312.54203541599225,9885800,18.170000076293945,3.71,3.7,4.29
2026-04-16,308.5599670410156,308.5599670410156,303.8312695552229,303.98059076810495,8208600,17.940000534057617,3.7,3.69,4.32
2026-04-17,308.8984375,313.4877482505245,308.69932229637936,311.068653468178,11082400,17.479999542236328,3.7,3.64,4.26
2026-04-20,315.5683898925781,315.70777661938337,308.9780833700189,309.45594165814435,10772000,18.8700008392334,3.71,3.65,4.26
2026-04-21,311.5962829589844,318.8038038717339,311.3474041387296,316.0661368489313,7084300,19.5,3.69,3.69,4.3
2026-04-22,311.6161804199219,313.73663281642627,310.5410372905177,313.43799038623484,5545900,18.920000076293945,3.69,3.69,4.3
2026-04-23,310.29217529296875,313.57736372602733,307.5047445243564,312.11395497732667,6969700,19.309999465942383,3.69,3.7,4.34
2026-04-24,306.8974609375,309.7545850384977,306.5092257615542,309.7545850384977,5215300,18.709999084472656,3.69,3.67,4.31
2026-04-27,310.232421875,311.1781431330245,305.50372444273444,305.50372444273444,7925300,18.020000457763672,3.68,3.69,4.35
2026-04-28,310.0532531738281,314.035314384572,309.7745101043047,313.78643555890045,7398600,17.829999923706055,3.68,3.71,4.36
2026-04-29,307.86309814453125,310.65052875636707,305.91189671624613,309.1771855961317,8031800,18.809999465942383,3.68,3.75,4.42
2026-04-30,311.82525634765625,312.6913497643884,305.1951210592971,305.6928786901284,8865400,16.889999389648438,3.68,3.72,4.4
2026-05-01,311.06866455078125,314.6624601726697,310.43152018106696,312.5420381202088,6135400,16.989999771118164,3.68,3.73,4.39
2026-05-04,306.270263671875,309.2568094519629,305.13539207341324,309.22694520939064,7338200,18.290000915527344,3.7,3.78,4.45
2026-05-05,308.0124206542969,309.5753869306937,305.42407485773,306.32999740556414,6316800,17.3799991607666,3.69,3.77,4.43
2026-05-06,313.4877624511719,314.84167905955115,309.95369528217543,310.0532528884956,8629500,17.389999389648438,3.69,3.73,4.36
2026-05-07,304.8964538574219,314.8814709002291,304.76706239082745,313.23887676443206,8359600,17.079999923706055,3.69,3.76,4.41
2026-05-08,300.74517822265625,307.60426284206056,299.1523476664256,306.86759124184925,9464300,17.190000534057617,3.69,3.75,4.38
2026-05-11,298.6545715332031,301.83026757429667,297.5395993270601,300.7451596100784,9512000,18.3799991607666,3.7,3.79,4.42
2026-05-12,303.5126953125,304.6873960201211,294.2245209852311,298.67447538308426,9498200,17.989999771118164,3.7,3.8,4.46
2026-05-13,298.9034729003906,301.6411400127173,298.7242874353193,300.91440289675086,7709500,17.8700008392334,3.69,3.79,4.46
2026-05-14,298.56500244140625,302.38777761395096,297.4699295162906,300.8945046380796,7364300,17.260000228881836,3.69,3.79,4.47
2026-05-15,296.4743957519531,299.4410421498196,295.1205095874812,298.86362628854243,8699300,18.43000030517578,3.69,3.82,4.59
2026-05-18,299.3813171386719,299.908939014877,295.8870488301784,296.6635495230975,7546300,17.81999969482422,3.68,3.81,4.61
2026-05-19,294.3738708496094,300.436555061437,293.935841710235,299.7396822358739,8066900,18.059999465942383,3.67,3.83,4.67
2026-05-20,300.625732421875,301.57145376365,292.35300240137923,295.3694126574367,9327000,17.440000534057617,3.65,3.79,4.57
2026-05-21,301.6411437988281,302.6167597554335,298.8636475324957,299.8790926087445,7874400,16.760000228881836,3.68,3.83,4.57
2026-05-22,305.0059814453125,306.07119010408854,302.4773640852478,303.31359328873907,5973900,16.700000762939453,3.68,3.86,4.56
2026-05-26,305.3643493652344,308.54004556072954,304.0701916446211,307.1065011172144,7725400,17.010000228881836,3.68,3.82,4.5
2026-05-27,297.93780517578125,304.52811132231307,294.42363753054383,303.63215366632585,11779200,16.290000915527344,3.68,3.8,4.48
2026-05-28,295.3992614746094,299.7197941661088,294.4236455581874,296.2354906683788,9757700,15.739999771118164,3.69,3.8,4.45
2026-05-29,297.9676818847656,298.53513289689414,293.87612858626386,295.070728717322,13969000,15.31999969482422,3.69,3.79,4.45
2026-06-01,295.2499084472656,298.20659004481905,293.9457858606032,296.3549462063085,7930000,16.049999237060547,3.78,3.83,4.47
2026-06-02,299.6102600097656,300.7152977310929,293.9457758280521,295.17027051801705,8296200,15.770000457763672,3.77,3.82,4.46
2026-06-03,299.50079345703125,300.60580089187994,295.23002417973413,298.5749714904202,7003900,16.059999465942383,3.78,3.84,4.49
2026-06-04,309.4957580566406,311.5066879726736,303.0746723882986,304.36883009196185,10345200,15.399999618530272,3.78,3.82,4.47
2026-06-05,310.9691162109375,313.58732636819616,308.211549706599,312.8805189963161,9118800,21.51000022888184,3.78,3.88,4.55
2026-06-08,309.7147521972656,314.8814790647009,309.3862455138746,311.84516953437026,6827000,18.920000076293945,3.8,3.85,4.56
2026-06-09,311.2976379394531,315.0009559692908,307.6241841525692,312.1040028799189,11594600,19.8700008392334,3.79,3.9,4.53
2026-06-10,307.75360107421875,313.3384270822022,307.64407859799763,311.1582462393224,7446200,22.21999931335449,3.79,3.9,4.55
2026-06-11,312.0840759277344,313.30857066124145,307.4947650619962,308.1717081621576,9116600,19.440000534057617,3.78,3.85,4.45
2026-06-12,319.2816772460937,319.8590627688812,314.1348496322589,314.5529794375797,7426200,17.68000030517578,3.78,3.86,4.48
2026-06-15,317.96759033203125,324.4583697274161,317.41010417767774,322.4673390673774,7988900,16.200000762939453,3.79,3.84,4.47
2026-06-16,329.6549377441406,330.26218746993305,322.56684357389287,322.8455866314347,11094900,16.40999984741211,3.79,3.84,4.43
2026-06-17,331.9645080566406,336.25517637046335,330.01330666560995,330.69024974688585,12246400,18.440000534057617,3.83,3.98,4.49
2026-06-18,323.761474609375,336.57375116590936,322.70623086248213,335.4388795655989,20111000,16.399999618530273,3.83,4.0,4.46
2026-06-22,329.993408203125,331.2776010100568,325.28461010223134,328.22139226156105,10182500,17.280000686645508,3.85,4.04,4.51
2026-06-23,332.6414794921875,333.86594380335947,325.7425357353925,327.9924099173137,7582200,19.489999771118164,3.85,4.01,4.5
2026-06-24,331.95458984375,333.02973300317086,328.291070440402,331.57628916780243,7907400,18.6299991607666,3.85,3.99,4.41
2026-06-25,333.6170654296875,341.90972446819404,333.2586945227413,333.4577793441399,10043100,18.88999938964844,3.84,3.96,4.4
2026-06-26,327.57427978515625,334.8913229247855,326.03124330500606,334.49312290223526,17640900,18.40999984741211,3.83,3.94,4.38
2026-06-29,327.91278076171875,330.8993264933345,325.73259994718205,326.80774304304947,7981800,17.649999618530273,3.87,3.97,4.38
2026-06-30,325.86199951171875,328.95806779511634,325.2149206632551,327.4150312810325,8080100,16.450000762939453,3.87,3.98,4.44
2026-07-01,332.5718078613281,334.13477419390347,323.5524415571975,326.89735842569155,15210200,16.59000015258789,3.85,4.0,4.48
2026-07-02,332.9700012207031,338.4751995750331,330.2820977776739,336.5040683580973,8413900,16.149999618530273,3.82,3.96,4.49
2026-07-06,337.7200012207031,339.7200012207031,334.1099853515625,335.0,8673500,15.56999969482422,3.87,3.95,4.48
2026-07-07,339.2200012207031,341.3999938964844,337.0899963378906,340.9800109863281,7115800,16.1299991607666,3.86,4.06,4.55
2026-07-08,330.6199951171875,336.5299987792969,330.1300048828125,336.5299987792969,18505200,16.899999618530273,3.87,4.06,4.56
2026-07-09,335.4700012207031,337.0,330.8099975585937,331.4599914550781,15570600,15.84000015258789,3.83,4.02,4.54
2026-07-10,336.4700012207031,338.5899963378906,335.7699890136719,337.4700012207031,6299000,15.029999732971191,3.85,4.06,4.56
2026-07-13,334.5299987792969,338.3500061035156,332.5,338.3399963378906,7120300,17.15999984741211,3.89,4.12,4.62
2026-07-14,342.8900146484375,344.7300109863281,325.75,327.0,14537900,16.5,3.84,4.02,4.58
2026-07-15,346.9100036621094,351.239990234375,333.42999267578125,345.8500061035156,10750000,15.670000076293944,3.83,3.97,4.55
2026-07-16,343.1499938964844,349.3399963378906,341.1099853515625,349.2799987792969,12432400,16.729999542236328,3.84,3.99,4.57
2026-07-17,341.1000061035156,346.1300048828125,335.04998779296875,339.0299987792969,9250900,18.770000457763672,3.85,4.01,4.55
2026-07-20,338.8699951171875,344.260009765625,337.3699951171875,341.79998779296875,7723300,18.649999618530277,3.86,4.03,4.6
2026-07-21,345.2300109863281,345.739990234375,337.29998779296875,340.1199951171875,6015300,17.049999237060547,3.87,4.08,4.63
2026-07-22,348.2099914550781,349.07000732421875,344.25,345.07000732421875,8040200,16.639999389648438,3.89,4.11,4.67
2026-07-23,349.8999938964844,349.9200134277344,345.4200134277344,346.5799865722656,10913000,18.700000762939453,3.95,4.15,4.71
2026-07-24,353.2099914550781,353.3699951171875,347.5,350.6400146484375,7520800,18.57999992370605,3.96,4.14,4.69
2026-07-27,356.20001220703125,359.04998779296875,352.5799865722656,357.8900146484375,7884900,18.670000076293945,3.96,4.14,4.65
2026-07-28,357.3099975585937,359.29998779296875,354.1499938964844,357.29998779296875,6533800,18.209999084472656,3.9,4.09,4.61
2026-07-29,344.7099914550781,357.3699951171875,343.7799987792969,356.5,8265300,20.65999984741211,3.83,4.04,4.67
2026-07-30,350.8500061035156,352.2799987792969,345.3699951171875,347.5400085449219,7606500,17.09000015258789,3.82,4.04,4.68
2026-07-31,351.7900085449219,354.4700012207031,349.70001220703125,353.29998779296875,6603400,15.989999771118164,3.83,4.08,4.75
2026-08-03,352.6400146484375,355.6199951171875,350.8399963378906,353.75,6436600,15.859999656677246,3.91,4.07,4.7
2026-08-04,357.5199890136719,363.0,353.8699951171875,355.0,8477200,16.5,3.89,4.04,4.63
2026-08-05,359.239990234375,362.1700134277344,358.20001220703125,358.9700012207031,5269500,15.8100004196167,3.89,4.03,4.63
2026-08-06,356.29998779296875,362.80999755859375,354.95001220703125,362.80999755859375,5820100,15.149999618530272,3.9,4.06,4.69
2026-08-07,357.5199890136719,358.8500061035156,353.3299865722656,355.760009765625,4566200,14.899999618530272,3.87,4.01,4.65
2026-08-10,359.7900085449219,359.989990234375,356.5,357.9599914550781,5327500,15.460000038146973,3.89,4.04,4.72
2026-08-11,362.0400085449219,363.1199951171875,358.6000061035156,360.04998779296875,4576500,15.279999732971191,3.89,4.03,4.7
2026-08-12,365.1799926757813,366.0899963378906,361.2999877929688,362.9700012207031,4366800,14.550000190734863,3.87,4.0,4.68
2026-08-13,363.1099853515625,366.5,361.5199890136719,366.5,5102700,14.630000114440918,3.87,3.97,4.63
2026-08-14,362.8399963378906,365.8999938964844,361.4500122070313,363.0,5058600,14.25,3.86,3.98,4.68
2026-08-17,360.9599914550781,365.75,360.9599914550781,361.9400024414063,5282600,15.1899995803833,3.87,4.0,4.72
2026-08-18,363.25,363.5700073242188,359.2699890136719,362.3399963378906,5525100,15.84000015258789,3.86,3.99,4.71
2026-08-19,357.260009765625,363.0499877929688,355.6499938964844,363.010009765625,6696200,14.890000343322754,3.86,4.0,4.65
2026-08-20,351.54998779296875,357.95001220703125,351.54998779296875,357.6000061035156,6799700,16.010000228881836,3.87,3.99,4.69
2026-08-21,351.5799865722656,356.8599853515625,350.3699951171875,354.07000732421875,8112100,15.130000114440918,3.88,4.03,4.74
2026-08-24,356.3900146484375,358.2799987792969,352.82000732421875,353.29998779296875,4394400,15.850000381469728,3.87,4.04,4.7
2026-08-25,356.69000244140625,357.3699951171875,353.07000732421875,357.0,4298000,15.449999809265137,3.86,4.01,4.64
2026-08-26,356.5,358.3500061035156,354.6000061035156,356.5,5796500,15.210000038146973,3.85,4.02,4.66
2026-08-27,354.2200012207031,357.57000732421875,352.2300109863281,354.67999267578125,5209900,14.510000228881836,3.84,4.04,4.67
2026-08-28,357.6199951171875,358.7300109863281,354.2200012207031,355.6700134277344,3914500,14.43000030517578,3.9,4.15,4.73
2026-08-31,356.0199890136719,357.7699890136719,354.7699890136719,355.8999938964844,7962900,14.920000076293944,3.91,4.16,4.75
2026-09-01,354.95001220703125,359.92999267578125,354.1199951171875,355.7300109863281,5079000,16.34000015258789,3.92,4.18,4.79
2026-09-02,356.2200012207031,361.4700012207031,353.7900085449219,357.54998779296875,5341400,15.199999809265137,3.92,4.16,4.79
2026-09-03,362.05999755859375,362.8500061035156,356.3900146484375,358.67999267578125,5414200,14.31999969482422,3.89,4.11,4.77
2026-09-04,358.6400146484375,362.8599853515625,355.20001220703125,361.0,4873500,14.529999732971191,3.91,4.13,4.78
2026-09-08,353.510009765625,358.54998779296875,353.2300109863281,357.1000061035156,5631400,15.720000267028809,3.94,4.15,4.8
2026-09-09,354.7099914550781,356.3299865722656,348.69000244140625,352.0,6318200,16.459999084472656,3.95,4.17,4.83
2026-09-10,353.5599975585937,354.2200012207031,351.1199951171875,353.510009765625,4184200,17.84000015258789,4.0,4.28,4.95
2026-09-11,356.2300109863281,360.04998779296875,354.7900085449219,358.32000732421875,5354600,15.84000015258789,4.07,4.35,4.96
2026-09-14,350.1300048828125,355.2799987792969,347.54998779296875,354.2300109863281,9609900,17.100000381469727,4.11,4.37,4.97
2026-09-15,352.489990234375,354.70001220703125,343.07000732421875,351.0,14026500,17.200000762939453,4.11,4.39,5.0
2026-09-16,348.9200134277344,355.6000061035156,344.69000244140625,353.3800048828125,8303400,17.709999084472656,4.14,4.45,5.01
2026-09-17,349.3099975585937,353.489990234375,345.2699890136719,352.25,6480100,15.4399995803833,4.12,4.4,4.94
2026-09-18,349.6700134277344,349.6700134277344,345.010009765625,347.8900146484375,18312400,14.8100004196167,4.14,4.44,5.01
2026-09-21,352.0400085449219,354.5,350.0799865722656,353.6700134277344,6414700,14.869999885559082,4.17,4.45,4.96
2026-09-22,340.0,352.1000061035156,337.29998779296875,352.0,11485600,14.210000038146973,4.16,4.43,4.96
2026-09-23,337.5299987792969,341.44000244140625,336.9800109863281,337.6099853515625,7068500,15.18000030517578,4.19,4.49,5.11
2026-09-24,338.5599975585937,339.3699951171875,335.2799987792969,338.1199951171875,6934300,15.670000076293944,4.24,4.51,5.18
2026-09-25,343.0599975585937,343.3099975585937,338.6400146484375,340.7699890136719,11460300,14.869999885559082,4.24,4.5,5.17
2026-09-28,336.5899963378906,342.0,336.29998779296875,341.8299865722656,10483700,16.06999969482422,4.28,4.59,5.24
2026-09-29,334.9800109863281,338.75,333.3299865722656,337.0,7254900,16.040000915527344,4.25,4.58,5.26
2026-09-30,330.8299865722656,336.3399963378906,330.8299865722656,334.8900146484375,9113300,16.34000015258789,4.2,4.54,5.29
2026-10-01,333.17999267578125,333.5799865722656,325.8699951171875,328.75,8160000,16.389999389648438,4.17,4.44,5.24
2026-10-02,332.3800048828125,334.8500061035156,330.0,334.0,6658200,15.3100004196167,4.17,4.44,5.24
